{
    "id": 778,
    "name": "726.wav",
    "original_rms": 0.04316198080778122,
    "original_duration": 5.376,
    "mfccs": [
        -345.3492736816406,
        64.50013732910156,
        -4.921368598937988,
        15.111757278442383,
        -2.5116872787475586,
        0.7026697397232056,
        -2.8975954055786133,
        1.1742970943450928,
        -2.3248138427734375,
        -10.086823463439941,
        -11.719425201416016,
        -8.463500022888184,
        -2.063936948776245
    ],
    "date_created": "2024-06-09T03:47:46.296389"
}