{
    "id": 515,
    "name": "52.wav",
    "original_rms": 0.0403253436088562,
    "original_duration": 8.576,
    "mfccs": [
        -276.3487243652344,
        77.98094177246094,
        -26.216609954833984,
        18.44624137878418,
        -11.40211009979248,
        12.186277389526367,
        -0.4714306890964508,
        16.493066787719727,
        5.681984901428223,
        12.4893217086792,
        -3.5576210021972656,
        8.013435363769531,
        -1.1113409996032715
    ],
    "date_created": "2024-06-09T03:47:46.248207"
}