{
    "id": 729,
    "name": "607.wav",
    "original_rms": 0.08924601972103119,
    "original_duration": 6.4,
    "mfccs": [
        -284.4394226074219,
        134.7407989501953,
        -13.972970008850098,
        31.76177406311035,
        -42.641334533691406,
        10.355835914611816,
        -22.685338973999023,
        -3.252856492996216,
        -4.4062886238098145,
        5.9639573097229,
        9.210542678833008,
        -9.285680770874023,
        14.038196563720703
    ],
    "date_created": "2024-06-09T03:47:46.089491"
}