{
    "id": 744,
    "name": "1103.wav",
    "original_rms": 0.059443581849336624,
    "original_duration": 5.248,
    "mfccs": [
        -299.7387390136719,
        102.21675872802734,
        -2.0261759757995605,
        30.481647491455078,
        -19.703964233398438,
        -15.037506103515625,
        -16.385089874267578,
        -5.282602310180664,
        -10.537291526794434,
        0.9986243844032288,
        -0.9083083868026733,
        -10.900249481201172,
        -3.825793981552124
    ],
    "date_created": "2024-06-09T03:47:46.306998"
}