{
    "id": 27,
    "name": "2047.wav",
    "original_rms": 0.050037410110235214,
    "original_duration": 6.656,
    "mfccs": [
        -228.62803649902344,
        85.28555297851562,
        -12.261228561401367,
        22.425979614257812,
        -8.496273040771484,
        -0.546529233455658,
        -4.5729851722717285,
        5.195601940155029,
        7.276566028594971,
        1.4717061519622803,
        -0.8746246695518494,
        -2.608412504196167,
        1.8059571981430054
    ],
    "date_created": "2024-06-09T03:47:46.270936"
}