{
    "id": 100,
    "name": "1469.wav",
    "original_rms": 0.05291980132460594,
    "original_duration": 12.224,
    "mfccs": [
        -320.2576904296875,
        110.12186431884766,
        7.187321186065674,
        -3.2465555667877197,
        -2.7311465740203857,
        -8.79163646697998,
        -22.468103408813477,
        6.97061824798584,
        -11.990571975708008,
        0.1346379667520523,
        -8.578696250915527,
        -5.060293197631836,
        -3.664496660232544
    ],
    "date_created": "2024-06-09T03:47:45.977766"
}