{
    "id": 356,
    "name": "520.wav",
    "original_rms": 0.16563744843006134,
    "original_duration": 6.784,
    "mfccs": [
        -269.9468688964844,
        87.9414291381836,
        19.324968338012695,
        15.35033130645752,
        -17.970781326293945,
        -9.606682777404785,
        -15.373370170593262,
        -7.990256309509277,
        -7.383650779724121,
        11.521317481994629,
        -8.14671802520752,
        6.240044593811035,
        -5.848480224609375
    ],
    "date_created": "2024-06-09T03:47:46.303598"
}