{
    "id": 625,
    "name": "684.wav",
    "original_rms": 0.0903705433011055,
    "original_duration": 5.184,
    "mfccs": [
        -239.64031982421875,
        72.05823516845703,
        -36.34269714355469,
        19.484161376953125,
        -14.416748046875,
        4.023324966430664,
        -27.878156661987305,
        20.87624168395996,
        -16.908903121948242,
        0.28113850951194763,
        2.7525272369384766,
        -9.69202995300293,
        7.336186408996582
    ],
    "date_created": "2024-06-09T03:47:46.290752"
}