{
    "id": 280,
    "name": "205.wav",
    "original_rms": 0.11206240952014923,
    "original_duration": 6.272,
    "mfccs": [
        -177.90187072753906,
        82.64199829101562,
        -8.559741020202637,
        15.056056022644043,
        -9.543272018432617,
        5.0514936447143555,
        -8.0084810256958,
        0.2571137547492981,
        1.6957393884658813,
        0.6900747418403625,
        3.5996055603027344,
        -8.779852867126465,
        0.7670227289199829
    ],
    "date_created": "2024-06-09T03:47:46.139923"
}