{
    "id": 149,
    "name": "1570.wav",
    "original_rms": 0.04524669796228409,
    "original_duration": 8.96,
    "mfccs": [
        -281.9812927246094,
        52.61433792114258,
        -18.700847625732422,
        25.549776077270508,
        -41.99185562133789,
        -5.969966411590576,
        -21.271108627319336,
        7.3939714431762695,
        -8.875816345214844,
        -3.3027780055999756,
        1.483664870262146,
        -14.925707817077637,
        5.570187091827393
    ],
    "date_created": "2024-06-09T03:47:46.246743"
}