{
    "id": 326,
    "name": "129.wav",
    "original_rms": 0.04773571714758873,
    "original_duration": 6.016,
    "mfccs": [
        -264.4668273925781,
        76.86105346679688,
        16.751924514770508,
        35.92902755737305,
        5.36655855178833,
        -5.137818336486816,
        -9.63580322265625,
        -11.19852352142334,
        -6.444701671600342,
        -7.764858245849609,
        -4.659277439117432,
        0.07655293494462967,
        4.293185710906982
    ],
    "date_created": "2024-06-09T03:47:46.002941"
}