{
    "id": 263,
    "name": "1138.wav",
    "original_rms": 0.04732351377606392,
    "original_duration": 6.144,
    "mfccs": [
        -322.0171203613281,
        107.6263427734375,
        -1.799523949623108,
        10.892417907714844,
        17.784990310668945,
        -24.79670524597168,
        -10.452512741088867,
        -4.100399971008301,
        -13.51848030090332,
        -6.349637985229492,
        -2.9380881786346436,
        -4.543444633483887,
        -4.366734981536865
    ],
    "date_created": "2024-06-09T03:47:46.283005"
}