{
    "id": 851,
    "name": "14.wav",
    "original_rms": 0.05116685479879379,
    "original_duration": 6.08,
    "mfccs": [
        -310.1596984863281,
        46.92021942138672,
        -28.748693466186523,
        -16.912256240844727,
        -32.815185546875,
        -21.405288696289062,
        -14.439504623413086,
        -8.486650466918945,
        1.6785506010055542,
        -12.203893661499023,
        -10.550812721252441,
        -13.755663871765137,
        -14.008151054382324
    ],
    "date_created": "2024-06-09T03:47:46.004500"
}