{
    "id": 181,
    "name": "1710.wav",
    "original_rms": 0.09079205989837646,
    "original_duration": 14.72,
    "mfccs": [
        -341.557861328125,
        97.7427978515625,
        14.09742259979248,
        23.018980026245117,
        -13.684163093566895,
        -16.476804733276367,
        -21.190488815307617,
        -1.9341232776641846,
        -2.3340322971343994,
        -2.0369162559509277,
        -1.5643937587738037,
        0.5350483059883118,
        0.33846405148506165
    ],
    "date_created": "2024-06-09T03:47:46.319601"
}