{
    "id": 546,
    "name": "841.wav",
    "original_rms": 0.04003492742776871,
    "original_duration": 11.968,
    "mfccs": [
        -298.94000244140625,
        131.4377899169922,
        -18.78049659729004,
        19.76103973388672,
        -28.612503051757812,
        -14.245182037353516,
        -10.730923652648926,
        -16.881746292114258,
        4.727319240570068,
        -6.1226654052734375,
        2.628122568130493,
        -5.354806900024414,
        -0.31333640217781067
    ],
    "date_created": "2024-06-09T03:47:45.994022"
}