{
    "id": 447,
    "name": "2247.wav",
    "original_rms": 0.049682214856147766,
    "original_duration": 10.56,
    "mfccs": [
        -222.02047729492188,
        67.10043334960938,
        -41.42449188232422,
        2.359137773513794,
        -30.641448974609375,
        -18.592559814453125,
        -18.462846755981445,
        -22.08100700378418,
        -8.663398742675781,
        -12.448326110839844,
        -11.586899757385254,
        -11.59469985961914,
        -14.286147117614746
    ],
    "date_created": "2024-06-09T03:47:46.245392"
}