{
    "id": 457,
    "name": "62.wav",
    "original_rms": 0.043523892760276794,
    "original_duration": 7.936,
    "mfccs": [
        -300.2652282714844,
        89.20021057128906,
        -27.897930145263672,
        25.136764526367188,
        -20.65981101989746,
        -13.777337074279785,
        -17.43646812438965,
        -6.957916259765625,
        0.49268123507499695,
        -2.2439568042755127,
        -4.141634464263916,
        -11.498559951782227,
        -0.34583577513694763
    ],
    "date_created": "2024-06-09T03:47:46.103185"
}