{
    "id": 493,
    "name": "2011.wav",
    "original_rms": 0.04505707696080208,
    "original_duration": 7.168,
    "mfccs": [
        -277.38934326171875,
        76.79369354248047,
        12.145042419433594,
        21.32025718688965,
        -14.193958282470703,
        -17.25599479675293,
        -14.293128967285156,
        -0.10160496830940247,
        -19.211292266845703,
        3.9035274982452393,
        -6.610292434692383,
        1.408363699913025,
        -0.6252374053001404
    ],
    "date_created": "2024-06-09T03:47:46.074345"
}