{
    "id": 468,
    "name": "1635.wav",
    "original_rms": 0.0531187541782856,
    "original_duration": 9.088,
    "mfccs": [
        -317.8206481933594,
        83.84234619140625,
        -20.724292755126953,
        14.474367141723633,
        -29.46925163269043,
        -17.246387481689453,
        -20.326566696166992,
        -10.094768524169922,
        -10.449074745178223,
        -1.1907758712768555,
        -4.516302108764648,
        -8.914207458496094,
        -3.033663511276245
    ],
    "date_created": "2024-06-09T03:47:46.085358"
}