{
    "id": 667,
    "name": "298.wav",
    "original_rms": 0.07962075620889664,
    "original_duration": 11.456,
    "mfccs": [
        -269.0123291015625,
        81.4229965209961,
        25.309696197509766,
        23.087310791015625,
        -18.114477157592773,
        -24.587894439697266,
        -16.676801681518555,
        1.1121712923049927,
        -3.231297254562378,
        -5.411545276641846,
        -10.641081809997559,
        3.7890167236328125,
        -2.1482200622558594
    ],
    "date_created": "2024-06-09T03:47:46.015707"
}