{
    "id": 191,
    "name": "1585.wav",
    "original_rms": 0.0479649156332016,
    "original_duration": 5.504,
    "mfccs": [
        -274.7037353515625,
        58.25563430786133,
        29.670381546020508,
        34.26358413696289,
        6.353402137756348,
        -1.7706061601638794,
        -2.0291876792907715,
        0.12510651350021362,
        -5.242722034454346,
        -1.0480079650878906,
        -6.888118267059326,
        0.8267268538475037,
        -2.4356651306152344
    ],
    "date_created": "2024-06-09T03:47:46.144319"
}