{
    "id": 14,
    "name": "1864.wav",
    "original_rms": 0.08139815926551819,
    "original_duration": 5.696,
    "mfccs": [
        -284.937255859375,
        70.90617370605469,
        6.433150768280029,
        9.358516693115234,
        -0.6854912042617798,
        -22.6700439453125,
        -23.200742721557617,
        -16.7308292388916,
        -13.964761734008789,
        -9.797036170959473,
        -6.042200565338135,
        -5.207385063171387,
        -3.495269536972046
    ],
    "date_created": "2024-06-09T03:47:45.970902"
}