{
    "id": 674,
    "name": "1308.wav",
    "original_rms": 0.051440831273794174,
    "original_duration": 11.264,
    "mfccs": [
        -328.6031188964844,
        110.11312103271484,
        14.847506523132324,
        32.93267822265625,
        -15.45826244354248,
        -12.879528045654297,
        -5.187479496002197,
        2.6412932872772217,
        2.7833468914031982,
        4.15078067779541,
        1.5743725299835205,
        -4.540241241455078,
        1.0973875522613525
    ],
    "date_created": "2024-06-09T03:47:46.030725"
}