{
    "id": 274,
    "name": "692.wav",
    "original_rms": 0.04445316269993782,
    "original_duration": 5.696,
    "mfccs": [
        -279.5612487792969,
        74.56766510009766,
        24.43104362487793,
        -4.039122581481934,
        -19.34134292602539,
        2.807659149169922,
        -3.851738929748535,
        0.7323973178863525,
        -3.745556592941284,
        8.57424259185791,
        -0.9235934019088745,
        -2.2764487266540527,
        8.443241119384766
    ],
    "date_created": "2024-06-09T03:47:46.284005"
}