{
    "id": 60,
    "name": "69.wav",
    "original_rms": 0.0788855254650116,
    "original_duration": 12.352,
    "mfccs": [
        -245.03160095214844,
        81.50477600097656,
        -34.885040283203125,
        23.079809188842773,
        -30.09221076965332,
        -10.756752014160156,
        -16.093276977539062,
        -9.348061561584473,
        -10.503901481628418,
        -13.181705474853516,
        1.5457565784454346,
        -14.483443260192871,
        -8.314146995544434
    ],
    "date_created": "2024-06-09T03:47:46.216103"
}