{
    "id": 564,
    "name": "1117.wav",
    "original_rms": 0.0583176352083683,
    "original_duration": 10.688,
    "mfccs": [
        -214.22415161132812,
        79.60794067382812,
        -14.883872985839844,
        21.903244018554688,
        -1.4011704921722412,
        -11.430578231811523,
        4.5117621421813965,
        -0.09863986074924469,
        0.2713871896266937,
        0.00305659300647676,
        2.705371141433716,
        -5.52363395690918,
        -0.6323773264884949
    ],
    "date_created": "2024-06-09T03:47:46.307783"
}