{
    "id": 443,
    "name": "959.wav",
    "original_rms": 0.2371446043252945,
    "original_duration": 6.528,
    "mfccs": [
        -322.20977783203125,
        116.70580291748047,
        -14.020322799682617,
        -7.902480602264404,
        -15.857512474060059,
        -14.949943542480469,
        -12.677042007446289,
        4.006221771240234,
        -6.79931640625,
        0.5036515593528748,
        -8.526618003845215,
        -1.685442328453064,
        -2.725334882736206
    ],
    "date_created": "2024-06-09T03:47:46.260502"
}