{
    "id": 330,
    "name": "1411.wav",
    "original_rms": 0.09673173725605011,
    "original_duration": 5.312,
    "mfccs": [
        -222.61907958984375,
        88.58060455322266,
        -22.873498916625977,
        18.469350814819336,
        -14.513382911682129,
        8.245201110839844,
        -6.310790061950684,
        0.02647811733186245,
        4.291337490081787,
        1.7270464897155762,
        -2.5163044929504395,
        -14.455862045288086,
        -2.4104340076446533
    ],
    "date_created": "2024-06-09T03:47:46.252555"
}