{
    "id": 369,
    "name": "985.wav",
    "original_rms": 0.07139518111944199,
    "original_duration": 5.184,
    "mfccs": [
        -300.4338684082031,
        103.20913696289062,
        1.5853936672210693,
        21.136276245117188,
        -2.994462490081787,
        -14.321598052978516,
        -15.952841758728027,
        11.336152076721191,
        0.909563422203064,
        1.688197374343872,
        3.867500066757202,
        -4.506513595581055,
        -0.9227210283279419
    ],
    "date_created": "2024-06-09T03:47:46.138760"
}