{
    "id": 124,
    "name": "220.wav",
    "original_rms": 0.09291805326938629,
    "original_duration": 5.44,
    "mfccs": [
        -320.01318359375,
        60.440608978271484,
        -14.071550369262695,
        -1.168790340423584,
        -4.882384300231934,
        -12.163159370422363,
        -7.783686637878418,
        -7.212716579437256,
        -3.4197185039520264,
        -14.753950119018555,
        -15.235329627990723,
        -3.4001612663269043,
        -6.633291244506836
    ],
    "date_created": "2024-06-09T03:47:46.222411"
}