{
    "id": 19,
    "name": "1255.wav",
    "original_rms": 0.08756514638662338,
    "original_duration": 7.424,
    "mfccs": [
        -253.29908752441406,
        70.26158142089844,
        -26.032882690429688,
        30.644241333007812,
        -6.784172534942627,
        -11.744483947753906,
        -1.42497980594635,
        7.567317485809326,
        -1.9643486738204956,
        -1.6144143342971802,
        -13.647754669189453,
        -0.26740357279777527,
        -8.65015697479248
    ],
    "date_created": "2024-06-09T03:47:46.039027"
}