{
    "id": 846,
    "name": "13.wav",
    "original_rms": 0.04266785457730293,
    "original_duration": 7.552,
    "mfccs": [
        -307.2525939941406,
        83.25772094726562,
        22.615314483642578,
        21.774412155151367,
        -1.6671066284179688,
        1.0916064977645874,
        -5.467687129974365,
        2.263099193572998,
        -0.8114567995071411,
        4.141133785247803,
        -6.244133472442627,
        2.5265634059906006,
        -0.6929506659507751
    ],
    "date_created": "2024-06-09T03:47:46.059702"
}