{
    "id": 658,
    "name": "1738.wav",
    "original_rms": 0.0865207314491272,
    "original_duration": 7.232,
    "mfccs": [
        -304.4449768066406,
        132.8171844482422,
        -7.8611602783203125,
        6.4339141845703125,
        -23.82328224182129,
        0.8997466564178467,
        -9.57945442199707,
        3.504061460494995,
        -3.9854636192321777,
        -0.591659426689148,
        -4.364566326141357,
        -0.7328819632530212,
        -2.344684362411499
    ],
    "date_created": "2024-06-09T03:47:46.316633"
}