{
    "id": 390,
    "name": "1283.wav",
    "original_rms": 0.06754497438669205,
    "original_duration": 6.912,
    "mfccs": [
        -209.7978973388672,
        62.136383056640625,
        -10.300860404968262,
        18.80115509033203,
        -19.53592300415039,
        1.1838582754135132,
        -24.17938804626465,
        -1.9212121963500977,
        -4.368566036224365,
        -4.007302761077881,
        -6.666043758392334,
        1.0653610229492188,
        -5.142240047454834
    ],
    "date_created": "2024-06-09T03:47:46.021182"
}