{
    "id": 535,
    "name": "598.wav",
    "original_rms": 0.05312435328960419,
    "original_duration": 10.112,
    "mfccs": [
        -224.7580108642578,
        110.0822525024414,
        -27.85106086730957,
        24.64534568786621,
        -1.548226237297058,
        2.6901822090148926,
        -18.932954788208008,
        2.236835241317749,
        3.3260960578918457,
        -0.2437727153301239,
        4.463572978973389,
        0.09011121839284897,
        -4.746551036834717
    ],
    "date_created": "2024-06-09T03:47:46.096905"
}