{
    "id": 604,
    "name": "1778.wav",
    "original_rms": 0.04138163849711418,
    "original_duration": 5.696,
    "mfccs": [
        -275.1661071777344,
        106.97989654541016,
        -24.47176742553711,
        23.057899475097656,
        -12.125341415405273,
        -3.2376744747161865,
        -1.4556437730789185,
        3.6757960319519043,
        8.918708801269531,
        5.44928503036499,
        0.06959213316440582,
        -4.490836143493652,
        -0.14901013672351837
    ],
    "date_created": "2024-06-09T03:47:46.140790"
}