{
    "id": 299,
    "name": "2030.wav",
    "original_rms": 0.10409070551395416,
    "original_duration": 5.568,
    "mfccs": [
        -327.0251770019531,
        123.80040740966797,
        11.369158744812012,
        10.702425003051758,
        -3.664842367172241,
        -4.175523281097412,
        -12.068760871887207,
        -5.537975788116455,
        -6.781515121459961,
        -9.07306957244873,
        -5.886139392852783,
        -3.7921695709228516,
        -2.4998815059661865
    ],
    "date_created": "2024-06-09T03:47:46.333090"
}