{
    "id": 35,
    "name": "1239.wav",
    "original_rms": 0.06189624220132828,
    "original_duration": 5.504,
    "mfccs": [
        -246.52413940429688,
        46.425079345703125,
        3.845510244369507,
        24.48869514465332,
        -18.087169647216797,
        -4.634070873260498,
        -18.26314353942871,
        -5.725624084472656,
        -15.797597885131836,
        -10.9000244140625,
        -13.555657386779785,
        -8.60937786102295,
        -9.9450044631958
    ],
    "date_created": "2024-06-09T03:47:46.218304"
}