{
    "id": 678,
    "name": "262.wav",
    "original_rms": 0.06510105729103088,
    "original_duration": 13.696,
    "mfccs": [
        -267.6142883300781,
        90.37567138671875,
        -7.835208415985107,
        5.584896087646484,
        11.990665435791016,
        -9.238616943359375,
        1.0426721572875977,
        7.349640369415283,
        4.979604244232178,
        5.420487403869629,
        -2.376616954803467,
        -3.2778518199920654,
        -0.01622883975505829
    ],
    "date_created": "2024-06-09T03:47:45.987319"
}