{
    "id": 575,
    "name": "1715.wav",
    "original_rms": 0.06047387048602104,
    "original_duration": 8.32,
    "mfccs": [
        -365.5037841796875,
        163.9603271484375,
        5.63165807723999,
        34.850772857666016,
        4.725717544555664,
        -10.686087608337402,
        -4.4037909507751465,
        -2.1112959384918213,
        -4.0311079025268555,
        0.6232286095619202,
        -4.23451042175293,
        -1.2561719417572021,
        1.5462850332260132
    ],
    "date_created": "2024-06-09T03:47:46.299709"
}