{
    "id": 544,
    "name": "2074.wav",
    "original_rms": 0.06873908638954163,
    "original_duration": 9.792,
    "mfccs": [
        -242.68685913085938,
        63.81558609008789,
        -22.145360946655273,
        4.299057960510254,
        -24.302867889404297,
        -13.857651710510254,
        -29.357421875,
        -4.394402027130127,
        -14.571602821350098,
        -14.932380676269531,
        -10.396371841430664,
        -20.86172866821289,
        -1.7563183307647705
    ],
    "date_created": "2024-06-09T03:47:46.126426"
}