{
    "id": 456,
    "name": "1267.wav",
    "original_rms": 0.07466354221105576,
    "original_duration": 5.376,
    "mfccs": [
        -310.2113952636719,
        146.5810089111328,
        -22.84642791748047,
        6.6324005126953125,
        -12.019949913024902,
        -10.289746284484863,
        -8.122485160827637,
        -6.504507064819336,
        -4.063761234283447,
        -3.490286350250244,
        -3.1567583084106445,
        -1.202282190322876,
        -5.522182941436768
    ],
    "date_created": "2024-06-09T03:47:46.276426"
}