{
    "id": 510,
    "name": "334.wav",
    "original_rms": 0.19009973108768463,
    "original_duration": 7.296,
    "mfccs": [
        -233.905029296875,
        81.25287628173828,
        -6.501854419708252,
        12.509228706359863,
        -39.86507034301758,
        -14.983656883239746,
        -27.85063934326172,
        -20.004243850708008,
        -9.610496520996094,
        -11.484729766845703,
        -2.819552421569824,
        -16.752382278442383,
        -8.084250450134277
    ],
    "date_created": "2024-06-09T03:47:46.281651"
}