{
    "id": 609,
    "name": "427.wav",
    "original_rms": 0.04178915172815323,
    "original_duration": 11.52,
    "mfccs": [
        -245.72120666503906,
        62.14826202392578,
        -25.09840965270996,
        -7.740483283996582,
        -29.653684616088867,
        -22.567672729492188,
        -21.7926025390625,
        -9.582874298095703,
        -14.702007293701172,
        -4.4176344871521,
        -15.671354293823242,
        -11.25652027130127,
        -9.243610382080078
    ],
    "date_created": "2024-06-09T03:47:46.236648"
}