{
    "id": 74,
    "name": "1606.wav",
    "original_rms": 0.23450131714344025,
    "original_duration": 5.376,
    "mfccs": [
        -314.5815734863281,
        105.62415313720703,
        -48.52131271362305,
        55.90409851074219,
        -42.14750289916992,
        5.458672046661377,
        -23.214313507080078,
        -1.6420408487319946,
        -9.388321876525879,
        -6.237305164337158,
        1.8424389362335205,
        -14.954237937927246,
        6.213991165161133
    ],
    "date_created": "2024-06-09T03:47:46.249598"
}