{
    "id": 170,
    "name": "674.wav",
    "original_rms": 0.048971109092235565,
    "original_duration": 5.568,
    "mfccs": [
        -225.7096405029297,
        85.35372924804688,
        -23.892765045166016,
        12.19011402130127,
        -16.184446334838867,
        -7.75325870513916,
        -26.755844116210938,
        -2.7921173572540283,
        -7.67059850692749,
        -6.631624221801758,
        -4.629611492156982,
        -10.568021774291992,
        -2.6565685272216797
    ],
    "date_created": "2024-06-09T03:47:46.060467"
}