{
    "id": 213,
    "name": "2110.wav",
    "original_rms": 0.04837191477417946,
    "original_duration": 6.016,
    "mfccs": [
        -272.01263427734375,
        169.51766967773438,
        -38.23095703125,
        37.71516799926758,
        3.645570755004883,
        -9.802275657653809,
        -16.013347625732422,
        -20.98931884765625,
        -2.474256992340088,
        8.583401679992676,
        -2.0916011333465576,
        -12.484737396240234,
        -8.370726585388184
    ],
    "date_created": "2024-06-09T03:47:46.132819"
}