{
    "id": 67,
    "name": "1254.wav",
    "original_rms": 0.06837178766727448,
    "original_duration": 6.144,
    "mfccs": [
        -183.28909301757812,
        61.98310470581055,
        -61.492767333984375,
        -1.7140594720840454,
        -27.66722869873047,
        -15.57819652557373,
        -28.82948112487793,
        -12.48575210571289,
        -9.847077369689941,
        -4.231542587280273,
        -8.165121078491211,
        -14.21668529510498,
        1.121618390083313
    ],
    "date_created": "2024-06-09T03:47:46.019092"
}