{
    "id": 596,
    "name": "2131.wav",
    "original_rms": 0.05882149562239647,
    "original_duration": 14.848,
    "mfccs": [
        -262.9490051269531,
        73.63568878173828,
        14.056758880615234,
        -11.842283248901367,
        -15.200291633605957,
        0.4207707345485687,
        -20.69118881225586,
        -2.5585858821868896,
        -8.432230949401855,
        -5.728597164154053,
        -9.067011833190918,
        -7.334835052490234,
        -8.369294166564941
    ],
    "date_created": "2024-06-09T03:47:46.248400"
}