{
    "id": 204,
    "name": "611.wav",
    "original_rms": 0.0647881031036377,
    "original_duration": 5.184,
    "mfccs": [
        -258.369873046875,
        95.30455017089844,
        12.41504955291748,
        7.819839000701904,
        -3.620898962020874,
        -3.648746967315674,
        -10.215898513793945,
        -7.602891445159912,
        1.3741658926010132,
        1.1673799753189087,
        -8.858331680297852,
        -7.07866907119751,
        -2.078429698944092
    ],
    "date_created": "2024-06-09T03:47:46.104092"
}