{
    "id": 403,
    "name": "580.wav",
    "original_rms": 0.10154494643211365,
    "original_duration": 6.784,
    "mfccs": [
        -212.1524200439453,
        66.85331726074219,
        -15.809560775756836,
        25.700702667236328,
        -24.71408462524414,
        -2.923414707183838,
        -21.607938766479492,
        -11.128425598144531,
        -12.01968765258789,
        -11.350090026855469,
        -0.9198015332221985,
        -14.961655616760254,
        -0.5745345950126648
    ],
    "date_created": "2024-06-09T03:47:46.244047"
}