{
    "id": 764,
    "name": "1272.wav",
    "original_rms": 0.11705495417118073,
    "original_duration": 22.528,
    "mfccs": [
        -299.4325866699219,
        116.80729675292969,
        27.670251846313477,
        35.86384201049805,
        -0.7864704728126526,
        8.540565490722656,
        9.726055145263672,
        0.6189154386520386,
        9.37724494934082,
        -9.782443046569824,
        4.609375953674316,
        -6.845640182495117,
        3.9960649013519287
    ],
    "date_created": "2024-06-09T03:47:46.285783"
}