{
    "id": 793,
    "name": "2237.wav",
    "original_rms": 0.06186654418706894,
    "original_duration": 6.208,
    "mfccs": [
        -278.04656982421875,
        105.77738189697266,
        -11.863568305969238,
        13.94554615020752,
        -8.582477569580078,
        -18.778545379638672,
        -13.629840850830078,
        -6.047909736633301,
        -12.853873252868652,
        -9.787092208862305,
        -13.61707878112793,
        -13.675585746765137,
        -8.039873123168945
    ],
    "date_created": "2024-06-09T03:47:46.288278"
}