{
    "id": 452,
    "name": "1856.wav",
    "original_rms": 0.12952680885791779,
    "original_duration": 11.712,
    "mfccs": [
        -216.5092010498047,
        11.661892890930176,
        -9.709115028381348,
        26.614456176757812,
        -5.764081001281738,
        -11.359453201293945,
        -17.560516357421875,
        3.326800584793091,
        -12.698062896728516,
        5.0568037033081055,
        -13.422680854797363,
        -2.577601194381714,
        -6.304599761962891
    ],
    "date_created": "2024-06-09T03:47:46.308645"
}