{
    "id": 29,
    "name": "1094.wav",
    "original_rms": 0.050625089555978775,
    "original_duration": 6.784,
    "mfccs": [
        -289.02484130859375,
        84.92152404785156,
        4.577048301696777,
        9.45428466796875,
        -26.60127067565918,
        -1.0098429918289185,
        -29.225927352905273,
        -13.19788932800293,
        -3.961782217025757,
        0.38804909586906433,
        -2.374760627746582,
        -1.3435865640640259,
        -2.342559814453125
    ],
    "date_created": "2024-06-09T03:47:46.048185"
}