{
    "id": 416,
    "name": "950.wav",
    "original_rms": 0.07285328209400177,
    "original_duration": 5.952,
    "mfccs": [
        -319.700927734375,
        109.20358276367188,
        9.853676795959473,
        22.062807083129883,
        -7.4120283126831055,
        -9.092181205749512,
        -14.15168285369873,
        -17.32827377319336,
        -11.041547775268555,
        -22.666606903076172,
        -9.640323638916016,
        -10.079484939575195,
        -3.95979642868042
    ],
    "date_created": "2024-06-09T03:47:46.143950"
}