{
    "id": 397,
    "name": "2054.wav",
    "original_rms": 0.042100995779037476,
    "original_duration": 6.528,
    "mfccs": [
        -262.0571594238281,
        75.41967010498047,
        -34.965789794921875,
        16.626888275146484,
        -30.09611701965332,
        -1.9525784254074097,
        -21.617334365844727,
        4.866880416870117,
        -1.4175101518630981,
        -3.2054364681243896,
        -3.0243566036224365,
        -9.636427879333496,
        -0.5479286313056946
    ],
    "date_created": "2024-06-09T03:47:46.232925"
}