{
    "id": 210,
    "name": "1591.wav",
    "original_rms": 0.13075751066207886,
    "original_duration": 12.288,
    "mfccs": [
        -287.7688903808594,
        112.91184997558594,
        -23.372182846069336,
        36.98003387451172,
        -10.000370025634766,
        1.9669045209884644,
        -30.810829162597656,
        -19.205230712890625,
        -6.1931023597717285,
        -2.9546408653259277,
        -13.203241348266602,
        -0.853723406791687,
        1.0016988515853882
    ],
    "date_created": "2024-06-09T03:47:46.144932"
}