{
    "id": 780,
    "name": "1013.wav",
    "original_rms": 0.05453517660498619,
    "original_duration": 5.312,
    "mfccs": [
        -281.2143859863281,
        56.129066467285156,
        -14.400235176086426,
        13.938153266906738,
        -17.586774826049805,
        -0.13287732005119324,
        -4.611320972442627,
        2.8838212490081787,
        -10.238661766052246,
        -10.708574295043945,
        -5.912355899810791,
        -12.09669303894043,
        -2.5172533988952637
    ],
    "date_created": "2024-06-09T03:47:46.220030"
}