{
    "id": 632,
    "name": "1714.wav",
    "original_rms": 0.05790818855166435,
    "original_duration": 9.216,
    "mfccs": [
        -285.0301513671875,
        88.13725280761719,
        -10.324460983276367,
        23.410480499267578,
        -20.480079650878906,
        -1.3217617273330688,
        -18.31696319580078,
        -13.063284873962402,
        -9.738024711608887,
        -6.92852258682251,
        -8.813207626342773,
        -6.317981719970703,
        2.518261671066284
    ],
    "date_created": "2024-06-09T03:47:46.288643"
}