{
    "id": 387,
    "name": "1089.wav",
    "original_rms": 0.13028840720653534,
    "original_duration": 7.296,
    "mfccs": [
        -278.14892578125,
        71.44781494140625,
        0.04413502663373947,
        13.251953125,
        -36.69089126586914,
        -21.15797996520996,
        -20.24947738647461,
        -18.468168258666992,
        -13.979137420654297,
        -12.043085098266602,
        -19.4086971282959,
        -10.656108856201172,
        -6.593096733093262
    ],
    "date_created": "2024-06-09T03:47:46.315128"
}