{
    "id": 53,
    "name": "2228.wav",
    "original_rms": 0.09579881280660629,
    "original_duration": 7.232,
    "mfccs": [
        -275.5657958984375,
        65.92329406738281,
        -29.966249465942383,
        28.73729133605957,
        -36.78829574584961,
        -12.959664344787598,
        -31.603120803833008,
        -23.44899559020996,
        -2.9552342891693115,
        -11.640615463256836,
        -6.918326377868652,
        -14.190692901611328,
        7.164401531219482
    ],
    "date_created": "2024-06-09T03:47:45.985765"
}