{
    "id": 182,
    "name": "2195.wav",
    "original_rms": 0.19601427018642426,
    "original_duration": 12.992,
    "mfccs": [
        -277.9303894042969,
        60.29472351074219,
        34.73958206176758,
        29.24104881286621,
        9.571529388427734,
        -9.718998908996582,
        -5.429300308227539,
        7.847670078277588,
        -3.48905873298645,
        7.829750061035156,
        5.974538803100586,
        -0.5834159851074219,
        6.358215808868408
    ],
    "date_created": "2024-06-09T03:47:46.295470"
}