{
    "id": 578,
    "name": "215.wav",
    "original_rms": 0.05508764460682869,
    "original_duration": 5.184,
    "mfccs": [
        -282.9507751464844,
        103.106201171875,
        -22.77669334411621,
        8.338134765625,
        -8.683808326721191,
        -3.9781665802001953,
        -8.107083320617676,
        1.1707350015640259,
        -10.166072845458984,
        -0.44278672337532043,
        -4.007867813110352,
        -2.098527431488037,
        -0.524863600730896
    ],
    "date_created": "2024-06-09T03:47:46.099339"
}