{
    "id": 679,
    "name": "1568.wav",
    "original_rms": 0.045038916170597076,
    "original_duration": 5.12,
    "mfccs": [
        -241.38694763183594,
        85.48052215576172,
        -47.07126235961914,
        10.906617164611816,
        -23.45608901977539,
        -12.9160795211792,
        -23.72687339782715,
        -8.317474365234375,
        -12.093180656433105,
        -4.041835308074951,
        -1.2998689413070679,
        -7.251097679138184,
        2.4255292415618896
    ],
    "date_created": "2024-06-09T03:47:46.100305"
}