{
    "id": 93,
    "name": "1652.wav",
    "original_rms": 0.053457703441381454,
    "original_duration": 17.92,
    "mfccs": [
        -260.8435363769531,
        109.91191101074219,
        -33.26480484008789,
        23.188644409179688,
        -17.7050838470459,
        -5.206707954406738,
        -14.931015968322754,
        -11.064502716064453,
        3.409653902053833,
        -5.759338855743408,
        15.088021278381348,
        -15.905926704406738,
        9.17516040802002
    ],
    "date_created": "2024-06-09T03:47:46.069217"
}