{
    "id": 451,
    "name": "1052.wav",
    "original_rms": 0.04828015714883804,
    "original_duration": 10.304,
    "mfccs": [
        -240.30479431152344,
        78.1039047241211,
        -27.094820022583008,
        3.1727046966552734,
        -10.514518737792969,
        -0.3887457251548767,
        -1.0576914548873901,
        -11.5203857421875,
        9.792119026184082,
        -4.323954105377197,
        -4.756201267242432,
        4.632497787475586,
        -8.385478973388672
    ],
    "date_created": "2024-06-09T03:47:46.013550"
}