{
    "id": 415,
    "name": "2017.wav",
    "original_rms": 0.09803622961044312,
    "original_duration": 24.576,
    "mfccs": [
        -285.12939453125,
        82.8453598022461,
        -17.92093276977539,
        23.684694290161133,
        -34.083621978759766,
        -0.6597424149513245,
        -16.522560119628906,
        -2.923806667327881,
        -3.0148415565490723,
        -3.982165575027466,
        -1.536299228668213,
        -15.885608673095703,
        6.604255199432373
    ],
    "date_created": "2024-06-09T03:47:46.011793"
}