{
    "id": 607,
    "name": "1118.wav",
    "original_rms": 0.15718156099319458,
    "original_duration": 5.312,
    "mfccs": [
        -184.52740478515625,
        80.99790954589844,
        -23.67921257019043,
        21.52625274658203,
        -26.355649948120117,
        0.37253817915916443,
        -11.499495506286621,
        -2.6346874237060547,
        3.1636409759521484,
        -2.9441637992858887,
        -3.1482667922973633,
        -3.8026978969573975,
        -1.2687537670135498
    ],
    "date_created": "2024-06-09T03:47:45.962690"
}