{
    "id": 201,
    "name": "1316.wav",
    "original_rms": 0.07662902027368546,
    "original_duration": 9.28,
    "mfccs": [
        -251.58644104003906,
        100.68412780761719,
        -24.66995620727539,
        11.330379486083984,
        -21.464941024780273,
        9.671500205993652,
        -9.534507751464844,
        -22.483802795410156,
        -4.649281024932861,
        4.130465030670166,
        -2.7547848224639893,
        -14.068160057067871,
        -1.617233395576477
    ],
    "date_created": "2024-06-09T03:47:46.322362"
}