{
    "id": 654,
    "name": "1397.wav",
    "original_rms": 0.06382932513952255,
    "original_duration": 9.344,
    "mfccs": [
        -298.063720703125,
        95.49554443359375,
        0.8393790125846863,
        27.01082992553711,
        -10.359578132629395,
        -15.2648286819458,
        -13.1931791305542,
        -2.662135124206543,
        1.348414659500122,
        2.12319016456604,
        -7.048147201538086,
        -3.892437696456909,
        -0.1732340008020401
    ],
    "date_created": "2024-06-09T03:47:46.149010"
}