{
    "id": 9,
    "name": "1852.wav",
    "original_rms": 0.05472119152545929,
    "original_duration": 10.24,
    "mfccs": [
        -293.1632080078125,
        92.31745147705078,
        6.095578670501709,
        41.02802658081055,
        -7.924262523651123,
        -10.871956825256348,
        -7.719138145446777,
        -4.121297359466553,
        -1.6863298416137695,
        4.821780681610107,
        3.7183678150177,
        -1.8771729469299316,
        9.770000457763672
    ],
    "date_created": "2024-06-09T03:47:46.293728"
}