{
    "id": 279,
    "name": "2187.wav",
    "original_rms": 0.2204027771949768,
    "original_duration": 6.4,
    "mfccs": [
        -204.5639190673828,
        61.888126373291016,
        -2.7571070194244385,
        17.488632202148438,
        -8.061917304992676,
        9.383980751037598,
        -0.16972284018993378,
        3.538662910461426,
        1.2775330543518066,
        5.475966930389404,
        -4.683192729949951,
        7.587052345275879,
        -1.6612746715545654
    ],
    "date_created": "2024-06-09T03:47:46.330367"
}