{
    "id": 518,
    "name": "1439.wav",
    "original_rms": 0.08175105601549149,
    "original_duration": 5.184,
    "mfccs": [
        -239.27757263183594,
        81.78773498535156,
        -68.00154113769531,
        -3.750842332839966,
        -39.28744888305664,
        -1.7719539403915405,
        -27.04499053955078,
        -16.882659912109375,
        -12.158291816711426,
        -15.645581245422363,
        -4.024360656738281,
        -16.657455444335938,
        -8.172067642211914
    ],
    "date_created": "2024-06-09T03:47:46.252205"
}