{
    "id": 366,
    "name": "971.wav",
    "original_rms": 0.05454445257782936,
    "original_duration": 10.944,
    "mfccs": [
        -301.5546569824219,
        74.16187286376953,
        -24.682132720947266,
        -23.24380111694336,
        -25.20177459716797,
        -2.155362129211426,
        -23.599699020385742,
        -2.971621513366699,
        -19.574993133544922,
        -1.6839510202407837,
        -16.135501861572266,
        -4.6753363609313965,
        -8.501497268676758
    ],
    "date_created": "2024-06-09T03:47:46.261257"
}