{
    "id": 562,
    "name": "877.wav",
    "original_rms": 0.10031727701425552,
    "original_duration": 5.888,
    "mfccs": [
        -256.70947265625,
        67.6965560913086,
        -8.72642993927002,
        30.740921020507812,
        -8.522059440612793,
        -8.167215347290039,
        -12.848294258117676,
        1.9583996534347534,
        -2.0490288734436035,
        0.6606964468955994,
        -4.986746311187744,
        3.1201207637786865,
        -5.77819299697876
    ],
    "date_created": "2024-06-09T03:47:46.277974"
}