{
    "id": 480,
    "name": "30.wav",
    "original_rms": 0.04881924390792847,
    "original_duration": 9.472,
    "mfccs": [
        -246.12664794921875,
        93.35174560546875,
        -14.957611083984375,
        24.16376495361328,
        -4.930881977081299,
        -4.790090560913086,
        1.1316308975219727,
        4.53231954574585,
        -1.3918707370758057,
        -7.310343265533447,
        0.8653197288513184,
        -4.4255571365356445,
        -0.5491129755973816
    ],
    "date_created": "2024-06-09T03:47:46.312476"
}