{
    "id": 767,
    "name": "70.wav",
    "original_rms": 0.094441257417202,
    "original_duration": 7.616,
    "mfccs": [
        -220.94053649902344,
        74.25127410888672,
        -13.83758544921875,
        14.729060173034668,
        -6.771520137786865,
        -16.529314041137695,
        -5.143220901489258,
        2.592552661895752,
        -0.3103047311306,
        1.744155764579773,
        1.9665803909301758,
        -7.948116779327393,
        1.0550732612609863
    ],
    "date_created": "2024-06-09T03:47:46.148858"
}