{
    "id": 312,
    "name": "1489.wav",
    "original_rms": 0.07973317801952362,
    "original_duration": 19.52,
    "mfccs": [
        -303.86761474609375,
        79.90145111083984,
        -28.29596710205078,
        22.134815216064453,
        -29.408676147460938,
        -15.239477157592773,
        -21.589250564575195,
        -18.740665435791016,
        -4.995390892028809,
        -19.393138885498047,
        -3.631682872772217,
        -14.127616882324219,
        -5.6210246086120605
    ],
    "date_created": "2024-06-09T03:47:46.291319"
}