{
    "id": 539,
    "name": "554.wav",
    "original_rms": 0.05185580253601074,
    "original_duration": 6.016,
    "mfccs": [
        -282.5113830566406,
        90.44805145263672,
        -2.6453044414520264,
        28.867809295654297,
        1.0296531915664673,
        -10.8381929397583,
        -13.42525863647461,
        -3.458963394165039,
        -14.17467212677002,
        -6.333157062530518,
        -8.456891059875488,
        -2.9328126907348633,
        -2.7450671195983887
    ],
    "date_created": "2024-06-09T03:47:46.259157"
}