{
    "id": 281,
    "name": "1957.wav",
    "original_rms": 0.10864942520856857,
    "original_duration": 5.44,
    "mfccs": [
        -206.58811950683594,
        101.70880889892578,
        0.007362608797848225,
        14.237099647521973,
        -4.252649307250977,
        -10.854400634765625,
        -5.829466819763184,
        -16.674036026000977,
        1.8375256061553955,
        -8.60782527923584,
        -5.463156700134277,
        5.963798999786377,
        -3.1786651611328125
    ],
    "date_created": "2024-06-09T03:47:46.272163"
}