{
    "id": 499,
    "name": "969.wav",
    "original_rms": 0.18695373833179474,
    "original_duration": 6.592,
    "mfccs": [
        -277.5580749511719,
        107.45050048828125,
        -4.286617279052734,
        -22.762203216552734,
        -5.126387119293213,
        -33.79008102416992,
        -6.895361423492432,
        -13.23255443572998,
        -2.7343738079071045,
        -0.7611086964607239,
        -3.6895463466644287,
        -0.17783556878566742,
        -2.9659385681152344
    ],
    "date_created": "2024-06-09T03:47:46.081279"
}