{
    "id": 379,
    "name": "976.wav",
    "original_rms": 0.04354453459382057,
    "original_duration": 7.744,
    "mfccs": [
        -360.1982421875,
        127.61385345458984,
        11.9673490524292,
        -0.6674083471298218,
        0.18358208239078522,
        4.27538537979126,
        -9.441636085510254,
        12.448427200317383,
        -5.639297008514404,
        1.146511435508728,
        -7.643223285675049,
        -4.179607391357422,
        3.9362597465515137
    ],
    "date_created": "2024-06-09T03:47:46.241499"
}