{
    "id": 413,
    "name": "325.wav",
    "original_rms": 0.06799443066120148,
    "original_duration": 17.536,
    "mfccs": [
        -253.66107177734375,
        65.98355102539062,
        -57.7943115234375,
        2.3172078132629395,
        -41.94833755493164,
        -14.90548038482666,
        -28.963382720947266,
        -11.200461387634277,
        -11.31926441192627,
        -5.7539496421813965,
        -6.448061943054199,
        -14.465583801269531,
        -6.016359329223633
    ],
    "date_created": "2024-06-09T03:47:46.327171"
}