{
    "id": 591,
    "name": "1181.wav",
    "original_rms": 0.054064564406871796,
    "original_duration": 7.296,
    "mfccs": [
        -282.64361572265625,
        125.62736511230469,
        6.342261791229248,
        9.460967063903809,
        3.001513957977295,
        -18.606918334960938,
        -2.0901243686676025,
        -0.6197605729103088,
        0.40741345286369324,
        4.554069995880127,
        -4.803677558898926,
        -1.6903399229049683,
        -0.3260500729084015
    ],
    "date_created": "2024-06-09T03:47:46.150512"
}