{
    "id": 467,
    "name": "54.wav",
    "original_rms": 0.06783503293991089,
    "original_duration": 5.504,
    "mfccs": [
        -273.41436767578125,
        86.84065246582031,
        -35.24201965332031,
        29.846797943115234,
        -25.5779972076416,
        6.9517502784729,
        -13.387639045715332,
        19.019245147705078,
        -5.563332557678223,
        6.530855178833008,
        0.7237533926963806,
        -3.1746270656585693,
        9.298518180847168
    ],
    "date_created": "2024-06-09T03:47:46.189610"
}