{
    "id": 663,
    "name": "809.wav",
    "original_rms": 0.04579702392220497,
    "original_duration": 7.744,
    "mfccs": [
        -222.3920440673828,
        103.29762268066406,
        -21.446748733520508,
        7.634137153625488,
        -15.481728553771973,
        -10.448816299438477,
        -11.0045747756958,
        1.0217406749725342,
        -6.791035175323486,
        -1.2945793867111206,
        -5.36901330947876,
        -4.504630088806152,
        -6.734658241271973
    ],
    "date_created": "2024-06-09T03:47:46.083273"
}