{
    "id": 855,
    "name": "1681.wav",
    "original_rms": 0.06539280712604523,
    "original_duration": 25.728,
    "mfccs": [
        -323.3494567871094,
        125.84004211425781,
        -9.799469947814941,
        9.964582443237305,
        -19.06941032409668,
        -13.767326354980469,
        -14.59524154663086,
        -11.10434341430664,
        -3.6171586513519287,
        -0.020467819646000862,
        -5.178047180175781,
        -12.900334358215332,
        -11.942831993103027
    ],
    "date_created": "2024-06-09T03:47:45.967376"
}