{
    "id": 620,
    "name": "1528.wav",
    "original_rms": 0.05669894441962242,
    "original_duration": 6.528,
    "mfccs": [
        -305.0787353515625,
        94.32312774658203,
        10.590576171875,
        -3.0929033756256104,
        4.607130527496338,
        -16.54572296142578,
        -18.33739471435547,
        -3.163919448852539,
        -9.49669361114502,
        -2.5971882343292236,
        -4.220829010009766,
        -7.688125133514404,
        1.8062164783477783
    ],
    "date_created": "2024-06-09T03:47:46.286267"
}