{
    "id": 288,
    "name": "1357.wav",
    "original_rms": 0.11161749809980392,
    "original_duration": 7.616,
    "mfccs": [
        -231.2243194580078,
        58.89485549926758,
        -32.30207061767578,
        29.334936141967773,
        -33.23166275024414,
        -1.430988073348999,
        -27.4559326171875,
        -8.968969345092773,
        7.396660327911377,
        -15.894689559936523,
        10.403060913085938,
        -11.927327156066895,
        2.427476644515991
    ],
    "date_created": "2024-06-09T03:47:46.132239"
}