{
    "id": 861,
    "name": "718.wav",
    "original_rms": 0.04140273481607437,
    "original_duration": 19.968,
    "mfccs": [
        -282.1499328613281,
        102.9583511352539,
        -40.7504768371582,
        12.797080039978027,
        -35.26216506958008,
        -4.715327262878418,
        -3.622948408126831,
        -13.868561744689941,
        7.348176956176758,
        -9.380433082580566,
        4.587435722351074,
        -6.261660575866699,
        2.0784146785736084
    ],
    "date_created": "2024-06-09T03:47:46.277112"
}