{
    "id": 675,
    "name": "1561.wav",
    "original_rms": 0.11652324348688126,
    "original_duration": 33.856,
    "mfccs": [
        -350.1657409667969,
        116.9742202758789,
        33.31912612915039,
        10.584449768066406,
        -22.89165687561035,
        -7.111793041229248,
        -20.38721466064453,
        -11.946246147155762,
        -10.40860652923584,
        -6.33164644241333,
        -12.273351669311523,
        -11.666763305664062,
        -4.691801071166992
    ],
    "date_created": "2024-06-09T03:47:46.233608"
}