{
    "id": 3,
    "name": "135.wav",
    "original_rms": 0.06572150439023972,
    "original_duration": 7.296,
    "mfccs": [
        -319.568115234375,
        113.63007354736328,
        -0.15212292969226837,
        35.63783264160156,
        -10.429550170898438,
        -1.7306166887283325,
        -13.75157642364502,
        5.058368682861328,
        -11.941402435302734,
        1.0131962299346924,
        0.3252441883087158,
        -2.6405794620513916,
        0.1371290385723114
    ],
    "date_created": "2024-06-09T03:47:46.291037"
}