{
    "id": 206,
    "name": "1905.wav",
    "original_rms": 0.23616421222686768,
    "original_duration": 5.184,
    "mfccs": [
        -252.55526733398438,
        109.79505920410156,
        -13.99315357208252,
        18.21949005126953,
        -29.6607723236084,
        -3.478947162628174,
        -16.198680877685547,
        -0.14323212206363678,
        -3.6753318309783936,
        2.8257904052734375,
        -2.6503777503967285,
        1.0816620588302612,
        -3.737208604812622
    ],
    "date_created": "2024-06-09T03:47:45.947968"
}