{
    "id": 264,
    "name": "1563.wav",
    "original_rms": 0.07328682392835617,
    "original_duration": 5.952,
    "mfccs": [
        -267.13702392578125,
        94.94644165039062,
        -11.167618751525879,
        2.0309159755706787,
        -31.678791046142578,
        -1.377228856086731,
        -19.56420135498047,
        2.549074411392212,
        -5.787855625152588,
        8.80775260925293,
        -10.068655967712402,
        -0.3053170442581177,
        2.9979591369628906
    ],
    "date_created": "2024-06-09T03:47:46.217901"
}