{
    "id": 121,
    "name": "1720.wav",
    "original_rms": 0.15582755208015442,
    "original_duration": 7.616,
    "mfccs": [
        -241.35948181152344,
        82.9470443725586,
        -3.043138265609741,
        46.6787109375,
        -36.218849182128906,
        -0.016184229403734207,
        -10.228878021240234,
        -3.2488880157470703,
        -10.604166984558105,
        3.1766109466552734,
        2.3974406719207764,
        -10.342098236083984,
        6.99605655670166
    ],
    "date_created": "2024-06-09T03:47:46.013427"
}