{
    "id": 95,
    "name": "731.wav",
    "original_rms": 0.050076231360435486,
    "original_duration": 11.456,
    "mfccs": [
        -286.18475341796875,
        101.47007751464844,
        -6.128324508666992,
        6.803309917449951,
        -25.77631378173828,
        -18.292095184326172,
        -18.91474723815918,
        -5.176062107086182,
        -9.750870704650879,
        -3.954789638519287,
        -5.135237693786621,
        -15.300837516784668,
        -0.4264416992664337
    ],
    "date_created": "2024-06-09T03:47:46.285457"
}