{
    "id": 380,
    "name": "2091.wav",
    "original_rms": 0.06951510161161423,
    "original_duration": 5.696,
    "mfccs": [
        -219.3485565185547,
        71.74456024169922,
        -48.335758209228516,
        -1.5408319234848022,
        -36.804325103759766,
        -5.657676696777344,
        -25.123960494995117,
        -9.119874954223633,
        -5.390513896942139,
        -8.592341423034668,
        -7.3464155197143555,
        -12.407854080200195,
        -0.14831538498401642
    ],
    "date_created": "2024-06-09T03:47:46.261604"
}