{
    "id": 751,
    "name": "112.wav",
    "original_rms": 0.04299331456422806,
    "original_duration": 8.768,
    "mfccs": [
        -223.2423858642578,
        124.23207092285156,
        -35.20512008666992,
        21.121721267700195,
        -7.368989944458008,
        16.2911434173584,
        -4.093486785888672,
        2.602609872817993,
        7.691808223724365,
        5.830459117889404,
        -1.839113712310791,
        4.61246395111084,
        -3.660881757736206
    ],
    "date_created": "2024-06-09T03:47:46.063063"
}