{
    "id": 492,
    "name": "1694.wav",
    "original_rms": 0.04041673615574837,
    "original_duration": 12.928,
    "mfccs": [
        -296.5789489746094,
        139.41879272460938,
        -38.06373596191406,
        4.568175792694092,
        -17.593029022216797,
        -18.054821014404297,
        3.0815365314483643,
        -1.4911243915557861,
        2.9165985584259033,
        -4.288525581359863,
        -5.449304103851318,
        -8.533905982971191,
        0.13524462282657623
    ],
    "date_created": "2024-06-09T03:47:45.969597"
}