{
    "id": 450,
    "name": "65.wav",
    "original_rms": 0.08575910329818726,
    "original_duration": 16.96,
    "mfccs": [
        -218.87290954589844,
        55.980377197265625,
        -48.144081115722656,
        5.450939178466797,
        -46.088619232177734,
        -7.41192102432251,
        -21.64849281311035,
        1.0866259336471558,
        -8.123498916625977,
        -9.832533836364746,
        -9.202849388122559,
        -11.755967140197754,
        -3.9358816146850586
    ],
    "date_created": "2024-06-09T03:47:46.153775"
}