{
    "id": 441,
    "name": "357.wav",
    "original_rms": 0.06800653040409088,
    "original_duration": 8.0,
    "mfccs": [
        -198.4293670654297,
        67.70113372802734,
        -18.782167434692383,
        38.833553314208984,
        -10.81828498840332,
        10.108400344848633,
        -2.9652936458587646,
        6.04534387588501,
        9.695220947265625,
        6.284367561340332,
        6.830176830291748,
        3.146763324737549,
        -1.0228073596954346
    ],
    "date_created": "2024-06-09T03:47:46.203357"
}