{
    "id": 431,
    "name": "968.wav",
    "original_rms": 0.11202294379472733,
    "original_duration": 5.504,
    "mfccs": [
        -245.36895751953125,
        84.23774719238281,
        -2.1630232334136963,
        15.3867826461792,
        6.280669212341309,
        -10.159029960632324,
        -14.340372085571289,
        -15.294305801391602,
        -3.1256656646728516,
        -3.751518964767456,
        6.225296497344971,
        -8.32164478302002,
        1.0839266777038574
    ],
    "date_created": "2024-06-09T03:47:46.092081"
}