{
    "id": 589,
    "name": "1976.wav",
    "original_rms": 0.06352249532938004,
    "original_duration": 7.488,
    "mfccs": [
        -416.1068420410156,
        189.33599853515625,
        21.532398223876953,
        -0.5326645374298096,
        2.2030067443847656,
        -4.530750751495361,
        -13.719225883483887,
        8.979491233825684,
        2.866849184036255,
        -0.6968495845794678,
        1.2308357954025269,
        -3.8381025791168213,
        1.8654279708862305
    ],
    "date_created": "2024-06-09T03:47:46.156448"
}