{
    "id": 594,
    "name": "2303.wav",
    "original_rms": 0.07178600132465363,
    "original_duration": 5.376,
    "mfccs": [
        -204.91477966308594,
        76.78813171386719,
        -31.718246459960938,
        40.56797409057617,
        -35.08055877685547,
        3.1360538005828857,
        -6.168865203857422,
        3.948488712310791,
        5.225849628448486,
        3.1315155029296875,
        8.076456069946289,
        -6.231853485107422,
        6.480113983154297
    ],
    "date_created": "2024-06-09T03:47:46.104972"
}