{
    "id": 329,
    "name": "2294.wav",
    "original_rms": 0.07643220573663712,
    "original_duration": 14.016,
    "mfccs": [
        -306.6373291015625,
        91.08055114746094,
        -4.3072614669799805,
        -16.620887756347656,
        -18.80023956298828,
        -16.39702033996582,
        -35.1794319152832,
        -5.308529376983643,
        -16.466960906982422,
        -5.473897933959961,
        -7.930983543395996,
        -10.159765243530273,
        -5.516134738922119
    ],
    "date_created": "2024-06-09T03:47:46.242269"
}