{
    "id": 228,
    "name": "497.wav",
    "original_rms": 0.058914560824632645,
    "original_duration": 9.088,
    "mfccs": [
        -269.2476501464844,
        41.18270492553711,
        -30.542856216430664,
        -6.414099216461182,
        -22.249008178710938,
        -4.868441104888916,
        -34.726993560791016,
        -24.537324905395508,
        -10.530010223388672,
        -13.826147079467773,
        -17.66537094116211,
        -5.114016532897949,
        -12.102348327636719
    ],
    "date_created": "2024-06-09T03:47:46.307483"
}