{
    "id": 21,
    "name": "567.wav",
    "original_rms": 0.06643518060445786,
    "original_duration": 16.256,
    "mfccs": [
        -297.89068603515625,
        113.197998046875,
        -20.68207550048828,
        19.949155807495117,
        -18.48805809020996,
        -25.43743133544922,
        -25.980649948120117,
        -16.07388687133789,
        -17.9619197845459,
        0.3224620521068573,
        -6.99785852432251,
        -17.933183670043945,
        2.943044662475586
    ],
    "date_created": "2024-06-09T03:47:46.098640"
}