{
    "id": 831,
    "name": "2057.wav",
    "original_rms": 0.1202961876988411,
    "original_duration": 5.888,
    "mfccs": [
        -237.7732391357422,
        92.4839859008789,
        -3.2556869983673096,
        15.493630409240723,
        -19.80938148498535,
        -9.550065994262695,
        -20.1004581451416,
        -3.9613099098205566,
        1.2778058052062988,
        -2.0237185955047607,
        -5.743459701538086,
        -5.3726701736450195,
        3.1044483184814453
    ],
    "date_created": "2024-06-09T03:47:46.181127"
}