{
    "id": 23,
    "name": "2078.wav",
    "original_rms": 0.04614971950650215,
    "original_duration": 6.848,
    "mfccs": [
        -236.9187469482422,
        95.00096130371094,
        -12.743946075439453,
        14.634378433227539,
        -9.657130241394043,
        -13.628193855285645,
        -21.27121353149414,
        -8.678089141845703,
        -7.946010112762451,
        -5.417969703674316,
        0.9696622490882874,
        -1.7982498407363892,
        -6.519594192504883
    ],
    "date_created": "2024-06-09T03:47:46.255390"
}