{
    "id": 541,
    "name": "1261.wav",
    "original_rms": 0.12303286045789719,
    "original_duration": 30.144,
    "mfccs": [
        -303.59698486328125,
        135.91737365722656,
        -27.12447166442871,
        -15.189127922058105,
        -8.676321029663086,
        -20.722576141357422,
        -6.41609525680542,
        -3.581110715866089,
        -4.351579189300537,
        -7.593057155609131,
        -0.6304550766944885,
        -3.7585108280181885,
        -16.63296890258789
    ],
    "date_created": "2024-06-09T03:47:46.305019"
}