{
    "id": 647,
    "name": "2140.wav",
    "original_rms": 0.045718107372522354,
    "original_duration": 5.568,
    "mfccs": [
        -221.44247436523438,
        90.47200012207031,
        -32.47964859008789,
        6.148400783538818,
        -19.03215217590332,
        -17.25577163696289,
        2.3644721508026123,
        -1.9870959520339966,
        5.12562370300293,
        6.056056499481201,
        -5.598263740539551,
        8.036861419677734,
        -8.89648723602295
    ],
    "date_created": "2024-06-09T03:47:46.277799"
}