{
    "id": 268,
    "name": "867.wav",
    "original_rms": 0.06667828559875488,
    "original_duration": 8.384,
    "mfccs": [
        -297.56317138671875,
        117.87269592285156,
        -18.023151397705078,
        7.900799751281738,
        -19.26421356201172,
        -11.624438285827637,
        -18.874187469482422,
        -22.628738403320312,
        -5.8231940269470215,
        -9.517862319946289,
        -10.389477729797363,
        -10.740771293640137,
        -7.893007278442383
    ],
    "date_created": "2024-06-09T03:47:46.331275"
}