{
    "id": 422,
    "name": "705.wav",
    "original_rms": 0.07704193145036697,
    "original_duration": 20.544,
    "mfccs": [
        -221.15277099609375,
        90.34161376953125,
        -39.85453414916992,
        25.683948516845703,
        -29.235183715820312,
        -1.5232051610946655,
        -7.095362663269043,
        8.557931900024414,
        -7.02892541885376,
        -1.7691210508346558,
        -8.156660079956055,
        -10.329537391662598,
        2.0672495365142822
    ],
    "date_created": "2024-06-09T03:47:45.955674"
}