{
    "id": 331,
    "name": "89.wav",
    "original_rms": 0.1470736861228943,
    "original_duration": 6.528,
    "mfccs": [
        -334.796142578125,
        102.04549407958984,
        1.085109829902649,
        15.274436950683594,
        -21.875307083129883,
        -21.15903663635254,
        -22.07140350341797,
        0.7790727615356445,
        -19.04071044921875,
        -1.8089066743850708,
        -7.101971626281738,
        -6.541109561920166,
        3.5798168182373047
    ],
    "date_created": "2024-06-09T03:47:46.104213"
}