{
    "id": 616,
    "name": "1722.wav",
    "original_rms": 0.23972854018211365,
    "original_duration": 6.72,
    "mfccs": [
        -230.75804138183594,
        60.943607330322266,
        -13.954407691955566,
        14.600007057189941,
        -11.588300704956055,
        -2.9189388751983643,
        -16.704710006713867,
        -5.523447513580322,
        -11.794846534729004,
        -9.336475372314453,
        -10.773386001586914,
        -0.9930168986320496,
        -5.651226997375488
    ],
    "date_created": "2024-06-09T03:47:42.916302"
}