{
    "id": 73,
    "name": "1434.wav",
    "original_rms": 0.046680379658937454,
    "original_duration": 6.848,
    "mfccs": [
        -320.7736511230469,
        76.7833251953125,
        18.967348098754883,
        -18.019704818725586,
        -16.89505386352539,
        -10.460583686828613,
        -25.751543045043945,
        -8.756742477416992,
        -10.505819320678711,
        -7.510469436645508,
        -9.448067665100098,
        -11.207466125488281,
        -10.552031517028809
    ],
    "date_created": "2024-06-09T03:47:46.103638"
}