{
    "id": 401,
    "name": "110.wav",
    "original_rms": 0.05369449779391289,
    "original_duration": 6.592,
    "mfccs": [
        -338.8789367675781,
        101.2690658569336,
        6.0918731689453125,
        19.203964233398438,
        -26.109962463378906,
        -13.723925590515137,
        -21.005569458007812,
        -11.618760108947754,
        -3.422106981277466,
        -10.779464721679688,
        -7.289046764373779,
        -10.203908920288086,
        5.646790504455566
    ],
    "date_created": "2024-06-09T03:47:46.035578"
}