{
    "id": 333,
    "name": "2099.wav",
    "original_rms": 0.047685056924819946,
    "original_duration": 9.536,
    "mfccs": [
        -291.75067138671875,
        124.12333679199219,
        -24.542808532714844,
        -2.373643159866333,
        -27.95601463317871,
        -16.488040924072266,
        -19.262380599975586,
        -14.758164405822754,
        -14.725667953491211,
        -14.86069393157959,
        -13.499834060668945,
        -5.824282646179199,
        -3.7916340827941895
    ],
    "date_created": "2024-06-09T03:47:46.154941"
}