{
    "id": 61,
    "name": "559.wav",
    "original_rms": 0.1292905956506729,
    "original_duration": 7.168,
    "mfccs": [
        -292.4587097167969,
        88.39649200439453,
        -6.0716986656188965,
        -0.7619976997375488,
        -7.590249538421631,
        -15.470587730407715,
        -41.81061553955078,
        0.7550917863845825,
        -24.503250122070312,
        -2.623234748840332,
        -14.228409767150879,
        -7.544005870819092,
        -11.305063247680664
    ],
    "date_created": "2024-06-09T03:47:46.093581"
}