{
    "id": 613,
    "name": "473.wav",
    "original_rms": 0.04698169231414795,
    "original_duration": 7.232,
    "mfccs": [
        -335.9974670410156,
        80.9155044555664,
        12.155388832092285,
        31.90563201904297,
        -0.2169426530599594,
        4.270577907562256,
        -7.133562088012695,
        -13.288098335266113,
        -3.2949440479278564,
        -5.192820072174072,
        -6.408855438232422,
        -13.924394607543945,
        -0.6274311542510986
    ],
    "date_created": "2024-06-09T03:47:45.966184"
}