{
    "id": 640,
    "name": "2147.wav",
    "original_rms": 0.13784603774547577,
    "original_duration": 10.752,
    "mfccs": [
        -260.73175048828125,
        56.92849349975586,
        -37.393436431884766,
        29.564556121826172,
        -23.487092971801758,
        32.65714645385742,
        -12.330084800720215,
        10.119941711425781,
        10.802645683288574,
        3.811460494995117,
        6.893299579620361,
        -1.609688401222229,
        8.878829956054688
    ],
    "date_created": "2024-06-09T03:47:46.312919"
}