{
    "id": 526,
    "name": "305.wav",
    "original_rms": 0.09514909982681274,
    "original_duration": 19.264,
    "mfccs": [
        -271.5475158691406,
        111.18798828125,
        6.769140720367432,
        28.116374969482422,
        -6.48512601852417,
        -10.894264221191406,
        -12.41724681854248,
        8.250081062316895,
        -3.7432022094726562,
        1.9015928506851196,
        -0.7576147317886353,
        6.222545146942139,
        0.606823742389679
    ],
    "date_created": "2024-06-09T03:47:46.068413"
}