{
    "id": 189,
    "name": "881.wav",
    "original_rms": 0.12427034974098206,
    "original_duration": 5.632,
    "mfccs": [
        -308.20263671875,
        107.4921646118164,
        -5.549693584442139,
        -12.807599067687988,
        -7.112076759338379,
        -13.030640602111816,
        -27.632905960083008,
        -8.813760757446289,
        -16.263011932373047,
        -1.6850156784057617,
        -8.228143692016602,
        -9.404773712158203,
        9.014369010925293
    ],
    "date_created": "2024-06-09T03:47:45.960139"
}