{
    "id": 606,
    "name": "276.wav",
    "original_rms": 0.04801575094461441,
    "original_duration": 12.48,
    "mfccs": [
        -293.89727783203125,
        76.39859771728516,
        -30.092811584472656,
        2.757309913635254,
        -34.003211975097656,
        -13.49376106262207,
        -24.67913055419922,
        -6.864874362945557,
        -4.841188907623291,
        -5.429083347320557,
        -9.456357955932617,
        -17.98222541809082,
        1.619118094444275
    ],
    "date_created": "2024-06-09T03:47:45.989977"
}