{
    "id": 344,
    "name": "74.wav",
    "original_rms": 0.1309627741575241,
    "original_duration": 5.056,
    "mfccs": [
        -281.37469482421875,
        117.8497085571289,
        8.992456436157227,
        7.4357500076293945,
        -4.200974941253662,
        -23.94508171081543,
        -17.261289596557617,
        -8.286800384521484,
        -6.740410327911377,
        -7.046726703643799,
        -10.07996654510498,
        -5.868378639221191,
        -0.1329738348722458
    ],
    "date_created": "2024-06-09T03:47:46.090890"
}