{
    "id": 105,
    "name": "1451.wav",
    "original_rms": 0.09484495967626572,
    "original_duration": 5.888,
    "mfccs": [
        -247.42581176757812,
        47.44148254394531,
        -28.19679832458496,
        1.6619398593902588,
        -4.866848468780518,
        -20.154972076416016,
        -7.871514320373535,
        0.04817719757556915,
        -1.9274945259094238,
        -0.30594679713249207,
        4.536169052124023,
        -7.195817947387695,
        -5.359505653381348
    ],
    "date_created": "2024-06-09T03:47:46.056379"
}