{
    "id": 28,
    "name": "558.wav",
    "original_rms": 0.13373850286006927,
    "original_duration": 6.4,
    "mfccs": [
        -241.9200897216797,
        77.61367797851562,
        -24.965259552001953,
        38.701820373535156,
        -3.3992462158203125,
        7.093618392944336,
        -16.975950241088867,
        15.696979522705078,
        9.076196670532227,
        2.2394537925720215,
        13.475130081176758,
        -4.279557228088379,
        17.934642791748047
    ],
    "date_created": "2024-06-09T03:47:46.078564"
}