{
    "id": 277,
    "name": "454.wav",
    "original_rms": 0.06829981505870819,
    "original_duration": 9.088,
    "mfccs": [
        -283.8597412109375,
        108.8372802734375,
        -19.431659698486328,
        13.712786674499512,
        -22.665390014648438,
        -9.65081787109375,
        -29.079544067382812,
        -6.09092903137207,
        -0.6817934513092041,
        -8.640707015991211,
        0.3666169345378876,
        -9.347718238830566,
        -3.4808731079101562
    ],
    "date_created": "2024-06-09T03:47:46.308280"
}