{
    "id": 320,
    "name": "1822.wav",
    "original_rms": 0.07942237704992294,
    "original_duration": 6.208,
    "mfccs": [
        -298.8616027832031,
        176.6700897216797,
        -23.608478546142578,
        -0.5334335565567017,
        8.589925765991211,
        -7.032014846801758,
        -5.647490501403809,
        3.086601495742798,
        -10.20842456817627,
        -2.1093714237213135,
        -4.353407382965088,
        -10.645806312561035,
        -0.38008981943130493
    ],
    "date_created": "2024-06-09T03:47:46.267009"
}