{
    "id": 571,
    "name": "212.wav",
    "original_rms": 0.051418788731098175,
    "original_duration": 8.896,
    "mfccs": [
        -272.29248046875,
        108.27520751953125,
        -5.721935272216797,
        -3.4123473167419434,
        -14.699837684631348,
        -18.01319694519043,
        -27.324138641357422,
        1.2518056631088257,
        -0.6617487668991089,
        3.341356039047241,
        -6.244441032409668,
        -8.26437759399414,
        0.14535599946975708
    ],
    "date_created": "2024-06-09T03:47:46.156586"
}