{
    "id": 560,
    "name": "2137.wav",
    "original_rms": 0.061079252511262894,
    "original_duration": 27.712,
    "mfccs": [
        -309.8336486816406,
        121.9218521118164,
        -8.85462474822998,
        3.586082935333252,
        -10.486299514770508,
        -31.447799682617188,
        -18.217012405395508,
        -7.215628147125244,
        -19.626564025878906,
        -0.9811750054359436,
        -11.166787147521973,
        -7.38741397857666,
        -8.309630393981934
    ],
    "date_created": "2024-06-09T03:47:46.190335"
}