{
    "id": 18,
    "name": "799.wav",
    "original_rms": 0.05303867533802986,
    "original_duration": 15.552,
    "mfccs": [
        -295.744384765625,
        80.25875854492188,
        -62.379791259765625,
        -1.009468913078308,
        -24.59376335144043,
        -19.263395309448242,
        -13.039304733276367,
        2.2379279136657715,
        -8.930407524108887,
        -12.580141067504883,
        -3.0141959190368652,
        -19.381460189819336,
        -0.8449574112892151
    ],
    "date_created": "2024-06-09T03:47:46.080799"
}