{
    "id": 278,
    "name": "2173.wav",
    "original_rms": 0.08480364084243774,
    "original_duration": 5.824,
    "mfccs": [
        -236.45770263671875,
        93.07026672363281,
        -5.021823406219482,
        9.326395988464355,
        -3.2012269496917725,
        9.247417449951172,
        -7.398710250854492,
        6.105245590209961,
        9.337329864501953,
        8.814398765563965,
        0.13136446475982666,
        6.121324062347412,
        2.7499496936798096
    ],
    "date_created": "2024-06-09T03:47:46.029947"
}