{
    "id": 233,
    "name": "1960.wav",
    "original_rms": 0.07257973402738571,
    "original_duration": 13.184,
    "mfccs": [
        -220.07228088378906,
        75.04975128173828,
        -3.8396780490875244,
        16.34416961669922,
        -9.179825782775879,
        -21.3070011138916,
        -5.470704555511475,
        -11.144171714782715,
        -7.677379131317139,
        3.462254524230957,
        -0.2521299123764038,
        -4.047718524932861,
        -6.116262435913086
    ],
    "date_created": "2024-06-09T03:47:46.130346"
}