{
    "id": 234,
    "name": "1538.wav",
    "original_rms": 0.08048989623785019,
    "original_duration": 5.184,
    "mfccs": [
        -212.0508575439453,
        49.918609619140625,
        6.723890781402588,
        30.738203048706055,
        -13.606146812438965,
        -3.7636702060699463,
        -19.966161727905273,
        -6.448283672332764,
        -2.4261133670806885,
        4.701278209686279,
        0.015347863547503948,
        0.8722293972969055,
        7.559803485870361
    ],
    "date_created": "2024-06-09T03:47:46.321926"
}