{
    "id": 44,
    "name": "2022.wav",
    "original_rms": 0.08765009790658951,
    "original_duration": 8.768,
    "mfccs": [
        -271.2767639160156,
        76.40234375,
        11.903756141662598,
        13.322509765625,
        -7.141878128051758,
        -4.6658148765563965,
        -8.637810707092285,
        -4.714226722717285,
        -8.946611404418945,
        0.5449549555778503,
        -10.138106346130371,
        -7.519791126251221,
        5.262092590332031
    ],
    "date_created": "2024-06-09T03:47:46.296773"
}