{
    "id": 832,
    "name": "2265.wav",
    "original_rms": 0.09677247703075409,
    "original_duration": 6.976,
    "mfccs": [
        -272.8540344238281,
        63.4486198425293,
        -7.610581874847412,
        6.862351894378662,
        -18.744626998901367,
        -13.339648246765137,
        -18.722715377807617,
        8.245624542236328,
        -7.775607585906982,
        3.6179182529449463,
        -7.494182586669922,
        1.5136792659759521,
        -12.316658020019531
    ],
    "date_created": "2024-06-09T03:47:46.141830"
}