{
    "id": 777,
    "name": "514.wav",
    "original_rms": 0.08205980062484741,
    "original_duration": 9.728,
    "mfccs": [
        -314.2639465332031,
        47.534549713134766,
        13.846919059753418,
        21.924354553222656,
        4.856471538543701,
        -9.092792510986328,
        -5.045658111572266,
        -12.478703498840332,
        -11.320001602172852,
        -12.47835636138916,
        -17.21430015563965,
        -12.970166206359863,
        -12.300762176513672
    ],
    "date_created": "2024-06-09T03:47:46.047976"
}