{
    "id": 313,
    "name": "521.wav",
    "original_rms": 0.04897356778383255,
    "original_duration": 7.616,
    "mfccs": [
        -277.1976013183594,
        86.05741119384766,
        15.556882858276367,
        -2.438708543777466,
        -9.809165954589844,
        -21.63957977294922,
        -16.36056137084961,
        -18.51397132873535,
        7.0816216468811035,
        -17.496505737304688,
        -9.330865859985352,
        -4.923617362976074,
        -7.449291706085205
    ],
    "date_created": "2024-06-09T03:47:46.315843"
}