{
    "id": 765,
    "name": "123.wav",
    "original_rms": 0.04728248342871666,
    "original_duration": 5.376,
    "mfccs": [
        -279.1165466308594,
        62.99066925048828,
        -4.751002311706543,
        34.97259521484375,
        -23.282695770263672,
        -9.941277503967285,
        -20.685546875,
        -12.025924682617188,
        -14.944565773010254,
        -16.087112426757812,
        -16.59181022644043,
        -10.908079147338867,
        -5.54839563369751
    ],
    "date_created": "2024-06-09T03:47:46.283842"
}