{
    "id": 87,
    "name": "2229.wav",
    "original_rms": 0.06851445883512497,
    "original_duration": 6.592,
    "mfccs": [
        -268.4989013671875,
        74.14551544189453,
        -39.84958267211914,
        -0.5125913023948669,
        -28.118202209472656,
        -9.896257400512695,
        -9.555627822875977,
        5.105880260467529,
        -2.619112253189087,
        -4.673269748687744,
        -7.544882774353027,
        -8.443757057189941,
        -0.900894284248352
    ],
    "date_created": "2024-06-09T03:47:46.013320"
}