{
    "id": 48,
    "name": "1466.wav",
    "original_rms": 0.06064023822546005,
    "original_duration": 13.376,
    "mfccs": [
        -293.5352478027344,
        56.835533142089844,
        4.637299537658691,
        33.592506408691406,
        -23.601743698120117,
        -0.45360201597213745,
        -6.479406833648682,
        -9.15732479095459,
        -11.066303253173828,
        -14.460779190063477,
        -8.150266647338867,
        -10.339021682739258,
        -7.2529497146606445
    ],
    "date_created": "2024-06-09T03:47:46.313668"
}