{
    "id": 294,
    "name": "948.wav",
    "original_rms": 0.0417712926864624,
    "original_duration": 5.824,
    "mfccs": [
        -247.49380493164062,
        129.68685913085938,
        -6.341873645782471,
        14.933133125305176,
        -7.761490345001221,
        6.657855033874512,
        -13.803977966308594,
        -3.402043342590332,
        -13.659769058227539,
        -3.374293565750122,
        -8.412372589111328,
        -12.333373069763184,
        0.24699732661247253
    ],
    "date_created": "2024-06-09T03:47:46.181705"
}