{
    "id": 273,
    "name": "833.wav",
    "original_rms": 0.04678677022457123,
    "original_duration": 8.512,
    "mfccs": [
        -258.33953857421875,
        106.87932586669922,
        -8.499884605407715,
        15.007881164550781,
        -2.383410692214966,
        -13.52464771270752,
        -15.684772491455078,
        -6.238645076751709,
        0.7356410026550293,
        2.052875518798828,
        2.520486354827881,
        -7.01451301574707,
        -2.251775026321411
    ],
    "date_created": "2024-06-09T03:47:46.132643"
}