{
    "id": 253,
    "name": "603.wav",
    "original_rms": 0.06610686331987381,
    "original_duration": 8.832,
    "mfccs": [
        -302.64752197265625,
        92.83514404296875,
        -14.515748977661133,
        31.26305389404297,
        -11.204684257507324,
        5.763632774353027,
        -4.477964401245117,
        0.8620339035987854,
        -2.4289419651031494,
        -6.234630584716797,
        0.015919096767902374,
        -1.5944857597351074,
        3.345996141433716
    ],
    "date_created": "2024-06-09T03:47:46.148551"
}