{
    "id": 501,
    "name": "1835.wav",
    "original_rms": 0.05752468481659889,
    "original_duration": 5.632,
    "mfccs": [
        -234.25770568847656,
        105.6250228881836,
        -18.108444213867188,
        13.617691040039062,
        -10.527914047241211,
        -14.455921173095703,
        -8.824613571166992,
        -5.6145501136779785,
        -0.0741000846028328,
        2.2910733222961426,
        -7.667758941650391,
        -0.25624027848243713,
        2.9946820735931396
    ],
    "date_created": "2024-06-09T03:47:46.250247"
}