{
    "id": 148,
    "name": "1928.wav",
    "original_rms": 0.0628245398402214,
    "original_duration": 9.664,
    "mfccs": [
        -314.17572021484375,
        76.57459259033203,
        -0.35813426971435547,
        10.255074501037598,
        -27.216970443725586,
        19.090930938720703,
        -17.298320770263672,
        14.109617233276367,
        10.296822547912598,
        9.053789138793945,
        4.741436004638672,
        -14.898128509521484,
        8.190571784973145
    ],
    "date_created": "2024-06-09T03:47:46.050606"
}