{
    "id": 786,
    "name": "183.wav",
    "original_rms": 0.06164690852165222,
    "original_duration": 7.616,
    "mfccs": [
        -285.0718688964844,
        100.38715362548828,
        -34.25168228149414,
        -11.538766860961914,
        -54.67938995361328,
        -21.4619083404541,
        -27.600255966186523,
        -4.598419189453125,
        -18.72614288330078,
        2.3833985328674316,
        -17.107934951782227,
        -15.873376846313477,
        -2.4714441299438477
    ],
    "date_created": "2024-06-09T03:47:46.216504"
}