{
    "id": 703,
    "name": "1396.wav",
    "original_rms": 0.28471070528030396,
    "original_duration": 5.632,
    "mfccs": [
        -227.38107299804688,
        79.5142593383789,
        -3.5325818061828613,
        46.337833404541016,
        -10.110295295715332,
        -1.2209490537643433,
        0.22990038990974426,
        -7.140164852142334,
        0.9670172929763794,
        -1.8848118782043457,
        6.197198390960693,
        -4.583221912384033,
        10.307719230651855
    ],
    "date_created": "2024-06-09T03:47:46.152489"
}