{
    "id": 824,
    "name": "789.wav",
    "original_rms": 0.06516124308109283,
    "original_duration": 6.144,
    "mfccs": [
        -214.6209259033203,
        115.49146270751953,
        -31.812021255493164,
        38.683433532714844,
        -26.676660537719727,
        16.87640953063965,
        -11.87956428527832,
        3.825897455215454,
        -0.8672806024551392,
        -3.4676342010498047,
        -1.1517642736434937,
        -6.825166702270508,
        1.398582935333252
    ],
    "date_created": "2024-06-09T03:47:46.155499"
}