{
    "id": 116,
    "name": "227.wav",
    "original_rms": 0.06557534635066986,
    "original_duration": 8.704,
    "mfccs": [
        -315.75079345703125,
        105.08832550048828,
        -6.16087532043457,
        -32.815406799316406,
        -3.316567897796631,
        -10.589611053466797,
        4.381761074066162,
        4.018520832061768,
        -5.224791526794434,
        1.2297990322113037,
        -15.511799812316895,
        -3.059539794921875,
        -6.945087909698486
    ],
    "date_created": "2024-06-09T03:47:46.272481"
}