{
    "id": 810,
    "name": "1280.wav",
    "original_rms": 0.15910588204860687,
    "original_duration": 5.568,
    "mfccs": [
        -287.562744140625,
        94.0993881225586,
        1.5577385425567627,
        28.233200073242188,
        -11.916559219360352,
        12.831448554992676,
        -16.532608032226562,
        -14.804899215698242,
        -19.742765426635742,
        -6.65330696105957,
        -3.549065351486206,
        -0.8866178393363953,
        -5.954643726348877
    ],
    "date_created": "2024-06-09T03:47:46.054659"
}