{
    "id": 852,
    "name": "1447.wav",
    "original_rms": 0.07281924784183502,
    "original_duration": 6.208,
    "mfccs": [
        -286.4143981933594,
        86.29945373535156,
        21.097736358642578,
        7.043074607849121,
        0.5922462940216064,
        -15.97648811340332,
        -8.769091606140137,
        -8.400059700012207,
        -12.339639663696289,
        -13.801679611206055,
        -9.409069061279297,
        -10.111052513122559,
        -8.560882568359375
    ],
    "date_created": "2024-06-09T03:47:46.037737"
}