{
    "id": 92,
    "name": "1236.wav",
    "original_rms": 0.07025478780269623,
    "original_duration": 6.848,
    "mfccs": [
        -228.27667236328125,
        70.05679321289062,
        -12.037985801696777,
        25.334510803222656,
        -36.91730499267578,
        14.93411636352539,
        -19.49993324279785,
        -7.151998519897461,
        -3.3010129928588867,
        -0.6622332334518433,
        6.5683159828186035,
        -14.60368537902832,
        6.972570896148682
    ],
    "date_created": "2024-06-09T03:47:46.139212"
}