{
    "id": 173,
    "name": "821.wav",
    "original_rms": 0.06523213535547256,
    "original_duration": 5.824,
    "mfccs": [
        -252.89793395996094,
        75.80793762207031,
        10.61915397644043,
        20.622617721557617,
        -18.882997512817383,
        -8.477055549621582,
        -21.647903442382812,
        -0.5473559498786926,
        -10.51241397857666,
        -6.603680610656738,
        -2.9146695137023926,
        -15.120153427124023,
        1.3404031991958618
    ],
    "date_created": "2024-06-09T03:47:46.082115"
}