{
    "id": 8,
    "name": "300.wav",
    "original_rms": 0.05769363045692444,
    "original_duration": 5.248,
    "mfccs": [
        -222.28199768066406,
        84.80824279785156,
        -32.05109786987305,
        20.526691436767578,
        -28.034683227539062,
        -4.7600998878479,
        -15.5520658493042,
        -5.631739616394043,
        -9.439817428588867,
        -9.427434921264648,
        -1.6105303764343262,
        -13.372344017028809,
        -0.6609786748886108
    ],
    "date_created": "2024-06-09T03:47:45.968017"
}