{
    "id": 428,
    "name": "392.wav",
    "original_rms": 0.07317937165498734,
    "original_duration": 5.76,
    "mfccs": [
        -243.0372772216797,
        80.6077651977539,
        -59.631046295166016,
        11.378582954406738,
        -34.99906921386719,
        -26.492656707763672,
        -17.77645492553711,
        -16.89525032043457,
        -10.086603164672852,
        -12.486241340637207,
        -12.707497596740723,
        -9.665243148803711,
        -9.262170791625977
    ],
    "date_created": "2024-06-09T03:47:46.250070"
}