{
    "id": 623,
    "name": "2154.wav",
    "original_rms": 0.0631122812628746,
    "original_duration": 6.784,
    "mfccs": [
        -303.5537109375,
        107.48330688476562,
        -21.187864303588867,
        33.4306640625,
        -14.321937561035156,
        -10.71822738647461,
        -3.104687213897705,
        -1.4185258150100708,
        -1.9654638767242432,
        2.5475080013275146,
        -0.11863606423139572,
        -1.2543118000030518,
        -3.334021806716919
    ],
    "date_created": "2024-06-09T03:47:46.278133"
}