{
    "id": 49,
    "name": "1002.wav",
    "original_rms": 0.05295827239751816,
    "original_duration": 6.656,
    "mfccs": [
        -224.113037109375,
        71.15007019042969,
        3.6998279094696045,
        34.37350082397461,
        -10.214303016662598,
        3.1133792400360107,
        -3.3850533962249756,
        9.79508113861084,
        4.546921730041504,
        4.587024211883545,
        4.629161357879639,
        -2.9324934482574463,
        1.4630128145217896
    ],
    "date_created": "2024-06-09T03:47:46.273548"
}