{
    "id": 784,
    "name": "1689.wav",
    "original_rms": 0.04759061336517334,
    "original_duration": 7.296,
    "mfccs": [
        -257.2046813964844,
        86.83436584472656,
        -32.59127426147461,
        -11.667757034301758,
        -10.977071762084961,
        -17.858640670776367,
        -13.88176155090332,
        -8.348369598388672,
        -11.154915809631348,
        -1.1505669355392456,
        -3.603754758834839,
        -0.8612068295478821,
        -1.2932684421539307
    ],
    "date_created": "2024-06-09T03:47:46.282411"
}