{
    "id": 857,
    "name": "1816.wav",
    "original_rms": 0.13337819278240204,
    "original_duration": 9.536,
    "mfccs": [
        -220.6730194091797,
        88.58493041992188,
        -38.02518081665039,
        15.795058250427246,
        -28.412307739257812,
        -17.475488662719727,
        -31.071413040161133,
        -14.083172798156738,
        -13.226207733154297,
        -8.519968032836914,
        -11.27880573272705,
        -15.68091869354248,
        -9.914441108703613
    ],
    "date_created": "2024-06-09T03:47:46.150820"
}