{
    "id": 593,
    "name": "1740.wav",
    "original_rms": 0.0569026879966259,
    "original_duration": 6.912,
    "mfccs": [
        -224.5984344482422,
        83.8606948852539,
        -3.2569825649261475,
        36.7999267578125,
        -30.130903244018555,
        10.47952938079834,
        -18.740705490112305,
        0.4184953272342682,
        -8.163298606872559,
        -0.7069766521453857,
        -4.077922821044922,
        -8.666600227355957,
        -1.5897284746170044
    ],
    "date_created": "2024-06-09T03:47:46.095249"
}