{
    "id": 425,
    "name": "2222.wav",
    "original_rms": 0.07031138241291046,
    "original_duration": 5.696,
    "mfccs": [
        -199.71347045898438,
        72.20350646972656,
        -35.83962631225586,
        7.076281547546387,
        -32.41685485839844,
        -20.257593154907227,
        -22.009397506713867,
        -12.268855094909668,
        -13.974040031433105,
        -4.649760723114014,
        -8.927502632141113,
        -12.545927047729492,
        -3.541879892349243
    ],
    "date_created": "2024-06-09T03:47:46.274181"
}