{
    "id": 666,
    "name": "896.wav",
    "original_rms": 0.11992714554071426,
    "original_duration": 5.184,
    "mfccs": [
        -203.91624450683594,
        93.95993041992188,
        -5.665990352630615,
        35.62383270263672,
        -0.9031623005867004,
        7.128568649291992,
        1.9727360010147095,
        -11.6129150390625,
        -3.9527456760406494,
        2.724825620651245,
        -6.498173236846924,
        4.2884721755981445,
        -0.949054479598999
    ],
    "date_created": "2024-06-09T03:47:45.995420"
}