{
    "id": 749,
    "name": "46.wav",
    "original_rms": 0.07830695062875748,
    "original_duration": 5.376,
    "mfccs": [
        -279.66595458984375,
        88.8525161743164,
        -8.696483612060547,
        14.268915176391602,
        -11.528461456298828,
        -8.335017204284668,
        -2.001544237136841,
        5.875476837158203,
        0.1930019110441208,
        -0.5988973379135132,
        -5.660633087158203,
        1.5102708339691162,
        -3.2786386013031006
    ],
    "date_created": "2024-06-09T03:47:46.249261"
}