{
    "id": 272,
    "name": "1395.wav",
    "original_rms": 0.06304476410150528,
    "original_duration": 7.488,
    "mfccs": [
        -343.064453125,
        134.41217041015625,
        -9.647550582885742,
        -18.851577758789062,
        -13.125557899475098,
        -14.662619590759277,
        1.7055811882019043,
        -14.692152976989746,
        3.606722831726074,
        -0.0574178509414196,
        -11.111793518066406,
        -4.408339500427246,
        1.9284312725067139
    ],
    "date_created": "2024-06-09T03:47:46.136402"
}