{
    "id": 785,
    "name": "1219.wav",
    "original_rms": 0.05035131424665451,
    "original_duration": 6.208,
    "mfccs": [
        -259.9951477050781,
        88.05380249023438,
        6.113795757293701,
        32.72633743286133,
        -7.356553554534912,
        -1.0910042524337769,
        2.2289915084838867,
        -10.31795597076416,
        -4.893945217132568,
        -13.369150161743164,
        -1.9176764488220215,
        -7.984861850738525,
        -3.3501994609832764
    ],
    "date_created": "2024-06-09T03:47:46.080043"
}