{
    "id": 319,
    "name": "1648.wav",
    "original_rms": 0.08060666173696518,
    "original_duration": 5.504,
    "mfccs": [
        -344.8559875488281,
        75.01118469238281,
        7.213988304138184,
        36.15721893310547,
        -6.219394207000732,
        -7.739346504211426,
        -12.262300491333008,
        0.26558923721313477,
        -19.270259857177734,
        -0.33808422088623047,
        -8.673285484313965,
        -4.933314323425293,
        -1.4016883373260498
    ],
    "date_created": "2024-06-09T03:47:46.292187"
}