{
    "id": 854,
    "name": "943.wav",
    "original_rms": 0.16012893617153168,
    "original_duration": 5.504,
    "mfccs": [
        -284.6968688964844,
        118.47563934326172,
        -6.032533645629883,
        32.84200668334961,
        -15.324078559875488,
        -14.586976051330566,
        -25.631790161132812,
        1.4135520458221436,
        -8.189988136291504,
        -0.06596588343381882,
        -5.08336877822876,
        -6.431764602661133,
        -1.475608468055725
    ],
    "date_created": "2024-06-09T03:47:46.126613"
}