{
    "id": 353,
    "name": "371.wav",
    "original_rms": 0.07157514989376068,
    "original_duration": 5.056,
    "mfccs": [
        -214.12469482421875,
        94.2316665649414,
        -18.49536895751953,
        17.941036224365234,
        -7.762303352355957,
        -1.2137478590011597,
        -10.274524688720703,
        -3.43172025680542,
        -5.928537845611572,
        -1.8931169509887695,
        -5.204620361328125,
        1.08266019821167,
        -2.5708255767822266
    ],
    "date_created": "2024-06-09T03:47:46.135582"
}