{
    "id": 259,
    "name": "1590.wav",
    "original_rms": 0.1890677511692047,
    "original_duration": 9.088,
    "mfccs": [
        -335.7172546386719,
        102.3608169555664,
        -16.520235061645508,
        39.3721923828125,
        -31.569814682006836,
        4.000520706176758,
        -15.980003356933594,
        -6.296360492706299,
        -17.526569366455078,
        -0.19828437268733978,
        6.768935680389404,
        -0.3819299340248108,
        30.091846466064453
    ],
    "date_created": "2024-06-09T03:47:46.155089"
}