{
    "id": 673,
    "name": "402.wav",
    "original_rms": 0.12447139620780945,
    "original_duration": 5.184,
    "mfccs": [
        -225.03369140625,
        64.56654357910156,
        -7.025427341461182,
        19.783069610595703,
        -13.752942085266113,
        -4.208310127258301,
        -8.079747200012207,
        -2.6867761611938477,
        -5.211724281311035,
        -3.0880868434906006,
        -2.6103909015655518,
        -5.970797061920166,
        5.845617771148682
    ],
    "date_created": "2024-06-09T03:47:46.134207"
}