{
    "id": 269,
    "name": "2180.wav",
    "original_rms": 0.047064971178770065,
    "original_duration": 10.432,
    "mfccs": [
        -249.48541259765625,
        77.5281753540039,
        16.110136032104492,
        52.63621520996094,
        4.686493873596191,
        -1.2379319667816162,
        -5.364707946777344,
        22.78052520751953,
        -2.277635335922241,
        5.183291435241699,
        8.315317153930664,
        -3.4238367080688477,
        5.287476539611816
    ],
    "date_created": "2024-06-09T03:47:46.291665"
}