{
    "id": 212,
    "name": "1598.wav",
    "original_rms": 0.08249885588884354,
    "original_duration": 16.768,
    "mfccs": [
        -236.5571746826172,
        73.10558319091797,
        -18.654592514038086,
        16.252546310424805,
        -37.63135528564453,
        -19.578081130981445,
        -27.338462829589844,
        -6.593387603759766,
        -22.144428253173828,
        0.07508466392755508,
        -16.137832641601562,
        -7.416391849517822,
        0.35622820258140564
    ],
    "date_created": "2024-06-09T03:47:46.262222"
}