{
    "id": 688,
    "name": "601.wav",
    "original_rms": 0.0707542896270752,
    "original_duration": 5.696,
    "mfccs": [
        -208.25205993652344,
        82.69351196289062,
        -25.982402801513672,
        21.839784622192383,
        -7.666038990020752,
        -12.600934028625488,
        -8.708150863647461,
        -4.580079078674316,
        -3.3006060123443604,
        -0.5067105293273926,
        1.059066653251648,
        -7.29027795791626,
        -0.03652776777744293
    ],
    "date_created": "2024-06-09T03:47:46.136538"
}