{
    "id": 700,
    "name": "1954.wav",
    "original_rms": 0.13369891047477722,
    "original_duration": 7.616,
    "mfccs": [
        -241.09701538085938,
        100.28743743896484,
        -16.0145320892334,
        26.129350662231445,
        -19.90100860595703,
        3.494170904159546,
        -15.646526336669922,
        2.0226399898529053,
        0.10404929518699646,
        6.620303630828857,
        1.4228219985961914,
        -1.8468643426895142,
        2.668766975402832
    ],
    "date_created": "2024-06-09T03:47:46.255905"
}