{
    "id": 486,
    "name": "37.wav",
    "original_rms": 0.26485908031463623,
    "original_duration": 5.888,
    "mfccs": [
        -208.6941680908203,
        97.92732238769531,
        8.070452690124512,
        39.17850112915039,
        -1.5269407033920288,
        3.6039786338806152,
        3.370400905609131,
        4.2572550773620605,
        -0.4151258170604706,
        3.9542105197906494,
        0.3236508369445801,
        5.420596122741699,
        1.2473983764648438
    ],
    "date_created": "2024-06-09T03:47:46.278294"
}