{
    "id": 125,
    "name": "1727.wav",
    "original_rms": 0.16304554045200348,
    "original_duration": 5.568,
    "mfccs": [
        -234.24337768554688,
        101.2613296508789,
        -22.325637817382812,
        26.99736976623535,
        -10.432578086853027,
        -18.38664436340332,
        1.204364538192749,
        -13.255349159240723,
        -2.016892910003662,
        5.142557621002197,
        -0.9472635984420776,
        -5.834397315979004,
        5.820526123046875
    ],
    "date_created": "2024-06-09T03:47:46.049701"
}