{
    "id": 64,
    "name": "1059.wav",
    "original_rms": 0.08548356592655182,
    "original_duration": 20.8,
    "mfccs": [
        -273.12017822265625,
        111.48046875,
        -1.213402271270752,
        4.8500075340271,
        0.03923938423395157,
        -21.558382034301758,
        1.5248128175735474,
        0.7197242975234985,
        -10.324100494384766,
        7.64235258102417,
        -6.3931498527526855,
        -2.862867593765259,
        -3.291718006134033
    ],
    "date_created": "2024-06-09T03:47:46.274334"
}