{
    "id": 271,
    "name": "659.wav",
    "original_rms": 0.0735137090086937,
    "original_duration": 5.184,
    "mfccs": [
        -303.6910400390625,
        88.43859100341797,
        -23.951679229736328,
        12.360033988952637,
        1.440121054649353,
        -12.797060012817383,
        -0.7130995392799377,
        -5.630251884460449,
        -1.5068994760513306,
        0.021612180396914482,
        5.151424884796143,
        -0.7839849591255188,
        4.437731742858887
    ],
    "date_created": "2024-06-09T03:47:45.959286"
}