{
    "id": 262,
    "name": "1564.wav",
    "original_rms": 0.13657748699188232,
    "original_duration": 5.696,
    "mfccs": [
        -203.9658966064453,
        90.7207260131836,
        1.5518196821212769,
        11.341948509216309,
        -8.813311576843262,
        -3.281494140625,
        -8.639822959899902,
        -5.529470443725586,
        -3.6882729530334473,
        5.931015491485596,
        -2.7619433403015137,
        0.6705158948898315,
        3.364224672317505
    ],
    "date_created": "2024-06-09T03:47:46.246276"
}