{
    "id": 26,
    "name": "900.wav",
    "original_rms": 0.0808473527431488,
    "original_duration": 6.528,
    "mfccs": [
        -263.61053466796875,
        75.97676086425781,
        14.30190372467041,
        41.12504196166992,
        -17.636817932128906,
        -30.197246551513672,
        -13.827072143554688,
        -0.9356720447540283,
        -19.156068801879883,
        -7.824154853820801,
        -8.887850761413574,
        -6.140960693359375,
        -9.337407112121582
    ],
    "date_created": "2024-06-09T03:47:46.290361"
}