{
    "id": 745,
    "name": "299.wav",
    "original_rms": 0.04386972263455391,
    "original_duration": 6.656,
    "mfccs": [
        -269.00482177734375,
        85.3404541015625,
        7.044915676116943,
        2.6471107006073,
        -17.397113800048828,
        1.1088786125183105,
        -22.44084358215332,
        2.8721959590911865,
        -10.118767738342285,
        -2.4876620769500732,
        -7.038441181182861,
        -3.2283201217651367,
        4.233747482299805
    ],
    "date_created": "2024-06-09T03:47:46.049285"
}