{
    "id": 465,
    "name": "100.wav",
    "original_rms": 0.051593344658613205,
    "original_duration": 6.784,
    "mfccs": [
        -267.02532958984375,
        46.68976593017578,
        -33.422122955322266,
        16.827884674072266,
        -7.426927089691162,
        -4.467658042907715,
        -14.026647567749023,
        -2.099687099456787,
        2.3874895572662354,
        -8.106067657470703,
        -2.725228786468506,
        -9.958096504211426,
        3.968095302581787
    ],
    "date_created": "2024-06-09T03:47:45.997116"
}