{
    "id": 293,
    "name": "234.wav",
    "original_rms": 0.06099359318614006,
    "original_duration": 7.744,
    "mfccs": [
        -218.9806365966797,
        55.86350631713867,
        -30.443408966064453,
        33.344520568847656,
        -18.537765502929688,
        -7.435630798339844,
        -13.399784088134766,
        2.027147054672241,
        0.10781010240316391,
        -4.772670269012451,
        1.8616845607757568,
        -10.620038032531738,
        -2.0642778873443604
    ],
    "date_created": "2024-06-09T03:47:46.222839"
}