{
    "id": 265,
    "name": "1335.wav",
    "original_rms": 0.044774267822504044,
    "original_duration": 10.048,
    "mfccs": [
        -273.13653564453125,
        113.32561492919922,
        -7.2359161376953125,
        16.45387840270996,
        -16.977611541748047,
        12.932530403137207,
        -13.376506805419922,
        -4.195630073547363,
        -9.699612617492676,
        -5.280599594116211,
        -11.19070053100586,
        -16.27391242980957,
        7.714170455932617
    ],
    "date_created": "2024-06-09T03:47:46.036375"
}