{
    "id": 752,
    "name": "320.wav",
    "original_rms": 0.09615051001310349,
    "original_duration": 6.272,
    "mfccs": [
        -192.4152374267578,
        98.10025787353516,
        -25.416736602783203,
        7.887637615203857,
        -4.161655902862549,
        -4.831278324127197,
        -4.1279296875,
        -0.17101331055164337,
        -1.0037089586257935,
        4.922624588012695,
        -3.3552346229553223,
        -2.299701690673828,
        -1.1733487844467163
    ],
    "date_created": "2024-06-09T03:47:46.281379"
}