{
    "id": 643,
    "name": "231.wav",
    "original_rms": 0.06788158416748047,
    "original_duration": 6.464,
    "mfccs": [
        -265.904296875,
        94.24691009521484,
        25.472877502441406,
        11.239753723144531,
        10.341506958007812,
        -8.464615821838379,
        -10.412108421325684,
        0.5300249457359314,
        -5.985367298126221,
        -5.511112213134766,
        -10.493444442749023,
        -6.863177299499512,
        -4.6297831535339355
    ],
    "date_created": "2024-06-09T03:47:46.245917"
}