{
    "id": 580,
    "name": "1712.wav",
    "original_rms": 0.07551075518131256,
    "original_duration": 10.048,
    "mfccs": [
        -226.96595764160156,
        63.06008529663086,
        -15.514717102050781,
        8.231435775756836,
        -15.267117500305176,
        -5.837987899780273,
        -15.687061309814453,
        -1.4165239334106445,
        7.623488426208496,
        -6.596308708190918,
        -5.122229099273682,
        -7.359273910522461,
        -9.378803253173828
    ],
    "date_created": "2024-06-09T03:47:46.319772"
}