{
    "id": 371,
    "name": "175.wav",
    "original_rms": 0.08267569541931152,
    "original_duration": 10.304,
    "mfccs": [
        -294.5138854980469,
        135.92230224609375,
        -4.957382678985596,
        26.37840461730957,
        -9.47628116607666,
        -15.663969039916992,
        -3.81829571723938,
        -1.4375249147415161,
        -7.92894172668457,
        0.47693756222724915,
        -0.6722190976142883,
        -3.345038414001465,
        4.684366226196289
    ],
    "date_created": "2024-06-09T03:47:46.088759"
}