{
    "id": 411,
    "name": "573.wav",
    "original_rms": 0.12834161520004272,
    "original_duration": 9.088,
    "mfccs": [
        -294.09112548828125,
        108.2928466796875,
        -12.688705444335938,
        47.45950698852539,
        -19.728836059570312,
        2.2460808753967285,
        -18.75518798828125,
        -5.2698540687561035,
        -3.5003397464752197,
        -5.100689888000488,
        5.490959644317627,
        -5.204538345336914,
        -1.5472453832626343
    ],
    "date_created": "2024-06-09T03:47:46.099619"
}