{
    "id": 71,
    "name": "67.wav",
    "original_rms": 0.0544290654361248,
    "original_duration": 15.936,
    "mfccs": [
        -259.00762939453125,
        98.58656311035156,
        -28.03922462463379,
        13.970999717712402,
        -25.894527435302734,
        -19.498184204101562,
        -13.459746360778809,
        -11.609642028808594,
        -4.207674026489258,
        -15.683554649353027,
        4.515703201293945,
        -13.950824737548828,
        0.23506514728069305
    ],
    "date_created": "2024-06-09T03:47:46.133275"
}