{
    "id": 687,
    "name": "433.wav",
    "original_rms": 0.07140099257230759,
    "original_duration": 5.12,
    "mfccs": [
        -296.715087890625,
        68.56625366210938,
        -5.304892539978027,
        11.275748252868652,
        -22.927202224731445,
        -0.4124106764793396,
        -9.616652488708496,
        -6.678283214569092,
        -16.70844078063965,
        -6.895576000213623,
        -9.934008598327637,
        2.2204551696777344,
        -4.525911331176758
    ],
    "date_created": "2024-06-09T03:47:46.237049"
}