{
    "id": 809,
    "name": "328.wav",
    "original_rms": 0.10831835120916367,
    "original_duration": 5.632,
    "mfccs": [
        -289.0225524902344,
        90.14640808105469,
        -19.423412322998047,
        11.750930786132812,
        -9.506792068481445,
        -7.1186203956604,
        -4.31650447845459,
        -1.984777569770813,
        -4.274909973144531,
        -0.1158982515335083,
        -6.682394027709961,
        -10.818236351013184,
        3.5838751792907715
    ],
    "date_created": "2024-06-09T03:47:45.970472"
}