{
    "id": 110,
    "name": "818.wav",
    "original_rms": 0.069926418364048,
    "original_duration": 9.728,
    "mfccs": [
        -291.3246765136719,
        65.1802978515625,
        -22.16590690612793,
        -18.266637802124023,
        -12.412262916564941,
        -20.852006912231445,
        -21.49946403503418,
        0.7724655866622925,
        -5.44044303894043,
        -13.394235610961914,
        -10.27510929107666,
        -8.641426086425781,
        -0.12678751349449158
    ],
    "date_created": "2024-06-09T03:47:46.145116"
}