{
    "id": 477,
    "name": "1400.wav",
    "original_rms": 0.1116250678896904,
    "original_duration": 5.248,
    "mfccs": [
        -181.34320068359375,
        93.61405181884766,
        -21.347980499267578,
        11.970505714416504,
        -14.448220252990723,
        -13.215982437133789,
        -18.23596954345703,
        -10.10455322265625,
        0.9228863716125488,
        -1.2767399549484253,
        -0.4797190725803375,
        -6.372210502624512,
        -4.586668968200684
    ],
    "date_created": "2024-06-09T03:47:46.239278"
}