{
    "id": 208,
    "name": "1768.wav",
    "original_rms": 0.06592085212469101,
    "original_duration": 9.664,
    "mfccs": [
        -238.42393493652344,
        53.596561431884766,
        -16.817821502685547,
        -17.439390182495117,
        -17.572843551635742,
        -34.9649543762207,
        -32.198081970214844,
        -11.151958465576172,
        -21.742582321166992,
        -7.837506294250488,
        -17.609060287475586,
        -9.839083671569824,
        -13.906368255615234
    ],
    "date_created": "2024-06-09T03:47:46.095885"
}