{
    "id": 83,
    "name": "1493.wav",
    "original_rms": 0.04916509985923767,
    "original_duration": 6.976,
    "mfccs": [
        -247.27084350585938,
        103.82215118408203,
        -10.927863121032715,
        21.713926315307617,
        -18.058101654052734,
        -4.727748870849609,
        -13.940631866455078,
        -3.3983654975891113,
        -6.847443103790283,
        4.1165595054626465,
        -10.434879302978516,
        -5.259077072143555,
        -3.7657296657562256
    ],
    "date_created": "2024-06-09T03:47:46.069701"
}