{
    "id": 466,
    "name": "1063.wav",
    "original_rms": 0.05542486906051636,
    "original_duration": 5.312,
    "mfccs": [
        -182.9546661376953,
        47.86009216308594,
        6.748273849487305,
        6.150351524353027,
        -7.601354122161865,
        -14.505975723266602,
        -1.8950707912445068,
        -3.980158567428589,
        1.4729377031326294,
        -1.9563758373260498,
        3.4037704467773438,
        -5.975714206695557,
        -3.453673839569092
    ],
    "date_created": "2024-06-09T03:47:46.302214"
}