{
    "id": 324,
    "name": "1021.wav",
    "original_rms": 0.0760432630777359,
    "original_duration": 13.632,
    "mfccs": [
        -258.25732421875,
        70.19031524658203,
        -6.075922966003418,
        20.996946334838867,
        -15.873268127441406,
        -12.111495971679688,
        -15.081974983215332,
        2.642098903656006,
        -9.192873001098633,
        5.1862993240356445,
        -2.6111273765563965,
        -7.130650997161865,
        1.6275521516799927
    ],
    "date_created": "2024-06-09T03:47:46.128789"
}