{
    "id": 819,
    "name": "1889.wav",
    "original_rms": 0.04494805261492729,
    "original_duration": 7.168,
    "mfccs": [
        -356.0865478515625,
        127.0140609741211,
        -22.16826057434082,
        0.393468976020813,
        -3.373680591583252,
        -4.482035160064697,
        -11.080132484436035,
        -1.7886722087860107,
        -2.4691410064697266,
        1.140814185142517,
        -10.001701354980469,
        -5.172751426696777,
        -11.457549095153809
    ],
    "date_created": "2024-06-09T03:47:46.034348"
}