{
    "id": 691,
    "name": "1796.wav",
    "original_rms": 0.062192488461732864,
    "original_duration": 5.248,
    "mfccs": [
        -303.10272216796875,
        133.93150329589844,
        -14.090864181518555,
        11.666315078735352,
        -18.567386627197266,
        -15.842185974121094,
        -20.094066619873047,
        4.099364280700684,
        -6.695157051086426,
        4.668397426605225,
        -8.320638656616211,
        -10.495317459106445,
        -0.08220838010311127
    ],
    "date_created": "2024-06-09T03:47:46.079255"
}