{
    "id": 175,
    "name": "217.wav",
    "original_rms": 0.13988307118415833,
    "original_duration": 5.248,
    "mfccs": [
        -362.0209045410156,
        129.76641845703125,
        28.229225158691406,
        18.797393798828125,
        17.188919067382812,
        0.3196165859699249,
        -6.7622785568237305,
        -17.2298526763916,
        -5.68607234954834,
        2.6183488368988037,
        -13.266695976257324,
        -14.706291198730469,
        -11.446754455566406
    ],
    "date_created": "2024-06-09T03:47:46.093241"
}