{
    "id": 622,
    "name": "480.wav",
    "original_rms": 0.10150334984064102,
    "original_duration": 5.568,
    "mfccs": [
        -214.2135467529297,
        64.5333251953125,
        4.827751159667969,
        16.423803329467773,
        13.999652862548828,
        -6.471667766571045,
        3.847266435623169,
        1.5713428258895874,
        4.668431758880615,
        8.17479419708252,
        0.15710857510566711,
        4.319803714752197,
        4.741851806640625
    ],
    "date_created": "2024-06-09T03:47:46.325457"
}