{
    "id": 487,
    "name": "1232.wav",
    "original_rms": 0.12039297819137573,
    "original_duration": 6.976,
    "mfccs": [
        -282.14202880859375,
        126.08138275146484,
        -22.438873291015625,
        5.237307071685791,
        -4.394481658935547,
        -14.223492622375488,
        -3.4928700923919678,
        -5.570877552032471,
        -2.603243827819824,
        -1.9129009246826172,
        -7.193724632263184,
        2.910491466522217,
        0.46320173144340515
    ],
    "date_created": "2024-06-09T03:47:46.101682"
}