{
    "id": 825,
    "name": "1413.wav",
    "original_rms": 0.04526577144861221,
    "original_duration": 5.824,
    "mfccs": [
        -229.97885131835938,
        30.922653198242188,
        -28.230606079101562,
        19.594696044921875,
        -33.70698928833008,
        -15.025960922241211,
        -36.16425323486328,
        -5.100034713745117,
        -2.9876036643981934,
        -3.1762776374816895,
        -17.398561477661133,
        -12.645047187805176,
        11.113198280334473
    ],
    "date_created": "2024-06-09T03:47:46.262580"
}