{
    "id": 513,
    "name": "562.wav",
    "original_rms": 0.13936203718185425,
    "original_duration": 5.184,
    "mfccs": [
        -236.66650390625,
        54.77582550048828,
        -34.161903381347656,
        14.302453994750977,
        -36.52924728393555,
        -24.032329559326172,
        -8.533814430236816,
        -26.48212242126465,
        8.699292182922363,
        -13.906853675842285,
        -5.267591953277588,
        -6.698415756225586,
        -9.360615730285645
    ],
    "date_created": "2024-06-09T03:47:46.129752"
}