{
    "id": 437,
    "name": "2019.wav",
    "original_rms": 0.05889885500073433,
    "original_duration": 13.504,
    "mfccs": [
        -260.64935302734375,
        98.78022766113281,
        -1.92633855342865,
        23.01165008544922,
        8.250752449035645,
        -2.9652328491210938,
        -18.3977108001709,
        -8.199094772338867,
        -11.574173927307129,
        -8.151998519897461,
        -15.799222946166992,
        -2.192765712738037,
        -6.253725528717041
    ],
    "date_created": "2024-06-09T03:47:46.321628"
}