{
    "id": 346,
    "name": "776.wav",
    "original_rms": 0.15143756568431854,
    "original_duration": 5.248,
    "mfccs": [
        -215.80654907226562,
        130.75973510742188,
        -73.37208557128906,
        66.97200012207031,
        -52.21335220336914,
        24.98923110961914,
        -24.961984634399414,
        13.160185813903809,
        -3.396540403366089,
        -8.128171920776367,
        9.426469802856445,
        -20.588624954223633,
        14.78682804107666
    ],
    "date_created": "2024-06-09T03:47:46.155227"
}