{
    "id": 850,
    "name": "1023.wav",
    "original_rms": 0.10336524248123169,
    "original_duration": 5.696,
    "mfccs": [
        -314.4345703125,
        113.66219329833984,
        -13.43210220336914,
        4.212696075439453,
        -23.290300369262695,
        -21.06737518310547,
        -23.711034774780273,
        -15.35745906829834,
        -16.69264030456543,
        -9.688347816467285,
        -11.187932968139648,
        -16.45330810546875,
        -8.448471069335938
    ],
    "date_created": "2024-06-09T03:47:46.166713"
}