{
    "id": 771,
    "name": "1281.wav",
    "original_rms": 0.06332875788211823,
    "original_duration": 7.424,
    "mfccs": [
        -254.8350372314453,
        70.41607666015625,
        -31.874309539794922,
        23.033493041992188,
        -17.893056869506836,
        -5.331274509429932,
        -5.196002006530762,
        4.070506572723389,
        -1.8523451089859009,
        2.3753507137298584,
        2.283698320388794,
        -5.273955821990967,
        5.100117206573486
    ],
    "date_created": "2024-06-09T03:47:46.073681"
}