{
    "id": 136,
    "name": "1926.wav",
    "original_rms": 0.13265375792980194,
    "original_duration": 28.928,
    "mfccs": [
        -321.3145751953125,
        131.880615234375,
        -32.51646041870117,
        24.72079086303711,
        -33.3306770324707,
        -3.097350597381592,
        -18.77727508544922,
        -11.287117004394531,
        7.551992416381836,
        -10.01904010772705,
        0.5509102940559387,
        -8.862537384033203,
        0.37743255496025085
    ],
    "date_created": "2024-06-09T03:47:46.297814"
}