{
    "id": 610,
    "name": "1977.wav",
    "original_rms": 0.19210205972194672,
    "original_duration": 7.616,
    "mfccs": [
        -185.04547119140625,
        120.0324478149414,
        -11.63348388671875,
        33.943546295166016,
        -11.076602935791016,
        7.026625156402588,
        -8.847843170166016,
        -1.7315586805343628,
        2.6556754112243652,
        -0.5100914239883423,
        3.5284485816955566,
        1.5150785446166992,
        -1.2514424324035645
    ],
    "date_created": "2024-06-09T03:47:46.142967"
}