{
    "id": 327,
    "name": "42.wav",
    "original_rms": 0.07175353914499283,
    "original_duration": 5.632,
    "mfccs": [
        -295.70098876953125,
        54.59796905517578,
        -1.419716238975525,
        16.72064781188965,
        -26.038036346435547,
        -10.027155876159668,
        -19.9157657623291,
        -6.042404651641846,
        -8.508832931518555,
        -11.71229076385498,
        -9.902217864990234,
        -13.913554191589355,
        0.330344021320343
    ],
    "date_created": "2024-06-09T03:47:46.239618"
}