{
    "id": 4,
    "name": "551.wav",
    "original_rms": 0.13263647258281708,
    "original_duration": 6.528,
    "mfccs": [
        -262.13226318359375,
        72.36801147460938,
        3.2093937397003174,
        22.872264862060547,
        -11.048707008361816,
        -14.785560607910156,
        -20.088863372802734,
        -5.930932521820068,
        -12.872292518615723,
        -2.377472400665283,
        -14.25925064086914,
        -6.273962497711182,
        -2.444556474685669
    ],
    "date_created": "2024-06-09T03:47:46.180146"
}