{
    "id": 635,
    "name": "822.wav",
    "original_rms": 0.05017799511551857,
    "original_duration": 7.552,
    "mfccs": [
        -309.3614807128906,
        119.77954864501953,
        -9.16856575012207,
        5.553102016448975,
        -9.6980619430542,
        -9.659157752990723,
        -6.388732433319092,
        -8.728967666625977,
        -12.186554908752441,
        -19.947290420532227,
        -2.8159282207489014,
        -1.4087311029434204,
        -2.685992479324341
    ],
    "date_created": "2024-06-09T03:47:46.103028"
}