{
    "id": 660,
    "name": "836.wav",
    "original_rms": 0.20117713510990143,
    "original_duration": 6.272,
    "mfccs": [
        -220.84466552734375,
        79.03872680664062,
        -40.62853240966797,
        -8.220796585083008,
        -28.764841079711914,
        -5.604763507843018,
        -18.945846557617188,
        -13.689011573791504,
        -11.282004356384277,
        -3.9445321559906006,
        -10.139318466186523,
        -7.176512718200684,
        -7.167970180511475
    ],
    "date_created": "2024-06-09T03:47:46.102593"
}