{
    "id": 649,
    "name": "1355.wav",
    "original_rms": 0.06451456993818283,
    "original_duration": 8.064,
    "mfccs": [
        -285.3246765136719,
        83.48468780517578,
        -15.488214492797852,
        11.381712913513184,
        -32.421234130859375,
        -4.206669807434082,
        -14.699974060058594,
        -8.871028900146484,
        -5.888046741485596,
        -17.690587997436523,
        -8.28895092010498,
        -9.681897163391113,
        8.537991523742676
    ],
    "date_created": "2024-06-09T03:47:46.154238"
}