{
    "id": 524,
    "name": "1062.wav",
    "original_rms": 0.041197504848241806,
    "original_duration": 5.504,
    "mfccs": [
        -270.3738098144531,
        59.65785598754883,
        -29.797189712524414,
        26.594268798828125,
        -35.17378616333008,
        -22.729951858520508,
        -19.46403694152832,
        -18.74489974975586,
        -15.443581581115723,
        -20.218481063842773,
        -16.436050415039062,
        -15.853167533874512,
        -12.529080390930176
    ],
    "date_created": "2024-06-09T03:47:46.318318"
}