{
    "id": 618,
    "name": "1180.wav",
    "original_rms": 0.04424210265278816,
    "original_duration": 8.704,
    "mfccs": [
        -272.2544860839844,
        86.08979034423828,
        -28.044952392578125,
        27.946575164794922,
        -12.477744102478027,
        -17.11284637451172,
        -13.378183364868164,
        -10.550719261169434,
        -13.502291679382324,
        -11.697829246520996,
        -6.993262767791748,
        -1.690078616142273,
        0.22601240873336792
    ],
    "date_created": "2024-06-09T03:47:46.151013"
}