{
    "id": 185,
    "name": "2135.wav",
    "original_rms": 0.06332284957170486,
    "original_duration": 7.424,
    "mfccs": [
        -331.3231201171875,
        113.3217544555664,
        35.59357452392578,
        15.158607482910156,
        8.303831100463867,
        6.306074619293213,
        -3.4501984119415283,
        -0.824907660484314,
        -5.380276203155518,
        -0.14591051638126373,
        -5.125966548919678,
        -0.2910357713699341,
        -5.4354729652404785
    ],
    "date_created": "2024-06-09T03:47:46.240312"
}