{
    "id": 507,
    "name": "1658.wav",
    "original_rms": 0.04116501286625862,
    "original_duration": 6.208,
    "mfccs": [
        -338.330810546875,
        121.19916534423828,
        -11.03707504272461,
        19.444046020507812,
        -35.516700744628906,
        -21.955738067626953,
        -14.080305099487305,
        -5.096519470214844,
        -5.285845756530762,
        -10.253060340881348,
        -1.3845131397247314,
        -17.515512466430664,
        1.4648370742797852
    ],
    "date_created": "2024-06-09T03:47:46.309809"
}