{
    "id": 495,
    "name": "1036.wav",
    "original_rms": 0.05159425735473633,
    "original_duration": 12.992,
    "mfccs": [
        -269.2803649902344,
        81.0203628540039,
        -5.071470260620117,
        8.846240043640137,
        -9.452910423278809,
        -10.876897811889648,
        -10.770719528198242,
        -10.103996276855469,
        -8.641998291015625,
        -12.936041831970215,
        -7.102281093597412,
        -6.715433120727539,
        1.5817917585372925
    ],
    "date_created": "2024-06-09T03:47:46.140628"
}