{
    "id": 85,
    "name": "963.wav",
    "original_rms": 0.07523932307958603,
    "original_duration": 9.856,
    "mfccs": [
        -284.3769836425781,
        111.80180358886719,
        -4.107748985290527,
        31.054121017456055,
        -11.55928897857666,
        -11.99842357635498,
        -5.952171802520752,
        -13.564823150634766,
        -5.56298828125,
        -4.789676189422607,
        1.8248482942581177,
        -8.343913078308105,
        -1.8384944200515747
    ],
    "date_created": "2024-06-09T03:47:46.233212"
}