{
    "id": 231,
    "name": "1351.wav",
    "original_rms": 0.05379825085401535,
    "original_duration": 9.344,
    "mfccs": [
        -278.2637634277344,
        85.4710464477539,
        37.4776496887207,
        20.493520736694336,
        -5.28460693359375,
        -0.034198153764009476,
        4.271362781524658,
        -0.7565327882766724,
        9.859435081481934,
        -3.671088933944702,
        9.06361198425293,
        -6.152557373046875,
        7.750451564788818
    ],
    "date_created": "2024-06-09T03:47:46.083448"
}