{
    "id": 602,
    "name": "2109.wav",
    "original_rms": 0.05339948087930679,
    "original_duration": 9.28,
    "mfccs": [
        -323.32684326171875,
        147.32000732421875,
        -24.76462745666504,
        3.4044368267059326,
        0.42612141370773315,
        -14.70862865447998,
        -35.494544982910156,
        -13.464554786682129,
        -8.540401458740234,
        -4.8227105140686035,
        -2.6648354530334473,
        -3.9783053398132324,
        1.253361463546753
    ],
    "date_created": "2024-06-09T03:47:46.239448"
}