{
    "id": 11,
    "name": "931.wav",
    "original_rms": 0.08246412873268127,
    "original_duration": 16.768,
    "mfccs": [
        -308.99945068359375,
        96.06200408935547,
        7.657192230224609,
        1.855442762374878,
        -7.097018718719482,
        -21.46084976196289,
        -14.589387893676758,
        -9.602622985839844,
        -4.638316631317139,
        -7.873990058898926,
        -1.280045986175537,
        -7.789040565490723,
        -1.9788621664047241
    ],
    "date_created": "2024-06-09T03:47:46.038859"
}