{
    "id": 275,
    "name": "1950.wav",
    "original_rms": 0.0909726545214653,
    "original_duration": 9.728,
    "mfccs": [
        -294.4730224609375,
        127.67353820800781,
        -0.07009051740169525,
        8.563558578491211,
        6.347568035125732,
        -6.698264122009277,
        -10.65192699432373,
        -5.324754238128662,
        -19.508054733276367,
        -1.1695960760116577,
        -2.6847119331359863,
        -5.750009536743164,
        -10.706095695495605
    ],
    "date_created": "2024-06-09T03:47:46.221986"
}