{
    "id": 357,
    "name": "1018.wav",
    "original_rms": 0.19868624210357666,
    "original_duration": 5.312,
    "mfccs": [
        -182.26161193847656,
        74.90999603271484,
        -12.283429145812988,
        45.038734436035156,
        -9.26756763458252,
        -7.336528301239014,
        -26.90827751159668,
        -14.704263687133789,
        2.449528694152832,
        6.592815399169922,
        1.7646465301513672,
        -3.134644031524658,
        -14.012894630432129
    ],
    "date_created": "2024-06-09T03:47:46.096773"
}