{
    "id": 552,
    "name": "248.wav",
    "original_rms": 0.06199154257774353,
    "original_duration": 5.504,
    "mfccs": [
        -293.2991638183594,
        121.12700653076172,
        -4.4937238693237305,
        49.352020263671875,
        -5.819960117340088,
        2.69618558883667,
        -7.635070323944092,
        -2.266897678375244,
        11.937487602233887,
        1.5697299242019653,
        3.6614880561828613,
        -1.2893621921539307,
        0.8397389650344849
    ],
    "date_created": "2024-06-09T03:47:45.981466"
}