{
    "id": 224,
    "name": "1732.wav",
    "original_rms": 0.10873903334140778,
    "original_duration": 10.176,
    "mfccs": [
        -276.0208740234375,
        77.2784652709961,
        13.116608619689941,
        41.70143127441406,
        -29.782577514648438,
        -8.876542091369629,
        -14.462343215942383,
        -14.630705833435059,
        -13.879229545593262,
        -1.0741347074508667,
        -0.8773815631866455,
        -6.781177520751953,
        0.4658013582229614
    ],
    "date_created": "2024-06-09T03:47:46.076835"
}