{
    "id": 529,
    "name": "97.wav",
    "original_rms": 0.043322861194610596,
    "original_duration": 11.072,
    "mfccs": [
        -281.3090515136719,
        107.65316772460938,
        -47.29250717163086,
        25.071378707885742,
        -25.489042282104492,
        -5.644864082336426,
        -27.578962326049805,
        -5.767096519470215,
        -13.012782096862793,
        -4.375927925109863,
        -5.930566310882568,
        -11.494782447814941,
        -1.210963249206543
    ],
    "date_created": "2024-06-09T03:47:46.192314"
}