{
    "id": 196,
    "name": "1781.wav",
    "original_rms": 0.1459517776966095,
    "original_duration": 6.72,
    "mfccs": [
        -236.96278381347656,
        65.34268951416016,
        -32.46562194824219,
        9.286231994628906,
        -21.86583709716797,
        -10.821234703063965,
        -17.250280380249023,
        -4.436960220336914,
        -3.6803064346313477,
        1.5398145914077759,
        -1.8987500667572021,
        0.9424751400947571,
        -2.552678108215332
    ],
    "date_created": "2024-06-09T03:47:46.099479"
}