{
    "id": 109,
    "name": "1178.wav",
    "original_rms": 0.040142983198165894,
    "original_duration": 9.728,
    "mfccs": [
        -268.5513000488281,
        93.84781646728516,
        -15.444889068603516,
        36.39033889770508,
        -8.503551483154297,
        -6.5140790939331055,
        -9.234973907470703,
        -14.550122261047363,
        -5.3110551834106445,
        -1.3501410484313965,
        -1.6702815294265747,
        -4.64382791519165,
        -0.5834775567054749
    ],
    "date_created": "2024-06-09T03:47:46.105462"
}