{
    "id": 339,
    "name": "1420.wav",
    "original_rms": 0.08830700069665909,
    "original_duration": 8.896,
    "mfccs": [
        -280.049560546875,
        61.3332633972168,
        -22.571773529052734,
        9.401771545410156,
        -13.46484088897705,
        -9.317831039428711,
        -15.664255142211914,
        -12.449886322021484,
        -11.038468360900879,
        -10.070951461791992,
        -6.5245585441589355,
        -7.92478609085083,
        -9.26838493347168
    ],
    "date_created": "2024-06-09T03:47:46.103952"
}