{
    "id": 408,
    "name": "2261.wav",
    "original_rms": 0.050749968737363815,
    "original_duration": 8.576,
    "mfccs": [
        -191.95448303222656,
        94.86769104003906,
        -27.0302677154541,
        26.906274795532227,
        -18.033414840698242,
        11.288143157958984,
        1.2746073007583618,
        1.9979803562164307,
        4.441237449645996,
        -0.19996847212314606,
        6.755584716796875,
        -4.275347709655762,
        6.385758399963379
    ],
    "date_created": "2024-06-09T03:47:46.095389"
}