{
    "id": 227,
    "name": "2188.wav",
    "original_rms": 0.08246322721242905,
    "original_duration": 5.632,
    "mfccs": [
        -192.79888916015625,
        75.6218490600586,
        -33.15721130371094,
        -21.67874526977539,
        -28.56102180480957,
        -14.04286003112793,
        -24.019166946411133,
        -20.1332950592041,
        -6.8436503410339355,
        -12.220120429992676,
        -8.689848899841309,
        -16.723190307617188,
        -5.718596935272217
    ],
    "date_created": "2024-06-09T03:47:46.002813"
}