{
    "id": 737,
    "name": "636.wav",
    "original_rms": 0.04546869173645973,
    "original_duration": 9.152,
    "mfccs": [
        -292.25701904296875,
        48.00369644165039,
        -13.655973434448242,
        20.85660743713379,
        -11.917962074279785,
        -23.841346740722656,
        -26.863882064819336,
        -10.071429252624512,
        -13.627228736877441,
        -13.039375305175781,
        -5.371179103851318,
        -7.969418525695801,
        -2.2672901153564453
    ],
    "date_created": "2024-06-09T03:47:46.264338"
}