{
    "id": 99,
    "name": "1831.wav",
    "original_rms": 0.05424344912171364,
    "original_duration": 6.144,
    "mfccs": [
        -320.9522705078125,
        112.01077270507812,
        -11.33700180053711,
        23.239774703979492,
        -23.108135223388672,
        -7.237939357757568,
        -16.943063735961914,
        -1.736736536026001,
        -4.232989311218262,
        1.2247501611709595,
        -8.179569244384766,
        -3.617244243621826,
        0.3324415981769562
    ],
    "date_created": "2024-06-09T03:47:46.237238"
}