{
    "id": 698,
    "name": "808.wav",
    "original_rms": 0.09328468888998032,
    "original_duration": 10.496,
    "mfccs": [
        -293.3424377441406,
        79.98506927490234,
        -15.69283676147461,
        8.780920028686523,
        -11.289981842041016,
        -24.191940307617188,
        -3.715449333190918,
        -13.853584289550781,
        -3.0221688747406006,
        -3.4376986026763916,
        -7.844083786010742,
        -3.5368173122406006,
        -4.11203670501709
    ],
    "date_created": "2024-06-09T03:47:46.090560"
}