{
    "id": 37,
    "name": "739.wav",
    "original_rms": 0.04765014350414276,
    "original_duration": 17.728,
    "mfccs": [
        -289.62451171875,
        89.00556945800781,
        24.541868209838867,
        7.4336466789245605,
        -0.5550586581230164,
        -14.380915641784668,
        -19.671588897705078,
        -1.936423897743225,
        -15.447257995605469,
        1.2552213668823242,
        -8.993865966796875,
        -0.37853148579597473,
        -11.248015403747559
    ],
    "date_created": "2024-06-09T03:47:45.954579"
}