{
    "id": 421,
    "name": "537.wav",
    "original_rms": 0.09589214622974396,
    "original_duration": 7.488,
    "mfccs": [
        -300.6153869628906,
        106.46287536621094,
        24.29266929626465,
        -4.2104620933532715,
        7.626919746398926,
        -5.859898090362549,
        -14.707650184631348,
        -0.1427839696407318,
        -8.992509841918945,
        2.754579544067383,
        -14.384025573730469,
        -6.412342548370361,
        -10.388160705566406
    ],
    "date_created": "2024-06-09T03:47:46.320182"
}