{
    "id": 163,
    "name": "1726.wav",
    "original_rms": 0.09713661670684814,
    "original_duration": 8.448,
    "mfccs": [
        -195.88002014160156,
        83.13021087646484,
        -13.167881965637207,
        22.956424713134766,
        -14.255449295043945,
        6.7789306640625,
        -7.9963788986206055,
        -1.19283127784729,
        5.0159220695495605,
        -0.049190837889909744,
        -3.0776145458221436,
        -3.114386796951294,
        -6.452556610107422
    ],
    "date_created": "2024-06-09T03:47:46.076198"
}