{
    "id": 436,
    "name": "1668.wav",
    "original_rms": 0.07523789256811142,
    "original_duration": 9.088,
    "mfccs": [
        -300.46923828125,
        137.62709045410156,
        -10.578354835510254,
        32.96718978881836,
        -6.930782318115234,
        -2.9714553356170654,
        -4.3121442794799805,
        2.0047013759613037,
        -1.3075848817825317,
        3.982018232345581,
        5.146841049194336,
        1.2326003313064575,
        4.516127109527588
    ],
    "date_created": "2024-06-09T03:47:46.001825"
}