{
    "id": 129,
    "name": "1125.wav",
    "original_rms": 0.07141633331775665,
    "original_duration": 5.376,
    "mfccs": [
        -292.2654724121094,
        86.0443344116211,
        -47.01345443725586,
        9.153677940368652,
        -20.924882888793945,
        -16.863798141479492,
        -16.294004440307617,
        -0.759778618812561,
        -3.375157117843628,
        2.1264801025390625,
        -5.90734338760376,
        -10.30164623260498,
        -5.705169200897217
    ],
    "date_created": "2024-06-09T03:47:45.971780"
}