{
    "id": 419,
    "name": "1030.wav",
    "original_rms": 0.07367708534002304,
    "original_duration": 6.656,
    "mfccs": [
        -263.069580078125,
        83.43293762207031,
        -52.047637939453125,
        47.696434020996094,
        -31.792383193969727,
        9.462531089782715,
        -6.707032203674316,
        -11.631073951721191,
        4.887589931488037,
        -12.20046615600586,
        3.295772075653076,
        -4.162342548370361,
        -2.243685007095337
    ],
    "date_created": "2024-06-09T03:47:46.097340"
}