{
    "id": 47,
    "name": "1654.wav",
    "original_rms": 0.11000322550535202,
    "original_duration": 5.312,
    "mfccs": [
        -318.4807434082031,
        134.84124755859375,
        -18.110090255737305,
        48.39963912963867,
        -24.288158416748047,
        15.494277000427246,
        -16.234285354614258,
        13.472905158996582,
        -8.84129810333252,
        1.4865163564682007,
        -2.2340948581695557,
        -6.5869140625,
        8.403359413146973
    ],
    "date_created": "2024-06-09T03:47:46.000886"
}