{
    "id": 503,
    "name": "1031.wav",
    "original_rms": 0.0711708813905716,
    "original_duration": 24.96,
    "mfccs": [
        -276.1456604003906,
        102.7472915649414,
        6.468479633331299,
        15.42048454284668,
        -12.346510887145996,
        -5.035088062286377,
        -22.965194702148438,
        6.425613880157471,
        -10.61501693725586,
        -1.1555447578430176,
        -3.603175163269043,
        -6.394954204559326,
        -1.6929744482040405
    ],
    "date_created": "2024-06-09T03:47:46.127808"
}