{
    "id": 626,
    "name": "1713.wav",
    "original_rms": 0.040054433047771454,
    "original_duration": 6.848,
    "mfccs": [
        -273.31597900390625,
        156.1663818359375,
        -6.074758529663086,
        21.493623733520508,
        0.7214922308921814,
        -18.360435485839844,
        -11.612455368041992,
        -7.453375339508057,
        3.800020456314087,
        2.8114006519317627,
        1.9115163087844849,
        -3.0929250717163086,
        -0.09472274780273438
    ],
    "date_created": "2024-06-09T03:47:46.336641"
}