{
    "id": 543,
    "name": "1605.wav",
    "original_rms": 0.47595736384391785,
    "original_duration": 5.248,
    "mfccs": [
        -460.2984313964844,
        96.09111022949219,
        -3.215994358062744,
        25.93860626220703,
        -0.11518461257219315,
        1.3941749334335327,
        -5.630098819732666,
        1.8624086380004883,
        -2.7913589477539062,
        -0.7035050988197327,
        2.34539794921875,
        -9.230997085571289,
        3.159749746322632
    ],
    "date_created": "2024-06-09T03:47:46.264672"
}