{
    "id": 829,
    "name": "114.wav",
    "original_rms": 0.05224854126572609,
    "original_duration": 12.928,
    "mfccs": [
        -213.06617736816406,
        87.60713195800781,
        -21.849328994750977,
        26.704524993896484,
        -15.257498741149902,
        -7.408106803894043,
        -12.492098808288574,
        2.765674114227295,
        -8.871891021728516,
        6.1977925300598145,
        -3.652129650115967,
        -2.987980842590332,
        1.5876010656356812
    ],
    "date_created": "2024-06-09T03:47:45.998343"
}