{
    "id": 710,
    "name": "2141.wav",
    "original_rms": 0.12314761430025101,
    "original_duration": 7.168,
    "mfccs": [
        -179.76649475097656,
        60.133949279785156,
        7.249984264373779,
        -3.806805372238159,
        -18.135971069335938,
        -0.5953885912895203,
        -28.987102508544922,
        5.245097637176514,
        -11.455052375793457,
        -7.587724208831787,
        -0.02005879580974579,
        -9.269102096557617,
        -2.3473691940307617
    ],
    "date_created": "2024-06-09T03:47:46.284837"
}