{
    "id": 774,
    "name": "540.wav",
    "original_rms": 0.1583387702703476,
    "original_duration": 5.12,
    "mfccs": [
        -256.1322021484375,
        92.656982421875,
        -1.8933241367340088,
        32.97391891479492,
        -10.257604598999023,
        0.44774922728538513,
        2.0290255546569824,
        -4.840677738189697,
        -1.0804650783538818,
        2.914546012878418,
        -8.130208015441895,
        -4.279439449310303,
        -0.7433351278305054
    ],
    "date_created": "2024-06-09T03:47:46.259011"
}