{
    "id": 303,
    "name": "1679.wav",
    "original_rms": 0.06255166232585907,
    "original_duration": 5.504,
    "mfccs": [
        -230.13131713867188,
        82.30001068115234,
        0.6285790801048279,
        20.867029190063477,
        -1.99344003200531,
        11.513598442077637,
        -8.410958290100098,
        -0.5673567652702332,
        -4.237064361572266,
        -0.4707614481449127,
        -2.454558849334717,
        -0.8392542004585266,
        0.828865110874176
    ],
    "date_created": "2024-06-09T03:47:46.034631"
}