{
    "id": 107,
    "name": "532.wav",
    "original_rms": 0.10668281465768814,
    "original_duration": 7.36,
    "mfccs": [
        -165.841552734375,
        43.48136520385742,
        -40.92750930786133,
        6.7170610427856445,
        -25.99108123779297,
        0.4166947901248932,
        -19.369977951049805,
        -1.0226407051086426,
        -4.440096855163574,
        -4.01469612121582,
        0.944107711315155,
        -4.776851177215576,
        -0.2123606950044632
    ],
    "date_created": "2024-06-09T03:47:46.274892"
}