{
    "id": 370,
    "name": "1475.wav",
    "original_rms": 0.042252156883478165,
    "original_duration": 7.68,
    "mfccs": [
        -328.4422302246094,
        131.20108032226562,
        -3.361569881439209,
        16.13055992126465,
        -2.252157211303711,
        -12.474676132202148,
        -8.82421588897705,
        -6.17053747177124,
        0.23625025153160095,
        0.7488916516304016,
        0.5196071267127991,
        -3.4772708415985107,
        1.002253770828247
    ],
    "date_created": "2024-06-09T03:47:46.278739"
}