{
    "id": 696,
    "name": "450.wav",
    "original_rms": 0.1585424542427063,
    "original_duration": 5.12,
    "mfccs": [
        -211.25599670410156,
        96.51647186279297,
        -36.08200454711914,
        14.344097137451172,
        -16.732223510742188,
        -5.708746910095215,
        -8.582742691040039,
        -2.890225410461426,
        4.125598907470703,
        0.13084717094898224,
        -3.6015703678131104,
        -2.1738271713256836,
        -5.130597114562988
    ],
    "date_created": "2024-06-09T03:47:46.293562"
}