{
    "id": 267,
    "name": "1597.wav",
    "original_rms": 0.0432688407599926,
    "original_duration": 5.184,
    "mfccs": [
        -281.2489013671875,
        90.04651641845703,
        -1.0599150657653809,
        30.186311721801758,
        -16.82530403137207,
        -9.299288749694824,
        -0.3644605576992035,
        -28.9461612701416,
        4.498428821563721,
        -8.250202178955078,
        0.972589373588562,
        -5.221970558166504,
        0.9351900219917297
    ],
    "date_created": "2024-06-09T03:47:46.102325"
}