{
    "id": 282,
    "name": "668.wav",
    "original_rms": 0.056613076478242874,
    "original_duration": 5.888,
    "mfccs": [
        -269.9573669433594,
        109.38916778564453,
        12.237927436828613,
        19.85083770751953,
        8.926679611206055,
        6.126175403594971,
        1.5608822107315063,
        13.160055160522461,
        -1.4425503015518188,
        8.963735580444336,
        7.085121154785156,
        2.9880027770996094,
        11.91220760345459
    ],
    "date_created": "2024-06-09T03:47:46.329885"
}