{
    "id": 395,
    "name": "542.wav",
    "original_rms": 0.05028257519006729,
    "original_duration": 9.408,
    "mfccs": [
        -302.3870544433594,
        82.70541381835938,
        2.1604833602905273,
        -4.411931037902832,
        -11.168623924255371,
        -12.553531646728516,
        -6.583429336547852,
        -9.954164505004883,
        -4.045760154724121,
        -12.587238311767578,
        -2.666217088699341,
        -13.330463409423828,
        -4.1547441482543945
    ],
    "date_created": "2024-06-09T03:47:46.256915"
}