{
    "id": 836,
    "name": "78.wav",
    "original_rms": 0.25513771176338196,
    "original_duration": 5.632,
    "mfccs": [
        -276.534912109375,
        97.0694351196289,
        -23.49244499206543,
        17.975595474243164,
        -4.399507522583008,
        -14.089479446411133,
        -8.377542495727539,
        -4.709244251251221,
        2.3508083820343018,
        -3.433671474456787,
        -6.687044143676758,
        -1.4127947092056274,
        -1.483583927154541
    ],
    "date_created": "2024-06-09T03:47:46.270726"
}