{
    "id": 783,
    "name": "2034.wav",
    "original_rms": 0.09149330854415894,
    "original_duration": 9.408,
    "mfccs": [
        -241.84263610839844,
        51.118003845214844,
        -24.22374153137207,
        18.095745086669922,
        -28.88591957092285,
        -3.0691657066345215,
        -23.345123291015625,
        -1.2912544012069702,
        -7.464890480041504,
        -8.605325698852539,
        -8.050087928771973,
        -10.141725540161133,
        1.9736759662628174
    ],
    "date_created": "2024-06-09T03:47:46.275667"
}