{
    "id": 420,
    "name": "1202.wav",
    "original_rms": 0.17943115532398224,
    "original_duration": 7.808,
    "mfccs": [
        -220.5876007080078,
        92.74974822998047,
        -8.659647941589355,
        15.929990768432617,
        -11.452960014343262,
        -1.5098670721054077,
        -9.058266639709473,
        7.650533676147461,
        -2.826831817626953,
        2.34865140914917,
        -1.1295357942581177,
        -1.1811023950576782,
        2.8791990280151367
    ],
    "date_created": "2024-06-09T03:47:46.246432"
}