{
    "id": 166,
    "name": "1513.wav",
    "original_rms": 0.07526543736457825,
    "original_duration": 8.64,
    "mfccs": [
        -297.2504577636719,
        134.3637237548828,
        -17.758638381958008,
        1.9130924940109253,
        -8.570457458496094,
        -20.3924503326416,
        -17.772197723388672,
        -9.364221572875977,
        -10.0458984375,
        7.89967155456543,
        -15.768778800964355,
        -1.4848333597183228,
        -12.83041000366211
    ],
    "date_created": "2024-06-09T03:47:46.304641"
}