{
    "id": 588,
    "name": "1982.wav",
    "original_rms": 0.1389116793870926,
    "original_duration": 5.184,
    "mfccs": [
        -331.6165466308594,
        115.26112365722656,
        -23.37027931213379,
        22.459915161132812,
        -25.34697151184082,
        -15.077054977416992,
        -10.152305603027344,
        -12.78400993347168,
        -1.6739994287490845,
        -7.524085998535156,
        0.5687640905380249,
        -3.740878105163574,
        4.962470531463623
    ],
    "date_created": "2024-06-09T03:47:46.245086"
}