{
    "id": 671,
    "name": "1592.wav",
    "original_rms": 0.14858613908290863,
    "original_duration": 13.952,
    "mfccs": [
        -299.1722106933594,
        115.18893432617188,
        -0.7742587327957153,
        8.507711410522461,
        -14.04213809967041,
        -11.748757362365723,
        -12.871796607971191,
        -2.4957423210144043,
        -10.164833068847656,
        4.624965667724609,
        -8.909049034118652,
        0.5301880836486816,
        -0.7699620723724365
    ],
    "date_created": "2024-06-09T03:47:46.131622"
}