{
    "id": 720,
    "name": "654.wav",
    "original_rms": 0.0632251724600792,
    "original_duration": 5.76,
    "mfccs": [
        -250.4429473876953,
        66.89640045166016,
        -19.38262367248535,
        14.273200988769531,
        -28.01873779296875,
        -19.41242790222168,
        -18.50574493408203,
        -15.008014678955078,
        -6.71559476852417,
        -13.169549942016602,
        -7.665799617767334,
        -10.794004440307617,
        -0.6005492806434631
    ],
    "date_created": "2024-06-09T03:47:46.330640"
}