{
    "id": 1,
    "name": "1855.wav",
    "original_rms": 0.04328057914972305,
    "original_duration": 21.824,
    "mfccs": [
        -247.59768676757812,
        73.47111511230469,
        -21.53904914855957,
        -4.745550155639648,
        -41.58863830566406,
        -10.484135627746582,
        -11.624505043029785,
        -12.712747573852539,
        -11.073762893676758,
        -6.545001029968262,
        -12.362710952758789,
        -12.266692161560059,
        -9.550044059753418
    ],
    "date_created": "2024-06-09T03:47:46.327752"
}