{
    "id": 531,
    "name": "2073.wav",
    "original_rms": 0.09331580996513367,
    "original_duration": 5.696,
    "mfccs": [
        -220.20457458496094,
        65.70470428466797,
        -20.23822593688965,
        16.0899715423584,
        -14.188081741333008,
        -5.811915874481201,
        -14.270123481750488,
        -4.752133369445801,
        0.7560038566589355,
        -1.5507663488388062,
        -0.14875103533267975,
        0.32016342878341675,
        -8.321174621582031
    ],
    "date_created": "2024-06-09T03:47:46.144110"
}