{
    "id": 730,
    "name": "263.wav",
    "original_rms": 0.11346844583749771,
    "original_duration": 6.656,
    "mfccs": [
        -276.0167541503906,
        88.26283264160156,
        -13.251314163208008,
        19.517847061157227,
        -21.016443252563477,
        -2.5314905643463135,
        -15.026004791259766,
        3.408870220184326,
        -5.992705345153809,
        -1.0429874658584595,
        -2.7931482791900635,
        -14.023595809936523,
        -2.916720390319824
    ],
    "date_created": "2024-06-09T03:47:46.012467"
}