{
    "id": 669,
    "name": "2125.wav",
    "original_rms": 0.10264743864536285,
    "original_duration": 7.232,
    "mfccs": [
        -222.77005004882812,
        85.17512512207031,
        9.334478378295898,
        4.589867115020752,
        -9.330379486083984,
        5.654404163360596,
        -15.602215766906738,
        -6.157463550567627,
        -0.9786334037780762,
        -0.4882405400276184,
        -1.818881630897522,
        -6.6577911376953125,
        -5.035447597503662
    ],
    "date_created": "2024-06-09T03:47:46.248736"
}