{
    "id": 440,
    "name": "501.wav",
    "original_rms": 0.06863799691200256,
    "original_duration": 12.544,
    "mfccs": [
        -240.2512664794922,
        54.42300796508789,
        -56.410037994384766,
        7.723801612854004,
        -42.51728057861328,
        -14.919441223144531,
        -34.71708297729492,
        -7.670351982116699,
        -12.132768630981445,
        -9.90491008758545,
        -5.365553855895996,
        -18.21403694152832,
        -4.184510707855225
    ],
    "date_created": "2024-06-09T03:47:46.016338"
}