{
    "id": 382,
    "name": "748.wav",
    "original_rms": 0.04887552559375763,
    "original_duration": 11.328,
    "mfccs": [
        -331.9122314453125,
        123.6327133178711,
        5.38936710357666,
        25.365589141845703,
        -3.760267972946167,
        2.7508578300476074,
        -3.0038819313049316,
        -5.668101787567139,
        8.766937255859375,
        -2.7122907638549805,
        -2.791299819946289,
        4.880997657775879,
        -5.0074334144592285
    ],
    "date_created": "2024-06-09T03:47:46.131798"
}