{
    "id": 127,
    "name": "449.wav",
    "original_rms": 0.07031233608722687,
    "original_duration": 6.656,
    "mfccs": [
        -218.32614135742188,
        80.69734954833984,
        -29.528413772583008,
        28.05913543701172,
        -14.838912010192871,
        -7.320155620574951,
        -15.951176643371582,
        -16.41351890563965,
        -5.908605098724365,
        -13.773151397705078,
        -1.6993852853775024,
        -6.734234809875488,
        -4.559205532073975
    ],
    "date_created": "2024-06-09T03:47:46.033276"
}