{
    "id": 768,
    "name": "2094.wav",
    "original_rms": 0.04088640585541725,
    "original_duration": 7.744,
    "mfccs": [
        -286.9830017089844,
        93.4466552734375,
        -17.461519241333008,
        21.693464279174805,
        -22.7574520111084,
        -9.90265941619873,
        -22.47739028930664,
        -8.000572204589844,
        -9.278023719787598,
        -10.412117004394531,
        -3.5194270610809326,
        -10.394904136657715,
        5.6801438331604
    ],
    "date_created": "2024-06-09T03:47:46.189285"
}