{
    "id": 131,
    "name": "1317.wav",
    "original_rms": 0.06256236881017685,
    "original_duration": 6.656,
    "mfccs": [
        -276.5735168457031,
        85.37572479248047,
        -11.727096557617188,
        6.912845134735107,
        -11.975723266601562,
        -8.006302833557129,
        -18.85013198852539,
        -5.923304557800293,
        -8.812097549438477,
        -1.6460479497909546,
        -15.311094284057617,
        -7.593069553375244,
        -6.5724382400512695
    ],
    "date_created": "2024-06-09T03:47:46.331909"
}