{
    "id": 788,
    "name": "373.wav",
    "original_rms": 0.10232973843812943,
    "original_duration": 5.248,
    "mfccs": [
        -206.81503295898438,
        21.120634078979492,
        -39.84770584106445,
        -8.379819869995117,
        -42.498863220214844,
        -15.69907283782959,
        -31.35065460205078,
        -8.53539752960205,
        -10.98811149597168,
        -6.909834384918213,
        -11.202733039855957,
        -15.598651885986328,
        -2.1391994953155518
    ],
    "date_created": "2024-06-09T03:47:46.150327"
}