{
    "id": 598,
    "name": "1747.wav",
    "original_rms": 0.10398852080106735,
    "original_duration": 7.488,
    "mfccs": [
        -260.91729736328125,
        38.331058502197266,
        11.790093421936035,
        38.515724182128906,
        -3.1406056880950928,
        -17.774972915649414,
        -17.25539779663086,
        -6.832566738128662,
        -9.570528984069824,
        -10.856563568115234,
        -9.663187026977539,
        -0.44745656847953796,
        -11.614845275878906
    ],
    "date_created": "2024-06-09T03:47:46.128956"
}