{
    "id": 108,
    "name": "1238.wav",
    "original_rms": 0.06355171650648117,
    "original_duration": 5.376,
    "mfccs": [
        -356.62469482421875,
        108.39535522460938,
        -13.074341773986816,
        -3.9361720085144043,
        -28.193185806274414,
        -18.76382064819336,
        -32.569908142089844,
        -12.856146812438965,
        -17.02244758605957,
        -13.893674850463867,
        -12.57973575592041,
        -13.838770866394043,
        -2.54236102104187
    ],
    "date_created": "2024-06-09T03:47:46.181555"
}