{
    "id": 558,
    "name": "1589.wav",
    "original_rms": 0.05631367117166519,
    "original_duration": 8.384,
    "mfccs": [
        -274.87554931640625,
        72.80828857421875,
        15.134373664855957,
        26.674680709838867,
        -16.224931716918945,
        -14.87962818145752,
        -21.401691436767578,
        -1.231568694114685,
        -14.517067909240723,
        0.668768048286438,
        -2.729174852371216,
        -2.9031660556793213,
        0.43194112181663513
    ],
    "date_created": "2024-06-09T03:47:46.189042"
}