{
    "id": 230,
    "name": "1507.wav",
    "original_rms": 0.05349351093173027,
    "original_duration": 5.696,
    "mfccs": [
        -254.03712463378906,
        70.17808532714844,
        -33.47740173339844,
        10.431559562683105,
        -27.449134826660156,
        -18.22877311706543,
        -33.72611999511719,
        -6.668617248535156,
        -21.062841415405273,
        -6.848211288452148,
        -10.406208038330078,
        -4.9787726402282715,
        -4.886518955230713
    ],
    "date_created": "2024-06-09T03:47:46.304838"
}