{
    "id": 485,
    "name": "1464.wav",
    "original_rms": 0.07626689225435257,
    "original_duration": 6.016,
    "mfccs": [
        -407.1064758300781,
        134.4273681640625,
        -13.934649467468262,
        2.2695202827453613,
        -31.391437530517578,
        -22.36705207824707,
        -18.185832977294922,
        -26.069063186645508,
        -19.355300903320312,
        -4.098621368408203,
        -9.128588676452637,
        -21.234132766723633,
        -6.55750846862793
    ],
    "date_created": "2024-06-09T03:47:46.323395"
}