{
    "id": 225,
    "name": "651.wav",
    "original_rms": 0.07088524103164673,
    "original_duration": 7.296,
    "mfccs": [
        -258.633544921875,
        72.27051544189453,
        11.859835624694824,
        17.42471694946289,
        -4.754955768585205,
        -10.255608558654785,
        -13.801546096801758,
        -6.263959884643555,
        -6.265839576721191,
        -1.5494017601013184,
        -4.044249057769775,
        0.17817814648151398,
        0.4329521059989929
    ],
    "date_created": "2024-06-09T03:47:46.283621"
}