{
    "id": 138,
    "name": "842.wav",
    "original_rms": 0.06037460267543793,
    "original_duration": 11.264,
    "mfccs": [
        -277.20745849609375,
        107.72429656982422,
        -35.797332763671875,
        31.501710891723633,
        -2.416166067123413,
        -6.754855632781982,
        -7.835753440856934,
        -9.935927391052246,
        6.431419849395752,
        7.293796062469482,
        1.773052453994751,
        -4.939687252044678,
        -2.903963327407837
    ],
    "date_created": "2024-06-09T03:47:45.956148"
}