{
    "id": 90,
    "name": "1004.wav",
    "original_rms": 0.08708325028419495,
    "original_duration": 15.168,
    "mfccs": [
        -227.87625122070312,
        69.46452331542969,
        9.696059226989746,
        25.113222122192383,
        -24.1059627532959,
        10.532413482666016,
        -21.49419593811035,
        9.872723579406738,
        -7.375796318054199,
        5.898312091827393,
        -1.662145733833313,
        -7.621804237365723,
        3.6469905376434326
    ],
    "date_created": "2024-06-09T03:47:46.243409"
}