{
    "id": 728,
    "name": "435.wav",
    "original_rms": 0.14502082765102386,
    "original_duration": 7.68,
    "mfccs": [
        -242.18063354492188,
        70.86299133300781,
        -1.2183079719543457,
        22.975236892700195,
        -18.007492065429688,
        -13.303191184997559,
        -16.438796997070312,
        -0.3983733057975769,
        -6.594108581542969,
        -6.117347717285156,
        1.9895581007003784,
        -10.113304138183594,
        8.52794361114502
    ],
    "date_created": "2024-06-09T03:47:46.267869"
}