{
    "id": 285,
    "name": "491.wav",
    "original_rms": 0.06941159814596176,
    "original_duration": 5.504,
    "mfccs": [
        -182.04336547851562,
        45.63016891479492,
        0.6371716260910034,
        16.129409790039062,
        -7.00103235244751,
        1.5636117458343506,
        -2.5008232593536377,
        11.664207458496094,
        -8.28609848022461,
        7.3137526512146,
        -6.222157955169678,
        0.11708933860063553,
        -3.2562527656555176
    ],
    "date_created": "2024-06-09T03:47:46.281202"
}