{
    "id": 31,
    "name": "1662.wav",
    "original_rms": 0.07627072185277939,
    "original_duration": 5.184,
    "mfccs": [
        -263.40850830078125,
        91.32679748535156,
        -25.163671493530273,
        40.48344802856445,
        -14.631884574890137,
        14.230298042297363,
        -5.6418232917785645,
        -0.40785062313079834,
        3.1477537155151367,
        1.9984019994735718,
        9.216856002807617,
        -9.307210922241211,
        14.07846736907959
    ],
    "date_created": "2024-06-09T03:47:46.282780"
}