{
    "id": 631,
    "name": "1370.wav",
    "original_rms": 0.08075367659330368,
    "original_duration": 5.76,
    "mfccs": [
        -274.0189514160156,
        127.85225677490234,
        -28.715248107910156,
        -3.0694973468780518,
        -19.56422996520996,
        -22.648855209350586,
        -22.933565139770508,
        -4.057245254516602,
        -9.443766593933105,
        -3.936570882797241,
        -6.243407726287842,
        -6.52366828918457,
        0.950456976890564
    ],
    "date_created": "2024-06-09T03:47:46.190944"
}