{
    "id": 791,
    "name": "989.wav",
    "original_rms": 0.06189725920557976,
    "original_duration": 5.056,
    "mfccs": [
        -210.2646484375,
        63.69236373901367,
        -30.443565368652344,
        17.53560447692871,
        -32.24726486206055,
        -1.2743786573410034,
        -15.77584171295166,
        -5.227617263793945,
        -4.927447319030762,
        -6.652979850769043,
        0.24278050661087036,
        -6.035585403442383,
        -3.4829373359680176
    ],
    "date_created": "2024-06-09T03:47:46.240704"
}