{
    "id": 34,
    "name": "391.wav",
    "original_rms": 0.13881365954875946,
    "original_duration": 16.128,
    "mfccs": [
        -321.1741638183594,
        86.90076446533203,
        -5.042708396911621,
        22.00505828857422,
        -31.303007125854492,
        -12.535107612609863,
        -19.009416580200195,
        -7.241868019104004,
        -15.57544994354248,
        -15.995183944702148,
        -7.721499443054199,
        -11.839428901672363,
        -6.252239227294922
    ],
    "date_created": "2024-06-09T03:47:46.265995"
}