{
    "id": 12,
    "name": "336.wav",
    "original_rms": 0.07180888205766678,
    "original_duration": 5.824,
    "mfccs": [
        -255.5779571533203,
        127.13465118408203,
        -32.94157791137695,
        12.577644348144531,
        -27.58980369567871,
        0.026014680042862892,
        -16.28416633605957,
        8.84381103515625,
        -6.234253883361816,
        -7.043475151062012,
        -9.654166221618652,
        -5.063872814178467,
        -7.782113075256348
    ],
    "date_created": "2024-06-09T03:47:46.293043"
}