{
    "id": 448,
    "name": "2075.wav",
    "original_rms": 0.04940113425254822,
    "original_duration": 23.616,
    "mfccs": [
        -245.22821044921875,
        82.4460220336914,
        -2.172492027282715,
        34.25934982299805,
        -18.651460647583008,
        10.78463077545166,
        -7.8419508934021,
        4.03292179107666,
        -4.188604831695557,
        -5.160360336303711,
        1.8370921611785889,
        -10.614294052124023,
        1.0024540424346924
    ],
    "date_created": "2024-06-09T03:47:46.101015"
}