{
    "id": 680,
    "name": "1930.wav",
    "original_rms": 0.05379725992679596,
    "original_duration": 18.944,
    "mfccs": [
        -258.55389404296875,
        108.52992248535156,
        -32.98586654663086,
        22.43995475769043,
        -10.048919677734375,
        -2.6843044757843018,
        0.5253027677536011,
        9.190208435058594,
        -4.816463947296143,
        -5.879115104675293,
        -7.83726692199707,
        -7.640411853790283,
        2.8651466369628906
    ],
    "date_created": "2024-06-09T03:47:46.275080"
}