{
    "id": 251,
    "name": "267.wav",
    "original_rms": 0.0514238066971302,
    "original_duration": 9.472,
    "mfccs": [
        -252.75332641601562,
        64.24356842041016,
        3.757547378540039,
        34.234806060791016,
        2.91037654876709,
        0.7425947189331055,
        -9.012222290039062,
        -13.690210342407227,
        -2.9518725872039795,
        -9.022686004638672,
        -2.3017609119415283,
        -4.704460620880127,
        -5.350518703460693
    ],
    "date_created": "2024-06-09T03:47:46.015851"
}