{
    "id": 151,
    "name": "1789.wav",
    "original_rms": 0.0702228769659996,
    "original_duration": 7.552,
    "mfccs": [
        -235.94984436035156,
        85.25273132324219,
        -14.659722328186035,
        12.797000885009766,
        -2.8676066398620605,
        -4.626202583312988,
        -18.183076858520508,
        -8.537812232971191,
        -15.760857582092285,
        -7.128307342529297,
        -13.494505882263184,
        -9.845376968383789,
        -14.786468505859375
    ],
    "date_created": "2024-06-09T03:47:46.242738"
}