{
    "id": 111,
    "name": "229.wav",
    "original_rms": 0.08084232360124588,
    "original_duration": 5.248,
    "mfccs": [
        -187.38888549804688,
        85.76496887207031,
        -9.038104057312012,
        17.947994232177734,
        -13.183712005615234,
        -5.106438159942627,
        -17.286540985107422,
        -15.224604606628418,
        -0.8337441086769104,
        -0.08201953768730164,
        -2.1786677837371826,
        -0.6873993277549744,
        -2.6241817474365234
    ],
    "date_created": "2024-06-09T03:47:46.098047"
}