{
    "id": 226,
    "name": "235.wav",
    "original_rms": 0.08114154636859894,
    "original_duration": 5.824,
    "mfccs": [
        -265.7407531738281,
        94.5676040649414,
        -19.321712493896484,
        18.771469116210938,
        -18.212066650390625,
        14.158684730529785,
        -0.10297646373510361,
        -5.0581512451171875,
        9.645801544189453,
        -0.11878826469182968,
        2.4781734943389893,
        -5.244554042816162,
        2.352773427963257
    ],
    "date_created": "2024-06-09T03:47:46.242114"
}