{
    "id": 590,
    "name": "1378.wav",
    "original_rms": 0.08708326518535614,
    "original_duration": 8.768,
    "mfccs": [
        -260.24346923828125,
        64.66358947753906,
        5.577928066253662,
        21.919363021850586,
        -21.10087776184082,
        -5.6235198974609375,
        -11.409260749816895,
        -4.270451068878174,
        -8.949292182922363,
        -7.708751201629639,
        -8.567483901977539,
        0.19229863584041595,
        -3.8389055728912354
    ],
    "date_created": "2024-06-09T03:47:46.091205"
}