{
    "id": 359,
    "name": "2000.wav",
    "original_rms": 0.15990868210792542,
    "original_duration": 6.592,
    "mfccs": [
        -221.75086975097656,
        84.44923400878906,
        -23.631242752075195,
        -0.1917860358953476,
        -16.56459617614746,
        -19.184131622314453,
        -9.938742637634277,
        -11.021406173706055,
        -6.6087327003479,
        -6.608696460723877,
        -11.233837127685547,
        -4.4936442375183105,
        -9.547572135925293
    ],
    "date_created": "2024-06-09T03:47:45.979369"
}