{
    "id": 683,
    "name": "639.wav",
    "original_rms": 0.07725466787815094,
    "original_duration": 20.16,
    "mfccs": [
        -366.88385009765625,
        131.6652374267578,
        -26.108057022094727,
        5.1737189292907715,
        -36.436767578125,
        -34.7025260925293,
        -25.754499435424805,
        -9.399806022644043,
        -18.542570114135742,
        -9.537970542907715,
        -9.298495292663574,
        -17.78150749206543,
        -1.3159548044204712
    ],
    "date_created": "2024-06-09T03:47:46.104358"
}