{
    "id": 430,
    "name": "702.wav",
    "original_rms": 0.07799133658409119,
    "original_duration": 5.376,
    "mfccs": [
        -240.48764038085938,
        131.38796997070312,
        -32.835689544677734,
        9.856593132019043,
        -8.40434455871582,
        -12.646400451660156,
        -8.337724685668945,
        -8.306735038757324,
        -2.561124801635742,
        0.06643035262823105,
        -7.456850051879883,
        0.36064866185188293,
        -3.248171329498291
    ],
    "date_created": "2024-06-09T03:47:46.037879"
}