{
    "id": 13,
    "name": "594.wav",
    "original_rms": 0.08007880300283432,
    "original_duration": 6.144,
    "mfccs": [
        -331.1978454589844,
        120.30372619628906,
        -25.66432762145996,
        9.564054489135742,
        -2.2666563987731934,
        -26.83660316467285,
        -0.7373517155647278,
        -1.025929570198059,
        -0.03636770322918892,
        -0.478477418422699,
        -2.504704713821411,
        -1.0743666887283325,
        2.781385898590088
    ],
    "date_created": "2024-06-09T03:47:46.244733"
}