{
    "id": 17,
    "name": "2286.wav",
    "original_rms": 0.08611945807933807,
    "original_duration": 5.568,
    "mfccs": [
        -306.04351806640625,
        138.22817993164062,
        -3.604137659072876,
        13.64003849029541,
        -1.329849123954773,
        -15.242451667785645,
        -2.5791451930999756,
        -3.288844108581543,
        -6.097521781921387,
        3.667048931121826,
        -4.121992588043213,
        -2.8473706245422363,
        -0.7867880463600159
    ],
    "date_created": "2024-06-09T03:47:46.272329"
}