{
    "id": 84,
    "name": "2216.wav",
    "original_rms": 0.044434722512960434,
    "original_duration": 7.616,
    "mfccs": [
        -253.37783813476562,
        100.51658630371094,
        -2.322103500366211,
        30.408729553222656,
        16.060245513916016,
        -9.547134399414062,
        5.7078070640563965,
        12.856398582458496,
        11.654220581054688,
        11.302289009094238,
        5.6037726402282715,
        2.8224267959594727,
        0.28641432523727417
    ],
    "date_created": "2024-06-09T03:47:45.982532"
}