{
    "id": 577,
    "name": "1349.wav",
    "original_rms": 0.044098105281591415,
    "original_duration": 6.208,
    "mfccs": [
        -249.76551818847656,
        88.85734558105469,
        -3.285909652709961,
        -8.834197044372559,
        -10.726164817810059,
        -4.777604579925537,
        -5.459027290344238,
        0.23596453666687012,
        -3.793703556060791,
        2.229334592819214,
        -3.5237550735473633,
        -6.279181480407715,
        -2.066514730453491
    ],
    "date_created": "2024-06-09T03:47:46.263293"
}