{
    "id": 858,
    "name": "182.wav",
    "original_rms": 0.08210667222738266,
    "original_duration": 6.528,
    "mfccs": [
        -323.6370544433594,
        112.58477783203125,
        -4.250770092010498,
        18.182619094848633,
        -13.489500045776367,
        -7.01996374130249,
        -4.210954189300537,
        -0.8353880047798157,
        3.5756115913391113,
        0.011755098588764668,
        4.1389994621276855,
        -11.295025825500488,
        5.007246494293213
    ],
    "date_created": "2024-06-09T03:47:46.190773"
}