{
    "id": 512,
    "name": "99.wav",
    "original_rms": 0.06126648932695389,
    "original_duration": 9.728,
    "mfccs": [
        -238.984375,
        78.63690948486328,
        7.649656772613525,
        18.730926513671875,
        -17.881818771362305,
        -7.452683448791504,
        -10.163737297058105,
        0.9520852565765381,
        0.35775935649871826,
        1.9522277116775513,
        4.952347278594971,
        -1.4485435485839844,
        8.266014099121094
    ],
    "date_created": "2024-06-09T03:47:46.136693"
}