{
    "id": 325,
    "name": "1445.wav",
    "original_rms": 0.09554114192724228,
    "original_duration": 5.248,
    "mfccs": [
        -257.340576171875,
        69.83917236328125,
        -12.825607299804688,
        35.01762771606445,
        -8.381425857543945,
        -10.358384132385254,
        -8.290167808532715,
        2.4968347549438477,
        -4.310298919677734,
        4.47862434387207,
        -3.578993558883667,
        1.2730389833450317,
        -2.778761386871338
    ],
    "date_created": "2024-06-09T03:47:46.056825"
}