{
    "id": 761,
    "name": "83.wav",
    "original_rms": 0.04151814803481102,
    "original_duration": 5.696,
    "mfccs": [
        -226.83853149414062,
        82.14962005615234,
        -20.34899139404297,
        27.34955406188965,
        4.012669086456299,
        -20.62240219116211,
        -5.804097652435303,
        -6.351487636566162,
        4.655274391174316,
        5.367334842681885,
        -5.890172481536865,
        6.549718379974365,
        -8.536606788635254
    ],
    "date_created": "2024-06-09T03:47:46.192119"
}