{
    "id": 723,
    "name": "855.wav",
    "original_rms": 0.06027444452047348,
    "original_duration": 17.984,
    "mfccs": [
        -302.5702209472656,
        121.39666748046875,
        -15.738106727600098,
        7.473803997039795,
        -8.108423233032227,
        -27.33609390258789,
        -4.789625644683838,
        -13.666543960571289,
        -4.902896404266357,
        -2.2194812297821045,
        -9.983609199523926,
        -5.894285678863525,
        -2.428861618041992
    ],
    "date_created": "2024-06-09T03:47:45.992943"
}