{
    "id": 713,
    "name": "459.wav",
    "original_rms": 0.09217102080583572,
    "original_duration": 16.128,
    "mfccs": [
        -283.0485534667969,
        71.92347717285156,
        18.941904067993164,
        17.667627334594727,
        -22.63310432434082,
        -17.459049224853516,
        -18.429420471191406,
        -6.421492576599121,
        -9.276068687438965,
        -3.8694112300872803,
        -6.457287311553955,
        -8.353287696838379,
        -3.3274941444396973
    ],
    "date_created": "2024-06-09T03:47:46.000737"
}