{
    "id": 7,
    "name": "764.wav",
    "original_rms": 0.06834124773740768,
    "original_duration": 6.528,
    "mfccs": [
        -266.0227355957031,
        119.79764556884766,
        18.233430862426758,
        5.231603145599365,
        -8.636841773986816,
        2.3592355251312256,
        1.5666571855545044,
        5.809117794036865,
        3.7033843994140625,
        4.969045639038086,
        -4.388843059539795,
        1.0416288375854492,
        5.191463947296143
    ],
    "date_created": "2024-06-09T03:47:46.124597"
}