{
    "id": 242,
    "name": "832.wav",
    "original_rms": 0.0591362863779068,
    "original_duration": 6.72,
    "mfccs": [
        -259.9854736328125,
        126.68592071533203,
        -12.420905113220215,
        51.157737731933594,
        -17.566017150878906,
        1.3482681512832642,
        -5.029281139373779,
        15.981237411499023,
        -1.6811363697052002,
        6.414980888366699,
        12.170514106750488,
        -8.350255012512207,
        16.451387405395508
    ],
    "date_created": "2024-06-09T03:47:46.138051"
}