{
    "id": 301,
    "name": "1017.wav",
    "original_rms": 0.07305807620286942,
    "original_duration": 5.376,
    "mfccs": [
        -281.12933349609375,
        125.09609985351562,
        -11.418336868286133,
        -1.1910173892974854,
        -0.700339138507843,
        -17.72767448425293,
        -10.804238319396973,
        -0.7410959601402283,
        -1.7717877626419067,
        -5.885730743408203,
        -7.134770393371582,
        -1.4658905267715454,
        -0.806828498840332
    ],
    "date_created": "2024-06-09T03:47:46.257821"
}