{
    "id": 161,
    "name": "810.wav",
    "original_rms": 0.059071026742458344,
    "original_duration": 5.952,
    "mfccs": [
        -253.42953491210938,
        70.20600128173828,
        -17.304292678833008,
        10.012269020080566,
        -26.10478401184082,
        -0.9214479327201843,
        -17.832103729248047,
        6.973446369171143,
        -2.1794562339782715,
        5.7351861000061035,
        -11.339936256408691,
        -10.531085014343262,
        -0.6346502900123596
    ],
    "date_created": "2024-06-09T03:47:46.269557"
}