{
    "id": 10,
    "name": "790.wav",
    "original_rms": 0.04096242040395737,
    "original_duration": 8.128,
    "mfccs": [
        -302.28619384765625,
        87.46868133544922,
        -5.632523536682129,
        -4.630055904388428,
        -25.492780685424805,
        -4.721091270446777,
        -25.440635681152344,
        -18.44041633605957,
        -13.106342315673828,
        -17.936433792114258,
        -10.154509544372559,
        -11.320802688598633,
        -3.1078197956085205
    ],
    "date_created": "2024-06-09T03:47:46.181838"
}