{
    "id": 693,
    "name": "1365.wav",
    "original_rms": 0.042936116456985474,
    "original_duration": 9.408,
    "mfccs": [
        -259.6744079589844,
        77.53762817382812,
        19.258846282958984,
        -19.75929069519043,
        -13.945840835571289,
        -9.033825874328613,
        -38.26063537597656,
        2.780588388442993,
        -22.366840362548828,
        1.8213750123977661,
        -15.479218482971191,
        -8.710640907287598,
        -0.9899313449859619
    ],
    "date_created": "2024-06-09T03:47:46.215448"
}