{
    "id": 734,
    "name": "1336.wav",
    "original_rms": 0.07143749296665192,
    "original_duration": 5.12,
    "mfccs": [
        -257.9473876953125,
        68.12818145751953,
        -14.504436492919922,
        23.203418731689453,
        -26.304052352905273,
        -1.54839289188385,
        -16.327503204345703,
        -9.671601295471191,
        -9.161080360412598,
        -2.1838793754577637,
        -8.265439987182617,
        -2.727959394454956,
        -1.3456889390945435
    ],
    "date_created": "2024-06-09T03:47:46.072907"
}