{
    "id": 442,
    "name": "165.wav",
    "original_rms": 0.062461014837026596,
    "original_duration": 5.568,
    "mfccs": [
        -311.5092468261719,
        95.72817993164062,
        -5.740163803100586,
        -13.611340522766113,
        -14.210996627807617,
        -22.011093139648438,
        -22.938533782958984,
        -3.0526392459869385,
        -13.022449493408203,
        -5.730005264282227,
        -18.91425895690918,
        -6.031261444091797,
        -4.497414588928223
    ],
    "date_created": "2024-06-09T03:47:46.148715"
}