{
    "id": 705,
    "name": "2148.wav",
    "original_rms": 0.13242237269878387,
    "original_duration": 9.536,
    "mfccs": [
        -253.39768981933594,
        85.43801879882812,
        18.97598648071289,
        42.986473083496094,
        10.771944999694824,
        -3.0697150230407715,
        -9.666433334350586,
        5.941460609436035,
        -6.107869625091553,
        5.282606601715088,
        -5.877820014953613,
        0.2699378430843353,
        0.7079468965530396
    ],
    "date_created": "2024-06-09T03:47:45.976358"
}