{
    "id": 556,
    "name": "1119.wav",
    "original_rms": 0.04188801720738411,
    "original_duration": 6.4,
    "mfccs": [
        -304.7112731933594,
        108.16471099853516,
        -22.78538703918457,
        4.201760292053223,
        -11.088421821594238,
        -12.805027961730957,
        -10.31797981262207,
        0.014318004250526428,
        -0.7269596457481384,
        4.570635795593262,
        -7.7233428955078125,
        -0.7405444979667664,
        -7.331189155578613
    ],
    "date_created": "2024-06-09T03:47:45.974152"
}