{
    "id": 187,
    "name": "1112.wav",
    "original_rms": 0.13747140765190125,
    "original_duration": 5.568,
    "mfccs": [
        -308.5197448730469,
        140.16539001464844,
        -9.398661613464355,
        9.916068077087402,
        -7.5554609298706055,
        -12.731937408447266,
        -3.363809108734131,
        -7.383983612060547,
        -2.0551698207855225,
        -4.836170673370361,
        -4.503997802734375,
        -4.38983154296875,
        -0.20183975994586945
    ],
    "date_created": "2024-06-09T03:47:46.292032"
}