{
    "id": 521,
    "name": "902.wav",
    "original_rms": 0.04345862567424774,
    "original_duration": 10.176,
    "mfccs": [
        -248.71804809570312,
        77.41090393066406,
        -10.969314575195312,
        -28.74437141418457,
        -9.415790557861328,
        -16.28247833251953,
        -28.776287078857422,
        2.9046192169189453,
        -13.525442123413086,
        2.3063724040985107,
        -11.115772247314453,
        -1.0733325481414795,
        -2.7022273540496826
    ],
    "date_created": "2024-06-09T03:47:46.287011"
}