{
    "id": 184,
    "name": "1582.wav",
    "original_rms": 0.08022432029247284,
    "original_duration": 7.552,
    "mfccs": [
        -285.1949768066406,
        128.02296447753906,
        -56.46985626220703,
        53.17583084106445,
        -30.15656089782715,
        3.031663656234741,
        -16.498794555664062,
        5.042701244354248,
        -17.553428649902344,
        -4.807479381561279,
        -6.919891357421875,
        -5.904498100280762,
        2.367452621459961
    ],
    "date_created": "2024-06-09T03:47:46.124908"
}