{
    "id": 392,
    "name": "1045.wav",
    "original_rms": 0.04260079935193062,
    "original_duration": 5.44,
    "mfccs": [
        -187.84170532226562,
        89.33440399169922,
        -5.9645304679870605,
        11.498061180114746,
        -7.603176593780518,
        7.534635543823242,
        -10.769164085388184,
        -4.213211536407471,
        -6.109198570251465,
        -2.527444839477539,
        -3.037743330001831,
        -5.433115482330322,
        2.199214458465576
    ],
    "date_created": "2024-06-09T03:47:45.982208"
}