{
    "id": 553,
    "name": "846.wav",
    "original_rms": 0.13220053911209106,
    "original_duration": 5.184,
    "mfccs": [
        -272.4250183105469,
        145.14268493652344,
        -45.559364318847656,
        3.034285068511963,
        6.374416828155518,
        -26.205730438232422,
        -23.83131217956543,
        8.399848937988281,
        2.125236749649048,
        1.933753490447998,
        -7.350822448730469,
        6.545957565307617,
        -4.87183141708374
    ],
    "date_created": "2024-06-09T03:47:46.071925"
}