{
    "id": 205,
    "name": "281.wav",
    "original_rms": 0.05137879028916359,
    "original_duration": 10.816,
    "mfccs": [
        -238.01097106933594,
        62.181846618652344,
        -9.63266658782959,
        16.549612045288086,
        -1.176729440689087,
        4.340755939483643,
        -0.10158640891313553,
        -8.464235305786133,
        2.2457637786865234,
        -4.667744159698486,
        0.00499730184674263,
        -11.85313606262207,
        3.252525806427002
    ],
    "date_created": "2024-06-09T03:47:46.301639"
}