{
    "id": 394,
    "name": "770.wav",
    "original_rms": 0.054924678057432175,
    "original_duration": 6.848,
    "mfccs": [
        -399.7965393066406,
        179.64239501953125,
        -24.389972686767578,
        -26.62019157409668,
        -9.201009750366211,
        -26.166887283325195,
        -16.34601593017578,
        -11.708498001098633,
        -13.610740661621094,
        -10.793535232543945,
        -14.215655326843262,
        -14.83224868774414,
        -10.525205612182617
    ],
    "date_created": "2024-06-09T03:47:46.124756"
}