{
    "id": 790,
    "name": "4.wav",
    "original_rms": 0.1195981428027153,
    "original_duration": 11.328,
    "mfccs": [
        -301.8847961425781,
        112.71598815917969,
        -47.2331428527832,
        2.9292049407958984,
        -32.11781692504883,
        -31.989839553833008,
        -25.056196212768555,
        -22.13138771057129,
        0.3057924211025238,
        -16.932239532470703,
        -0.2230333685874939,
        -7.916365623474121,
        7.482532978057861
    ],
    "date_created": "2024-06-09T03:47:46.240500"
}