{
    "id": 188,
    "name": "243.wav",
    "original_rms": 0.11378276348114014,
    "original_duration": 17.536,
    "mfccs": [
        -341.1170959472656,
        121.4445571899414,
        -30.593528747558594,
        28.925357818603516,
        -26.443758010864258,
        -12.894282341003418,
        -18.113691329956055,
        -2.8776721954345703,
        -12.04983901977539,
        -5.70350980758667,
        -9.126418113708496,
        -14.151948928833008,
        -1.1283453702926636
    ],
    "date_created": "2024-06-09T03:47:46.289768"
}