{
    "id": 763,
    "name": "1286.wav",
    "original_rms": 0.06427063047885895,
    "original_duration": 5.248,
    "mfccs": [
        -260.04547119140625,
        82.76761627197266,
        -0.6243997812271118,
        0.834027111530304,
        -18.836544036865234,
        -17.377397537231445,
        -15.669157028198242,
        -7.704155921936035,
        -16.84929656982422,
        -20.202850341796875,
        -12.82668685913086,
        -17.466598510742188,
        -8.876666069030762
    ],
    "date_created": "2024-06-09T03:47:45.991735"
}