{
    "id": 859,
    "name": "1829.wav",
    "original_rms": 0.1061396598815918,
    "original_duration": 6.4,
    "mfccs": [
        -251.43252563476562,
        93.22889709472656,
        -37.567935943603516,
        1.4479387998580933,
        -28.428119659423828,
        1.5308083295822144,
        -8.434033393859863,
        -19.039392471313477,
        -1.39674711227417,
        -6.343869686126709,
        0.1391788125038147,
        -7.130644798278809,
        -12.099949836730957
    ],
    "date_created": "2024-06-09T03:47:46.135429"
}