{
    "id": 63,
    "name": "1405.wav",
    "original_rms": 0.06727958470582962,
    "original_duration": 5.696,
    "mfccs": [
        -261.3771667480469,
        128.6941375732422,
        -20.286479949951172,
        10.971625328063965,
        -21.927236557006836,
        2.4498636722564697,
        -24.255678176879883,
        -2.2830779552459717,
        -10.877703666687012,
        -3.275933265686035,
        -2.0079309940338135,
        -4.36720609664917,
        1.6600837707519531
    ],
    "date_created": "2024-06-09T03:47:46.253199"
}