{
    "id": 361,
    "name": "1671.wav",
    "original_rms": 0.16518943011760712,
    "original_duration": 8.96,
    "mfccs": [
        -313.2674255371094,
        105.8515625,
        -9.089798927307129,
        1.8056843280792236,
        -23.40732192993164,
        -21.53272819519043,
        -16.259252548217773,
        -18.923084259033203,
        -5.422743797302246,
        -14.505955696105957,
        -4.436614990234375,
        -9.229178428649902,
        -2.6720497608184814
    ],
    "date_created": "2024-06-09T03:47:46.307285"
}