{
    "id": 165,
    "name": "642.wav",
    "original_rms": 0.04459058865904808,
    "original_duration": 6.656,
    "mfccs": [
        -238.15435791015625,
        69.37262725830078,
        -26.25877571105957,
        14.90084171295166,
        -14.47568416595459,
        -6.118198394775391,
        -6.5172295570373535,
        0.15101836621761322,
        4.740096569061279,
        -3.575498580932617,
        0.698505163192749,
        -12.709497451782227,
        -12.05380916595459
    ],
    "date_created": "2024-06-09T03:47:46.305376"
}