{
    "id": 241,
    "name": "204.wav",
    "original_rms": 0.3176800012588501,
    "original_duration": 5.952,
    "mfccs": [
        -323.6937561035156,
        103.51329803466797,
        4.722181797027588,
        37.60799789428711,
        -11.147441864013672,
        22.325098037719727,
        1.9689886569976807,
        18.55923843383789,
        7.355070114135742,
        16.75287628173828,
        3.2624802589416504,
        10.764466285705566,
        5.436023712158203
    ],
    "date_created": "2024-06-09T03:47:46.130039"
}