{
    "id": 311,
    "name": "145.wav",
    "original_rms": 0.15896166861057281,
    "original_duration": 7.808,
    "mfccs": [
        -328.15045166015625,
        120.79077911376953,
        -7.143568515777588,
        9.576498031616211,
        -26.961957931518555,
        -1.7497848272323608,
        -18.323942184448242,
        -14.065831184387207,
        -7.009863376617432,
        -5.298063278198242,
        -2.2000601291656494,
        -5.099651336669922,
        5.4853739738464355
    ],
    "date_created": "2024-06-09T03:47:46.269067"
}