{
    "id": 838,
    "name": "375.wav",
    "original_rms": 0.08164370059967041,
    "original_duration": 7.872,
    "mfccs": [
        -238.78045654296875,
        50.091224670410156,
        -32.26341247558594,
        12.680715560913086,
        -37.0245246887207,
        -8.872421264648438,
        -13.838997840881348,
        -18.974445343017578,
        -3.184579610824585,
        -11.209953308105469,
        -1.9120080471038818,
        -12.081461906433105,
        0.48598602414131165
    ],
    "date_created": "2024-06-09T03:47:46.106289"
}