{
    "id": 276,
    "name": "1508.wav",
    "original_rms": 0.05073639750480652,
    "original_duration": 5.248,
    "mfccs": [
        -238.1001434326172,
        37.79680633544922,
        -7.299095630645752,
        12.36555290222168,
        -27.966249465942383,
        -14.794071197509766,
        -15.445830345153809,
        -3.5576961040496826,
        -6.592967987060547,
        -1.994300365447998,
        -4.983581066131592,
        -8.686572074890137,
        -3.802271842956543
    ],
    "date_created": "2024-06-09T03:47:45.952001"
}