{
    "id": 569,
    "name": "1188.wav",
    "original_rms": 0.0884677916765213,
    "original_duration": 7.616,
    "mfccs": [
        -296.86199951171875,
        113.21765899658203,
        -7.14318323135376,
        6.101016998291016,
        -11.794528007507324,
        -24.361812591552734,
        -21.57140350341797,
        -18.354063034057617,
        -7.99474573135376,
        -8.1085844039917,
        -5.881849765777588,
        -4.305531978607178,
        2.4531307220458984
    ],
    "date_created": "2024-06-09T03:47:46.267270"
}