{
    "id": 494,
    "name": "358.wav",
    "original_rms": 0.0861993059515953,
    "original_duration": 18.944,
    "mfccs": [
        -293.00506591796875,
        84.9027328491211,
        -29.00432014465332,
        10.86789608001709,
        -19.72234535217285,
        -25.230371475219727,
        -21.82954978942871,
        -19.78271484375,
        -0.7116916179656982,
        -12.379181861877441,
        -5.298149585723877,
        -5.716892719268799,
        -8.685254096984863
    ],
    "date_created": "2024-06-09T03:47:46.134564"
}