{
    "id": 449,
    "name": "91.wav",
    "original_rms": 0.06506499648094177,
    "original_duration": 6.144,
    "mfccs": [
        -247.09474182128906,
        60.11083221435547,
        -27.011615753173828,
        4.898316383361816,
        -17.92024803161621,
        -24.423843383789062,
        -27.193408966064453,
        -14.950276374816895,
        -12.630104064941406,
        -5.654203414916992,
        -13.473475456237793,
        -12.674760818481445,
        -7.104097366333008
    ],
    "date_created": "2024-06-09T03:47:46.249444"
}