{
    "id": 221,
    "name": "1554.wav",
    "original_rms": 0.059001438319683075,
    "original_duration": 5.12,
    "mfccs": [
        -349.24322509765625,
        120.66864013671875,
        19.081430435180664,
        -8.181757926940918,
        2.0277862548828125,
        -6.633292198181152,
        -4.746636390686035,
        -6.857822895050049,
        -4.836733818054199,
        -14.201181411743164,
        -5.35695743560791,
        -15.202786445617676,
        -5.35905122756958
    ],
    "date_created": "2024-06-09T03:47:46.100824"
}