{
    "id": 258,
    "name": "1903.wav",
    "original_rms": 0.058739472180604935,
    "original_duration": 9.728,
    "mfccs": [
        -307.5291748046875,
        104.83061218261719,
        -18.502643585205078,
        13.649054527282715,
        -19.505128860473633,
        -11.40260124206543,
        -4.947885036468506,
        -7.154394626617432,
        -5.757994651794434,
        -4.0438055992126465,
        0.1621202528476715,
        -7.165340900421143,
        -4.512974739074707
    ],
    "date_created": "2024-06-09T03:47:46.018280"
}