{
    "id": 433,
    "name": "36.wav",
    "original_rms": 0.043736886233091354,
    "original_duration": 9.6,
    "mfccs": [
        -211.2579803466797,
        95.53453826904297,
        -9.666881561279297,
        24.544113159179688,
        -18.35329818725586,
        1.6343063116073608,
        -1.7348436117172241,
        0.19520622491836548,
        -2.723562002182007,
        2.393075466156006,
        -9.382503509521484,
        -2.315700054168701,
        -2.7140538692474365
    ],
    "date_created": "2024-06-09T03:47:46.284529"
}