{
    "id": 426,
    "name": "2010.wav",
    "original_rms": 0.042450420558452606,
    "original_duration": 6.528,
    "mfccs": [
        -330.4976501464844,
        118.79846954345703,
        -8.73607063293457,
        6.789810657501221,
        -5.113269805908203,
        -14.298876762390137,
        -11.932042121887207,
        -7.644137859344482,
        -7.08143949508667,
        -0.4188748896121979,
        -10.563971519470215,
        -8.004858016967773,
        -5.526233673095703
    ],
    "date_created": "2024-06-09T03:47:46.051750"
}