{
    "id": 372,
    "name": "949.wav",
    "original_rms": 0.0686526894569397,
    "original_duration": 14.912,
    "mfccs": [
        -356.3052978515625,
        97.04712677001953,
        -9.47616195678711,
        12.438227653503418,
        1.3703868389129639,
        -13.118680000305176,
        -0.8397228717803955,
        -3.7250349521636963,
        -0.008517417125403881,
        5.797935485839844,
        -6.667909622192383,
        5.587279319763184,
        -6.162156581878662
    ],
    "date_created": "2024-06-09T03:47:46.218077"
}