{
    "id": 24,
    "name": "331.wav",
    "original_rms": 0.07899833470582962,
    "original_duration": 6.592,
    "mfccs": [
        -276.0090026855469,
        90.68636322021484,
        -32.715396881103516,
        13.246848106384277,
        -16.68520164489746,
        -12.21429443359375,
        -24.91762351989746,
        2.174018383026123,
        -12.816691398620605,
        -1.2108945846557617,
        -11.288273811340332,
        -4.539201736450195,
        1.7034014463424683
    ],
    "date_created": "2024-06-09T03:47:46.326318"
}