{
    "id": 349,
    "name": "6.wav",
    "original_rms": 0.07594430446624756,
    "original_duration": 6.528,
    "mfccs": [
        -207.44635009765625,
        99.5416488647461,
        3.32139253616333,
        33.242332458496094,
        0.17308209836483002,
        -4.8153300285339355,
        -6.022327899932861,
        3.3295466899871826,
        7.489747047424316,
        11.782418251037598,
        -0.8620747327804565,
        -2.0043509006500244,
        -1.354308009147644
    ],
    "date_created": "2024-06-09T03:47:46.189453"
}