{
    "id": 229,
    "name": "1369.wav",
    "original_rms": 0.07618372142314911,
    "original_duration": 5.568,
    "mfccs": [
        -261.21527099609375,
        80.1013412475586,
        -19.33859634399414,
        20.707965850830078,
        -34.91461944580078,
        -9.408470153808594,
        -25.21804428100586,
        -11.205039024353027,
        -13.645774841308594,
        1.4739247560501099,
        3.3565499782562256,
        1.3965052366256714,
        1.656284213066101
    ],
    "date_created": "2024-06-09T03:47:46.153167"
}