{
    "id": 16,
    "name": "2272.wav",
    "original_rms": 0.057531073689460754,
    "original_duration": 7.104,
    "mfccs": [
        -281.6319580078125,
        100.78121185302734,
        -4.383784294128418,
        -13.263410568237305,
        -8.721095085144043,
        -15.917732238769531,
        -23.15474510192871,
        -4.400776386260986,
        -20.454008102416992,
        0.9458540678024292,
        -5.3807878494262695,
        -11.9008150100708,
        -1.6047394275665283
    ],
    "date_created": "2024-06-09T03:47:46.129109"
}