{
    "id": 434,
    "name": "2214.wav",
    "original_rms": 0.05075768008828163,
    "original_duration": 5.248,
    "mfccs": [
        -230.16848754882812,
        80.97723388671875,
        5.942047595977783,
        21.327863693237305,
        -0.4771062731742859,
        -5.713252067565918,
        -6.4019856452941895,
        3.844722270965576,
        -6.711868762969971,
        -0.8840274810791016,
        -8.746792793273926,
        -6.352304935455322,
        -1.7487361431121826
    ],
    "date_created": "2024-06-09T03:47:45.982662"
}