{
    "id": 504,
    "name": "509.wav",
    "original_rms": 0.12278349697589874,
    "original_duration": 7.488,
    "mfccs": [
        -208.2897491455078,
        71.29591369628906,
        -1.657392144203186,
        13.810114860534668,
        -13.529054641723633,
        -6.551701068878174,
        -6.4615044593811035,
        -12.155539512634277,
        0.03481287881731987,
        -2.8967413902282715,
        -3.2655234336853027,
        -9.056314468383789,
        -7.840464115142822
    ],
    "date_created": "2024-06-09T03:47:46.314886"
}