{
    "id": 826,
    "name": "1621.wav",
    "original_rms": 0.055779069662094116,
    "original_duration": 5.504,
    "mfccs": [
        -352.2779235839844,
        101.4741439819336,
        -47.93488311767578,
        -4.378462314605713,
        -32.36432647705078,
        -17.707059860229492,
        -8.529967308044434,
        -6.235702037811279,
        -1.407301902770996,
        -3.8431644439697266,
        -10.880029678344727,
        -15.467941284179688,
        -7.943107604980469
    ],
    "date_created": "2024-06-09T03:47:46.085059"
}