{
    "id": 348,
    "name": "1840.wav",
    "original_rms": 0.04081408679485321,
    "original_duration": 34.496,
    "mfccs": [
        -256.05877685546875,
        104.66937255859375,
        4.004083633422852,
        16.61570167541504,
        -26.093656539916992,
        -3.565786123275757,
        -8.835646629333496,
        -3.3412628173828125,
        -14.713640213012695,
        1.4414589405059814,
        -1.4243383407592773,
        -10.165647506713867,
        7.952696800231934
    ],
    "date_created": "2024-06-09T03:47:46.327889"
}