{
    "id": 717,
    "name": "2179.wav",
    "original_rms": 0.09066063910722733,
    "original_duration": 6.336,
    "mfccs": [
        -221.9219512939453,
        92.48249816894531,
        9.787116050720215,
        20.308740615844727,
        -1.7866708040237427,
        1.081478476524353,
        -4.522703647613525,
        3.345458507537842,
        2.8162519931793213,
        0.9612257480621338,
        0.3272393047809601,
        1.3890602588653564,
        2.216662645339966
    ],
    "date_created": "2024-06-09T03:47:46.322091"
}