{
    "id": 215,
    "name": "605.wav",
    "original_rms": 0.048691846430301666,
    "original_duration": 12.864,
    "mfccs": [
        -287.3712463378906,
        106.90179443359375,
        -11.663350105285645,
        37.122169494628906,
        -21.682706832885742,
        -14.089316368103027,
        9.401433944702148,
        -8.17522144317627,
        13.492834091186523,
        -8.352879524230957,
        1.5383458137512207,
        5.112389087677002,
        4.143481731414795
    ],
    "date_created": "2024-06-09T03:47:46.104472"
}