{
    "id": 644,
    "name": "1997.wav",
    "original_rms": 0.06237541139125824,
    "original_duration": 20.864,
    "mfccs": [
        -264.1838073730469,
        124.87186431884766,
        -14.795780181884766,
        20.406448364257812,
        -11.416653633117676,
        4.198493480682373,
        -3.0398378372192383,
        6.307337284088135,
        4.291569709777832,
        4.508792400360107,
        -1.4822030067443848,
        3.3831748962402344,
        3.1060562133789062
    ],
    "date_created": "2024-06-09T03:47:46.257228"
}