{
    "id": 460,
    "name": "1438.wav",
    "original_rms": 0.041079699993133545,
    "original_duration": 5.12,
    "mfccs": [
        -275.3955383300781,
        67.1946792602539,
        -13.181475639343262,
        26.36772918701172,
        -12.631050109863281,
        -12.208976745605469,
        -6.869703769683838,
        -16.28812026977539,
        -11.774798393249512,
        -12.75527286529541,
        -13.020971298217773,
        -5.860020160675049,
        -13.247661590576172
    ],
    "date_created": "2024-06-09T03:47:46.249078"
}