{
    "id": 565,
    "name": "1741.wav",
    "original_rms": 0.06989309936761856,
    "original_duration": 6.144,
    "mfccs": [
        -236.68666076660156,
        101.95474243164062,
        -21.06935691833496,
        41.98115158081055,
        -29.117902755737305,
        8.79831314086914,
        -19.267751693725586,
        -1.8259316682815552,
        -11.095382690429688,
        1.6423189640045166,
        -4.295662879943848,
        4.408783912658691,
        -1.7465380430221558
    ],
    "date_created": "2024-06-09T03:47:46.076964"
}