{
    "id": 388,
    "name": "2250.wav",
    "original_rms": 0.042406171560287476,
    "original_duration": 13.568,
    "mfccs": [
        -298.2807922363281,
        92.26216888427734,
        -20.102903366088867,
        14.454462051391602,
        -22.475921630859375,
        -18.612089157104492,
        -2.32715106010437,
        -24.21384620666504,
        -4.253139972686768,
        -12.377670288085938,
        -5.038671970367432,
        -1.4311268329620361,
        -10.77428150177002
    ],
    "date_created": "2024-06-09T03:47:46.257989"
}