{
    "id": 308,
    "name": "1019.wav",
    "original_rms": 0.11366041004657745,
    "original_duration": 5.888,
    "mfccs": [
        -236.12022399902344,
        62.04774475097656,
        -16.03640365600586,
        16.083946228027344,
        -20.169815063476562,
        0.3138940930366516,
        -10.9546537399292,
        7.472640514373779,
        -12.866333961486816,
        0.8798540234565735,
        -9.690790176391602,
        -11.862184524536133,
        -4.255865097045898
    ],
    "date_created": "2024-06-09T03:47:46.128158"
}