{
    "id": 89,
    "name": "504.wav",
    "original_rms": 0.20716339349746704,
    "original_duration": 5.824,
    "mfccs": [
        -262.55462646484375,
        83.63134765625,
        -26.61951446533203,
        32.02464294433594,
        -19.0452880859375,
        -13.585565567016602,
        -14.588581085205078,
        -13.145638465881348,
        -3.558432102203369,
        -10.574658393859863,
        -4.322273254394531,
        -5.500085353851318,
        -7.638813495635986
    ],
    "date_created": "2024-06-09T03:47:45.986997"
}