{
    "id": 171,
    "name": "446.wav",
    "original_rms": 0.0903502032160759,
    "original_duration": 20.16,
    "mfccs": [
        -243.92938232421875,
        77.71729278564453,
        -34.40819549560547,
        -3.2887210845947266,
        -14.772058486938477,
        -18.82094955444336,
        -4.488929748535156,
        -12.118130683898926,
        7.397731304168701,
        -7.589293479919434,
        -0.5591700673103333,
        -5.6256585121154785,
        -2.248347759246826
    ],
    "date_created": "2024-06-09T03:47:46.281792"
}