{
    "id": 162,
    "name": "1170.wav",
    "original_rms": 0.05009979382157326,
    "original_duration": 5.568,
    "mfccs": [
        -204.63287353515625,
        56.533233642578125,
        -16.384090423583984,
        13.20605182647705,
        -1.945401668548584,
        -17.480247497558594,
        -0.13209931552410126,
        4.741905689239502,
        0.5926493406295776,
        9.568870544433594,
        -2.0870630741119385,
        -2.402062177658081,
        -0.3802921175956726
    ],
    "date_created": "2024-06-09T03:47:46.238176"
}