{
    "id": 847,
    "name": "1820.wav",
    "original_rms": 0.11036405712366104,
    "original_duration": 8.128,
    "mfccs": [
        -266.71881103515625,
        79.32670593261719,
        30.50188446044922,
        26.191993713378906,
        -2.7081785202026367,
        1.7389744520187378,
        -11.568626403808594,
        -1.4021888971328735,
        -15.379823684692383,
        -1.6468828916549683,
        -5.749810218811035,
        -6.526082515716553,
        0.8415316343307495
    ],
    "date_created": "2024-06-09T03:47:46.250780"
}