{
    "id": 146,
    "name": "874.wav",
    "original_rms": 0.1282697468996048,
    "original_duration": 6.336,
    "mfccs": [
        -270.79461669921875,
        72.44744873046875,
        23.632427215576172,
        33.72883224487305,
        -21.756643295288086,
        -5.720853805541992,
        -11.847124099731445,
        -3.557016134262085,
        -17.590621948242188,
        -9.556234359741211,
        -9.041434288024902,
        -15.690750122070312,
        -7.918687343597412
    ],
    "date_created": "2024-06-09T03:47:46.290611"
}