{
    "id": 840,
    "name": "1229.wav",
    "original_rms": 0.0733460858464241,
    "original_duration": 5.376,
    "mfccs": [
        -274.1551513671875,
        104.96695709228516,
        -25.837377548217773,
        13.290290832519531,
        -16.142780303955078,
        -15.384899139404297,
        -7.796115398406982,
        -1.9882256984710693,
        -4.255660533905029,
        0.9372663497924805,
        -5.680224895477295,
        1.6484566926956177,
        6.199699878692627
    ],
    "date_created": "2024-06-09T03:47:46.260850"
}