{
    "id": 567,
    "name": "246.wav",
    "original_rms": 0.06820796430110931,
    "original_duration": 5.568,
    "mfccs": [
        -243.0432891845703,
        64.29055786132812,
        -22.645172119140625,
        22.544721603393555,
        -3.192258596420288,
        5.306512355804443,
        12.60089111328125,
        -4.526237487792969,
        14.95616340637207,
        -1.9375344514846802,
        9.483529090881348,
        0.9474118947982788,
        2.680936098098755
    ],
    "date_created": "2024-06-09T03:47:46.303040"
}