{
    "id": 592,
    "name": "1572.wav",
    "original_rms": 0.059093132615089417,
    "original_duration": 8.448,
    "mfccs": [
        -273.180908203125,
        90.96509552001953,
        -30.28081512451172,
        9.993764877319336,
        -15.855692863464355,
        -3.6085758209228516,
        -12.765836715698242,
        -3.9389452934265137,
        0.7113654017448425,
        -13.544103622436523,
        2.6259758472442627,
        -12.91943645477295,
        0.47764694690704346
    ],
    "date_created": "2024-06-09T03:47:46.271755"
}