{
    "id": 473,
    "name": "1893.wav",
    "original_rms": 0.07921423763036728,
    "original_duration": 5.44,
    "mfccs": [
        -291.14459228515625,
        161.5992431640625,
        -35.2073860168457,
        25.581636428833008,
        -21.070589065551758,
        -11.62975025177002,
        -22.106739044189453,
        -7.230990409851074,
        -15.261590957641602,
        -8.079883575439453,
        -8.49303150177002,
        -12.94068431854248,
        -8.624605178833008
    ],
    "date_created": "2024-06-09T03:47:46.280486"
}