{
    "id": 378,
    "name": "1486.wav",
    "original_rms": 0.040525078773498535,
    "original_duration": 8.704,
    "mfccs": [
        -258.9424743652344,
        79.57015991210938,
        -13.665872573852539,
        15.940373420715332,
        -4.835022926330566,
        -7.265501976013184,
        -14.118661880493164,
        -4.977990627288818,
        -8.449620246887207,
        -7.037887096405029,
        -5.773972988128662,
        -8.897825241088867,
        4.908675193786621
    ],
    "date_created": "2024-06-09T03:47:46.062897"
}