{
    "id": 853,
    "name": "2004.wav",
    "original_rms": 0.050168152898550034,
    "original_duration": 27.072,
    "mfccs": [
        -340.08489990234375,
        129.2919464111328,
        -52.71402359008789,
        -6.012253761291504,
        -30.945846557617188,
        -24.951133728027344,
        -22.44700050354004,
        -26.088424682617188,
        -7.067887306213379,
        -12.609579086303711,
        -14.109061241149902,
        -15.237159729003906,
        -7.211551666259766
    ],
    "date_created": "2024-06-09T03:47:46.055085"
}