{
    "id": 211,
    "name": "1108.wav",
    "original_rms": 0.09348324686288834,
    "original_duration": 6.528,
    "mfccs": [
        -273.8373718261719,
        116.84745788574219,
        22.721027374267578,
        33.284793853759766,
        3.8151659965515137,
        11.164382934570312,
        -24.916706085205078,
        13.558354377746582,
        -1.796627163887024,
        1.1685466766357422,
        1.1628717184066772,
        3.4109694957733154,
        -0.27369803190231323
    ],
    "date_created": "2024-06-09T03:47:46.068146"
}