{
    "id": 528,
    "name": "795.wav",
    "original_rms": 0.05140915885567665,
    "original_duration": 5.376,
    "mfccs": [
        -293.10577392578125,
        75.94169616699219,
        23.616416931152344,
        17.720731735229492,
        -13.695749282836914,
        -6.837573528289795,
        -16.478851318359375,
        -7.421584129333496,
        -9.624205589294434,
        -3.1723101139068604,
        -5.2997236251831055,
        -8.389403343200684,
        -0.5115621089935303
    ],
    "date_created": "2024-06-09T03:47:46.259503"
}