{
    "id": 45,
    "name": "1005.wav",
    "original_rms": 0.0718022808432579,
    "original_duration": 11.136,
    "mfccs": [
        -245.06349182128906,
        163.7772979736328,
        -35.65017318725586,
        60.88536834716797,
        -36.43988800048828,
        23.717880249023438,
        -13.4352388381958,
        6.9073805809021,
        -3.9204626083374023,
        -6.480669975280762,
        7.378916263580322,
        -16.100196838378906,
        10.661896705627441
    ],
    "date_created": "2024-06-09T03:47:46.221485"
}