{
    "id": 715,
    "name": "1505.wav",
    "original_rms": 0.11422718316316605,
    "original_duration": 6.336,
    "mfccs": [
        -277.6421813964844,
        106.32353210449219,
        -9.909790992736816,
        16.109010696411133,
        -14.487659454345703,
        -17.93010902404785,
        -1.5175504684448242,
        1.180118203163147,
        11.091756820678711,
        7.1999006271362305,
        -4.637125492095947,
        -9.096785545349121,
        -4.589101314544678
    ],
    "date_created": "2024-06-09T03:47:46.333900"
}