{
    "id": 458,
    "name": "96.wav",
    "original_rms": 0.12002358585596085,
    "original_duration": 5.504,
    "mfccs": [
        -252.94561767578125,
        80.8013687133789,
        -54.39017868041992,
        8.091670036315918,
        -25.429126739501953,
        -31.12650489807129,
        -14.576658248901367,
        -28.76909637451172,
        7.462707042694092,
        -20.158788681030273,
        -1.6099908351898193,
        -9.876180648803711,
        -8.426218032836914
    ],
    "date_created": "2024-06-09T03:47:46.215075"
}