{
    "id": 43,
    "name": "1830.wav",
    "original_rms": 0.057226672768592834,
    "original_duration": 5.056,
    "mfccs": [
        -241.5991668701172,
        96.34669494628906,
        -2.737745523452759,
        12.567556381225586,
        -4.060158729553223,
        -9.032105445861816,
        -14.498379707336426,
        2.3407211303710938,
        -9.511914253234863,
        1.4941949844360352,
        9.756591796875,
        -1.1102689504623413,
        6.0006914138793945
    ],
    "date_created": "2024-06-09T03:47:46.235844"
}