{
    "id": 704,
    "name": "830.wav",
    "original_rms": 0.06101304665207863,
    "original_duration": 5.696,
    "mfccs": [
        -291.5442810058594,
        110.61979675292969,
        -44.26618194580078,
        38.352394104003906,
        -33.58309555053711,
        -10.583526611328125,
        -5.493036270141602,
        -12.32949161529541,
        2.4436886310577393,
        -7.120628833770752,
        -3.6463420391082764,
        -3.859976291656494,
        -6.753439903259277
    ],
    "date_created": "2024-06-09T03:47:46.147839"
}