{
    "id": 650,
    "name": "460.wav",
    "original_rms": 0.04614034295082092,
    "original_duration": 12.416,
    "mfccs": [
        -313.7612609863281,
        103.59265899658203,
        6.610900402069092,
        -0.6475834846496582,
        -38.853660583496094,
        3.7564401626586914,
        -5.288539886474609,
        -13.64167308807373,
        -7.5113205909729,
        1.0306944847106934,
        -11.53377628326416,
        -11.778437614440918,
        -2.1085433959960938
    ],
    "date_created": "2024-06-09T03:47:46.034157"
}