{
    "id": 659,
    "name": "1532.wav",
    "original_rms": 0.05331461876630783,
    "original_duration": 6.656,
    "mfccs": [
        -295.2639465332031,
        79.78926849365234,
        31.562454223632812,
        -11.197689056396484,
        9.806992530822754,
        -15.198609352111816,
        -17.612319946289062,
        -4.10822057723999,
        -7.027374267578125,
        -13.959929466247559,
        -10.652889251708984,
        -7.276648044586182,
        -8.065882682800293
    ],
    "date_created": "2024-06-09T03:47:46.018959"
}