{
    "id": 463,
    "name": "756.wav",
    "original_rms": 0.06677988171577454,
    "original_duration": 5.504,
    "mfccs": [
        -326.2571716308594,
        102.28508758544922,
        21.245868682861328,
        19.36610221862793,
        -13.873207092285156,
        -24.694862365722656,
        -24.5777587890625,
        -15.660106658935547,
        -15.334179878234863,
        -4.531927108764648,
        -8.75799560546875,
        -8.056401252746582,
        -7.726257801055908
    ],
    "date_created": "2024-06-09T03:47:46.261827"
}