{
    "id": 417,
    "name": "198.wav",
    "original_rms": 0.06605534255504608,
    "original_duration": 16.512,
    "mfccs": [
        -280.55572509765625,
        107.95478820800781,
        7.576444149017334,
        -0.05276528000831604,
        -4.976486682891846,
        -25.02599334716797,
        -13.870802879333496,
        -4.428123950958252,
        -7.003366470336914,
        -0.15297120809555054,
        -7.689799785614014,
        -11.646326065063477,
        3.489672899246216
    ],
    "date_created": "2024-06-09T03:47:46.136998"
}