{
    "id": 827,
    "name": "319.wav",
    "original_rms": 0.05611129850149155,
    "original_duration": 10.624,
    "mfccs": [
        -300.9044494628906,
        58.25351333618164,
        -60.592742919921875,
        28.01705551147461,
        -47.460472106933594,
        -0.40565022826194763,
        -22.707294464111328,
        -5.3399882316589355,
        -6.823976039886475,
        -13.093673706054688,
        -3.9944663047790527,
        -13.090126991271973,
        -6.394697666168213
    ],
    "date_created": "2024-06-09T03:47:46.327460"
}