{
    "id": 62,
    "name": "1061.wav",
    "original_rms": 0.041570961475372314,
    "original_duration": 9.984,
    "mfccs": [
        -330.9201965332031,
        113.85240936279297,
        30.8076171875,
        9.684212684631348,
        -21.671815872192383,
        2.5492048263549805,
        -10.308089256286621,
        -9.529783248901367,
        1.7436301708221436,
        1.3320914506912231,
        2.9026997089385986,
        -9.706330299377441,
        10.485459327697754
    ],
    "date_created": "2024-06-09T03:47:46.336874"
}