{
    "id": 841,
    "name": "2.wav",
    "original_rms": 0.042431481182575226,
    "original_duration": 9.664,
    "mfccs": [
        -290.3497619628906,
        80.70914459228516,
        -33.9588737487793,
        14.54773998260498,
        -21.57477569580078,
        -17.149478912353516,
        -28.928070068359375,
        -2.580230474472046,
        -13.499844551086426,
        6.797874927520752,
        -0.6771412491798401,
        -6.513027191162109,
        -3.8109686374664307
    ],
    "date_created": "2024-06-09T03:47:46.269235"
}