{
    "id": 20,
    "name": "1897.wav",
    "original_rms": 0.07116463780403137,
    "original_duration": 5.12,
    "mfccs": [
        -242.3465576171875,
        77.59838104248047,
        -18.929203033447266,
        10.070878982543945,
        -8.926238059997559,
        -6.393734931945801,
        -1.5617552995681763,
        0.940231204032898,
        2.5987300872802734,
        -3.8783106803894043,
        -8.176457405090332,
        -1.095816969871521,
        -3.716620445251465
    ],
    "date_created": "2024-06-09T03:47:46.328922"
}