{
    "id": 118,
    "name": "1981.wav",
    "original_rms": 0.06904704868793488,
    "original_duration": 9.792,
    "mfccs": [
        -277.7798156738281,
        100.6937484741211,
        -15.216007232666016,
        11.837875366210938,
        -8.754761695861816,
        -5.236893177032471,
        -10.732853889465332,
        -4.36510705947876,
        -6.237677097320557,
        -6.708922386169434,
        -9.874045372009277,
        -2.5578532218933105,
        -0.397097647190094
    ],
    "date_created": "2024-06-09T03:47:46.258674"
}