{
    "id": 574,
    "name": "1371.wav",
    "original_rms": 0.05330023914575577,
    "original_duration": 6.464,
    "mfccs": [
        -281.0672912597656,
        133.76365661621094,
        -12.314833641052246,
        4.655350685119629,
        -9.216756820678711,
        -12.109111785888672,
        -3.038832902908325,
        -4.651400566101074,
        -7.207007884979248,
        -3.2565553188323975,
        -8.106821060180664,
        -3.80439829826355,
        -1.1928926706314087
    ],
    "date_created": "2024-06-09T03:47:46.216674"
}