{
    "id": 612,
    "name": "225.wav",
    "original_rms": 0.056095413863658905,
    "original_duration": 5.312,
    "mfccs": [
        -348.13421630859375,
        122.73688507080078,
        25.90557098388672,
        23.78318214416504,
        0.9898189902305603,
        -11.679757118225098,
        -4.755564212799072,
        -4.509368896484375,
        -0.969446063041687,
        -3.2123401165008545,
        -5.374913692474365,
        -11.427209854125977,
        -3.0843505859375
    ],
    "date_created": "2024-06-09T03:47:46.245754"
}