{
    "id": 286,
    "name": "1959.wav",
    "original_rms": 0.0824112594127655,
    "original_duration": 6.784,
    "mfccs": [
        -261.8897705078125,
        53.42937469482422,
        2.2922728061676025,
        36.36241149902344,
        -3.2197742462158203,
        -5.114840030670166,
        4.189281463623047,
        -5.078538417816162,
        -1.4588247537612915,
        -9.100358963012695,
        -0.7844632863998413,
        1.3501174449920654,
        -4.977541923522949
    ],
    "date_created": "2024-06-09T03:47:46.098194"
}