{
    "id": 245,
    "name": "1758.wav",
    "original_rms": 0.04941204935312271,
    "original_duration": 7.872,
    "mfccs": [
        -327.3583984375,
        90.25654602050781,
        -11.100852966308594,
        -2.033050537109375,
        -1.473106861114502,
        -33.50410079956055,
        -19.421815872192383,
        -5.745676517486572,
        -10.45931339263916,
        -2.1098058223724365,
        3.3649444580078125,
        -0.6359869837760925,
        11.942598342895508
    ],
    "date_created": "2024-06-09T03:47:46.272695"
}