{
    "id": 479,
    "name": "1256.wav",
    "original_rms": 0.0687328428030014,
    "original_duration": 13.504,
    "mfccs": [
        -237.17898559570312,
        58.83257293701172,
        -61.51224136352539,
        -2.134481191635132,
        -38.25972366333008,
        -21.078582763671875,
        -28.529508590698242,
        -22.238874435424805,
        -10.33838176727295,
        -18.222227096557617,
        -8.917632102966309,
        -15.163429260253906,
        -9.793486595153809
    ],
    "date_created": "2024-06-09T03:47:46.075213"
}