{
    "id": 130,
    "name": "1919.wav",
    "original_rms": 0.09893713891506195,
    "original_duration": 6.144,
    "mfccs": [
        -277.95977783203125,
        60.94538879394531,
        11.213201522827148,
        33.033485412597656,
        -13.360177040100098,
        3.9109911918640137,
        -12.445015907287598,
        0.8936075568199158,
        -5.784500598907471,
        -6.17068338394165,
        -2.1207406520843506,
        -11.426721572875977,
        -1.965266466140747
    ],
    "date_created": "2024-06-09T03:47:46.287373"
}