{
    "id": 726,
    "name": "1135.wav",
    "original_rms": 0.062198806554079056,
    "original_duration": 6.848,
    "mfccs": [
        -267.9624938964844,
        122.64527893066406,
        -15.51701831817627,
        35.56467056274414,
        1.1693633794784546,
        12.508505821228027,
        -6.484899044036865,
        5.796478271484375,
        8.738897323608398,
        8.345288276672363,
        6.595137119293213,
        -9.256534576416016,
        1.6774840354919434
    ],
    "date_created": "2024-06-09T03:47:46.063343"
}