{
    "id": 816,
    "name": "1273.wav",
    "original_rms": 0.34251105785369873,
    "original_duration": 7.68,
    "mfccs": [
        -326.73406982421875,
        139.20077514648438,
        -5.730914115905762,
        15.732773780822754,
        -5.293205738067627,
        -18.87169647216797,
        -9.37063217163086,
        -2.2648415565490723,
        -0.08759225159883499,
        -2.095518112182617,
        -0.5884079933166504,
        -0.07426641881465912,
        2.6138362884521484
    ],
    "date_created": "2024-06-09T03:47:46.276945"
}