{
    "id": 461,
    "name": "590.wav",
    "original_rms": 0.0689055323600769,
    "original_duration": 6.528,
    "mfccs": [
        -290.233154296875,
        75.49691772460938,
        -48.5577278137207,
        -15.84290885925293,
        -39.283203125,
        -37.45756149291992,
        -28.898279190063477,
        -8.126450538635254,
        -19.332035064697266,
        -5.5207390785217285,
        -16.691713333129883,
        -12.803350448608398,
        -5.020758152008057
    ],
    "date_created": "2024-06-09T03:47:46.242931"
}