{
    "id": 72,
    "name": "1050.wav",
    "original_rms": 0.07152793556451797,
    "original_duration": 6.528,
    "mfccs": [
        -221.70848083496094,
        81.10234832763672,
        2.313478946685791,
        29.989009857177734,
        0.7543795704841614,
        -15.448624610900879,
        -19.167266845703125,
        -9.138406753540039,
        -7.918569564819336,
        -11.224527359008789,
        -12.426289558410645,
        -5.508569240570068,
        -3.2729787826538086
    ],
    "date_created": "2024-06-09T03:47:45.946434"
}