{
    "id": 798,
    "name": "1826.wav",
    "original_rms": 0.07377869635820389,
    "original_duration": 7.296,
    "mfccs": [
        -275.89794921875,
        102.57815551757812,
        7.100450038909912,
        2.4769294261932373,
        -2.3803701400756836,
        -6.951436996459961,
        -4.7490339279174805,
        3.2006750106811523,
        2.099066972732544,
        0.9571812152862549,
        -3.5858612060546875,
        -4.782567501068115,
        0.3096539378166199
    ],
    "date_created": "2024-06-09T03:47:46.203750"
}