{
    "id": 534,
    "name": "1266.wav",
    "original_rms": 0.047786928713321686,
    "original_duration": 59.008,
    "mfccs": [
        -295.3258361816406,
        87.45470428466797,
        -14.722402572631836,
        1.1091243028640747,
        -5.312799453735352,
        -41.94855880737305,
        -9.911125183105469,
        -1.6382485628128052,
        -17.628551483154297,
        -4.810843467712402,
        -5.5760698318481445,
        -12.140850067138672,
        -1.4836903810501099
    ],
    "date_created": "2024-06-09T03:47:46.286455"
}