{
    "id": 365,
    "name": "1812.wav",
    "original_rms": 0.1580321192741394,
    "original_duration": 9.728,
    "mfccs": [
        -233.27952575683594,
        56.52455139160156,
        -14.571212768554688,
        28.577808380126953,
        -22.914018630981445,
        0.10702801495790482,
        -27.10765266418457,
        7.0625200271606445,
        -14.01625919342041,
        -3.1434428691864014,
        -5.08631706237793,
        -10.137384414672852,
        -0.5587851405143738
    ],
    "date_created": "2024-06-09T03:47:46.085674"
}