{
    "id": 755,
    "name": "2051.wav",
    "original_rms": 0.07283228635787964,
    "original_duration": 5.44,
    "mfccs": [
        -399.8376770019531,
        174.7875518798828,
        4.500091075897217,
        32.139102935791016,
        2.0300633907318115,
        -16.658390045166016,
        -7.683730602264404,
        2.596278190612793,
        7.926729202270508,
        -0.859358012676239,
        -10.314568519592285,
        -8.054415702819824,
        11.007264137268066
    ],
    "date_created": "2024-06-09T03:47:46.247211"
}