{
    "id": 795,
    "name": "1680.wav",
    "original_rms": 0.05247151106595993,
    "original_duration": 6.336,
    "mfccs": [
        -268.330078125,
        111.83628845214844,
        2.495209217071533,
        3.4202942848205566,
        -0.48236775398254395,
        -12.08934211730957,
        -4.015153884887695,
        -5.840507507324219,
        -1.8584345579147339,
        0.8182843327522278,
        -0.9212542772293091,
        2.7798876762390137,
        2.873537063598633
    ],
    "date_created": "2024-06-09T03:47:45.967241"
}