{
    "id": 681,
    "name": "2114.wav",
    "original_rms": 0.10102970153093338,
    "original_duration": 5.504,
    "mfccs": [
        -229.29612731933594,
        92.63007354736328,
        -31.18960952758789,
        13.21743106842041,
        -33.941307067871094,
        -5.271120548248291,
        -22.751266479492188,
        -5.106776237487793,
        -13.827574729919434,
        0.05489422380924225,
        -14.739033699035645,
        -9.824524879455566,
        -6.384829044342041
    ],
    "date_created": "2024-06-09T03:47:46.124392"
}