{
    "id": 266,
    "name": "1107.wav",
    "original_rms": 0.07696659862995148,
    "original_duration": 7.936,
    "mfccs": [
        -213.2644805908203,
        45.121238708496094,
        -32.821529388427734,
        0.9215596914291382,
        -43.88926696777344,
        -10.131324768066406,
        -34.4336051940918,
        -12.282952308654785,
        -9.557368278503418,
        -17.380290985107422,
        -14.236091613769531,
        -17.80393409729004,
        -4.206080913543701
    ],
    "date_created": "2024-06-09T03:47:46.294610"
}