{
    "id": 317,
    "name": "370.wav",
    "original_rms": 0.042025983333587646,
    "original_duration": 7.616,
    "mfccs": [
        -277.1960754394531,
        44.72209167480469,
        -6.500974655151367,
        3.5458483695983887,
        -26.016368865966797,
        -17.028106689453125,
        -8.183866500854492,
        -7.505984783172607,
        -12.686481475830078,
        1.6449998617172241,
        -5.4629340171813965,
        -4.283286094665527,
        -8.26868724822998
    ],
    "date_created": "2024-06-09T03:47:46.133617"
}