{
    "id": 5,
    "name": "1432.wav",
    "original_rms": 0.11908040195703506,
    "original_duration": 8.064,
    "mfccs": [
        -251.562744140625,
        105.9069595336914,
        3.4052765369415283,
        13.564847946166992,
        -1.8691295385360718,
        -15.011813163757324,
        -6.281606197357178,
        4.481044769287109,
        -3.43877911567688,
        5.617769241333008,
        -1.6774455308914185,
        3.7318356037139893,
        4.342389106750488
    ],
    "date_created": "2024-06-09T03:47:46.145405"
}