{
    "id": 304,
    "name": "1646.wav",
    "original_rms": 0.06015582010149956,
    "original_duration": 6.144,
    "mfccs": [
        -213.75228881835938,
        88.06904602050781,
        -6.599148273468018,
        21.491153717041016,
        -30.74587059020996,
        8.618390083312988,
        -23.19029998779297,
        -2.5344645977020264,
        -12.075303077697754,
        0.42026805877685547,
        -4.417469024658203,
        -10.395113945007324,
        0.5594596862792969
    ],
    "date_created": "2024-06-09T03:47:46.068281"
}