{
    "id": 701,
    "name": "2183.wav",
    "original_rms": 0.06577780842781067,
    "original_duration": 5.12,
    "mfccs": [
        -364.8714904785156,
        60.6992073059082,
        5.307928085327148,
        49.46430969238281,
        0.8976098299026489,
        -12.418634414672852,
        -22.741313934326172,
        -4.23304557800293,
        -15.207659721374512,
        -14.48236083984375,
        -1.0309189558029175,
        -7.606319904327393,
        2.658019781112671
    ],
    "date_created": "2024-06-09T03:47:46.278906"
}