{
    "id": 856,
    "name": "2236.wav",
    "original_rms": 0.05321896821260452,
    "original_duration": 6.208,
    "mfccs": [
        -310.5828857421875,
        93.77159881591797,
        12.982274055480957,
        -0.6594602465629578,
        -9.99715805053711,
        -7.585541725158691,
        -5.811763763427734,
        -6.604785442352295,
        -1.3617664575576782,
        -4.272935390472412,
        -10.108814239501953,
        -5.271602153778076,
        -4.41435432434082
    ],
    "date_created": "2024-06-09T03:47:46.274027"
}