{
    "id": 742,
    "name": "2124.wav",
    "original_rms": 0.06045984476804733,
    "original_duration": 9.344,
    "mfccs": [
        -265.8567810058594,
        105.46990966796875,
        -12.411911964416504,
        8.25262451171875,
        -7.9657487869262695,
        -6.279123306274414,
        -12.442392349243164,
        6.873631477355957,
        0.8199796080589294,
        3.509655237197876,
        3.361150026321411,
        -3.4835753440856934,
        3.0407185554504395
    ],
    "date_created": "2024-06-09T03:47:46.251964"
}