{
    "id": 160,
    "name": "483.wav",
    "original_rms": 0.054294392466545105,
    "original_duration": 8.448,
    "mfccs": [
        -316.3980407714844,
        130.7850341796875,
        -10.235112190246582,
        25.703943252563477,
        -12.797111511230469,
        -4.625634670257568,
        -19.588762283325195,
        -13.453872680664062,
        -6.256343364715576,
        -6.977782249450684,
        -3.5784037113189697,
        -2.347764492034912,
        -2.442654848098755
    ],
    "date_created": "2024-06-09T03:47:46.307632"
}