{
    "id": 298,
    "name": "977.wav",
    "original_rms": 0.23324380815029144,
    "original_duration": 6.464,
    "mfccs": [
        -260.0299072265625,
        78.4314956665039,
        -36.120628356933594,
        26.220117568969727,
        -15.508293151855469,
        -11.824423789978027,
        -1.5847585201263428,
        -2.4003405570983887,
        1.6380409002304077,
        -6.443402290344238,
        -8.848551750183105,
        -2.4339427947998047,
        -5.572725296020508
    ],
    "date_created": "2024-06-09T03:47:46.223026"
}