{
    "id": 628,
    "name": "489.wav",
    "original_rms": 0.044886987656354904,
    "original_duration": 6.08,
    "mfccs": [
        -237.50173950195312,
        74.15275573730469,
        13.282033920288086,
        15.876197814941406,
        -10.401885032653809,
        -13.725499153137207,
        -25.167259216308594,
        4.877132892608643,
        -2.896991014480591,
        4.625664710998535,
        1.5652294158935547,
        -8.060948371887207,
        -0.8844398260116577
    ],
    "date_created": "2024-06-09T03:47:46.064208"
}