{
    "id": 342,
    "name": "2064.wav",
    "original_rms": 0.04264706373214722,
    "original_duration": 10.944,
    "mfccs": [
        -270.6504821777344,
        105.70711517333984,
        -31.62913703918457,
        4.571982383728027,
        -24.3792724609375,
        -13.14770793914795,
        -14.36056900024414,
        -3.7731692790985107,
        -9.579022407531738,
        0.8904945850372314,
        -6.756804943084717,
        -3.2023699283599854,
        4.99970006942749
    ],
    "date_created": "2024-06-09T03:47:46.131124"
}