{
    "id": 310,
    "name": "0.wav",
    "original_rms": 0.0558047890663147,
    "original_duration": 11.264,
    "mfccs": [
        -277.2791442871094,
        46.41485595703125,
        -2.820098638534546,
        36.06001663208008,
        -25.725337982177734,
        -10.113639831542969,
        -7.0934295654296875,
        -1.968965768814087,
        -9.681001663208008,
        -8.354527473449707,
        3.2549469470977783,
        -15.99282169342041,
        0.6460549831390381
    ],
    "date_created": "2024-06-09T03:47:46.248906"
}