{
    "id": 716,
    "name": "230.wav",
    "original_rms": 0.10839062184095383,
    "original_duration": 11.968,
    "mfccs": [
        -274.02349853515625,
        54.63529968261719,
        12.328286170959473,
        44.688819885253906,
        -33.12201690673828,
        -6.236200332641602,
        -21.48366928100586,
        1.4464123249053955,
        -7.386092662811279,
        -4.771223545074463,
        -5.632839679718018,
        -7.9340057373046875,
        -3.1709413528442383
    ],
    "date_created": "2024-06-09T03:47:46.256367"
}