{
    "id": 177,
    "name": "1945.wav",
    "original_rms": 0.08456631004810333,
    "original_duration": 9.088,
    "mfccs": [
        -266.60302734375,
        74.78917694091797,
        -20.29096794128418,
        18.803163528442383,
        -13.851449012756348,
        -2.2501657009124756,
        4.932474613189697,
        -5.86295747756958,
        -3.6026463508605957,
        -1.6324681043624878,
        -1.1778477430343628,
        -8.748126029968262,
        -2.525139570236206
    ],
    "date_created": "2024-06-09T03:47:46.242450"
}