{
    "id": 50,
    "name": "35.wav",
    "original_rms": 0.10092245042324066,
    "original_duration": 7.104,
    "mfccs": [
        -255.6160430908203,
        123.9507827758789,
        7.9382805824279785,
        44.713645935058594,
        6.306900978088379,
        13.627379417419434,
        -2.3967716693878174,
        1.0609787702560425,
        2.3220720291137695,
        -2.8915293216705322,
        -0.8112973570823669,
        3.678880453109741,
        -5.5948805809021
    ],
    "date_created": "2024-06-09T03:47:46.295918"
}