{
    "id": 321,
    "name": "941.wav",
    "original_rms": 0.049861665815114975,
    "original_duration": 7.552,
    "mfccs": [
        -275.932861328125,
        80.69246673583984,
        -5.827775955200195,
        10.124433517456055,
        -18.893634796142578,
        -30.890233993530273,
        -8.570302963256836,
        -7.69944953918457,
        -17.00203514099121,
        10.159029006958008,
        -11.606425285339355,
        2.71635103225708,
        -12.200289726257324
    ],
    "date_created": "2024-06-09T03:47:46.080677"
}