{
    "id": 164,
    "name": "1514.wav",
    "original_rms": 0.07485474646091461,
    "original_duration": 7.552,
    "mfccs": [
        -358.5717468261719,
        147.9047393798828,
        -19.997432708740234,
        8.175204277038574,
        -21.57297706604004,
        -16.329275131225586,
        -12.233255386352539,
        -15.847466468811035,
        -2.828240394592285,
        -8.363429069519043,
        -7.908443927764893,
        -10.361037254333496,
        -9.974209785461426
    ],
    "date_created": "2024-06-09T03:47:46.285641"
}