{
    "id": 235,
    "name": "1994.wav",
    "original_rms": 0.06875918060541153,
    "original_duration": 45.376,
    "mfccs": [
        -292.0925598144531,
        116.85835266113281,
        -22.895383834838867,
        6.124826431274414,
        -19.089271545410156,
        -7.271365642547607,
        -3.283470630645752,
        5.287624835968018,
        6.675555229187012,
        5.79724645614624,
        -10.03329086303711,
        -4.950469017028809,
        -5.025526523590088
    ],
    "date_created": "2024-06-09T03:47:46.273282"
}