{
    "id": 732,
    "name": "638.wav",
    "original_rms": 0.056832171976566315,
    "original_duration": 5.184,
    "mfccs": [
        -247.24407958984375,
        58.77116775512695,
        -27.599590301513672,
        4.601706504821777,
        -17.29250144958496,
        2.279533863067627,
        -10.063807487487793,
        0.8543790578842163,
        -1.57522451877594,
        1.5210293531417847,
        -2.8153090476989746,
        -1.6392004489898682,
        0.801871120929718
    ],
    "date_created": "2024-06-09T03:47:46.108781"
}