{
    "id": 547,
    "name": "1777.wav",
    "original_rms": 0.1015128642320633,
    "original_duration": 5.568,
    "mfccs": [
        -310.4457702636719,
        123.47509765625,
        -32.491844177246094,
        22.117780685424805,
        -23.402088165283203,
        -15.973365783691406,
        -18.55310821533203,
        -14.61561107635498,
        -6.785580635070801,
        -23.209012985229492,
        -2.414349317550659,
        0.536566972732544,
        -6.103478908538818
    ],
    "date_created": "2024-06-09T03:47:46.221174"
}