{
    "id": 586,
    "name": "678.wav",
    "original_rms": 0.056567806750535965,
    "original_duration": 35.904,
    "mfccs": [
        -246.6942138671875,
        57.900787353515625,
        -7.792233943939209,
        10.43468189239502,
        -12.039785385131836,
        -25.300092697143555,
        -25.03323745727539,
        -2.778822660446167,
        -17.862274169921875,
        -4.5290846824646,
        -8.013427734375,
        -8.045464515686035,
        -3.759296417236328
    ],
    "date_created": "2024-06-09T03:47:46.279404"
}