{
    "id": 144,
    "name": "1579.wav",
    "original_rms": 0.061869796365499496,
    "original_duration": 10.176,
    "mfccs": [
        -304.0537109375,
        109.23702239990234,
        16.973154067993164,
        39.483604431152344,
        5.95554256439209,
        -5.972192764282227,
        -4.9235520362854,
        -5.624256134033203,
        6.180418491363525,
        -0.909710705280304,
        2.5936458110809326,
        3.599717378616333,
        6.42988395690918
    ],
    "date_created": "2024-06-09T03:47:46.131285"
}