{
    "id": 648,
    "name": "1193.wav",
    "original_rms": 0.23974783718585968,
    "original_duration": 15.424,
    "mfccs": [
        -264.04779052734375,
        67.64094543457031,
        -26.019287109375,
        7.364840030670166,
        -24.701492309570312,
        -13.609577178955078,
        -20.282039642333984,
        -6.101222515106201,
        -8.166495323181152,
        -3.22503662109375,
        -8.8274564743042,
        -1.7432596683502197,
        -10.218829154968262
    ],
    "date_created": "2024-06-09T03:47:46.105944"
}