{
    "id": 697,
    "name": "662.wav",
    "original_rms": 0.05142757296562195,
    "original_duration": 10.944,
    "mfccs": [
        -292.30474853515625,
        95.6224594116211,
        -14.22983455657959,
        12.387716293334961,
        -22.743680953979492,
        -12.200969696044922,
        -23.176355361938477,
        6.305494785308838,
        -11.127089500427246,
        0.974048376083374,
        -6.126966953277588,
        -3.8873727321624756,
        0.31277525424957275
    ],
    "date_created": "2024-06-09T03:47:46.034907"
}