{
    "id": 290,
    "name": "1368.wav",
    "original_rms": 0.12478192895650864,
    "original_duration": 6.336,
    "mfccs": [
        -202.70989990234375,
        44.23910140991211,
        -38.37657928466797,
        32.131980895996094,
        -41.03489685058594,
        5.152963161468506,
        -27.55900764465332,
        5.990074157714844,
        -12.59984016418457,
        -8.666094779968262,
        -0.8982102870941162,
        -14.366559028625488,
        4.409195423126221
    ],
    "date_created": "2024-06-09T03:47:46.147136"
}