{
    "id": 194,
    "name": "412.wav",
    "original_rms": 0.08554084599018097,
    "original_duration": 9.024,
    "mfccs": [
        -281.3826599121094,
        121.08948516845703,
        -13.55173110961914,
        33.71145248413086,
        -18.76219367980957,
        -9.812705039978027,
        -16.798635482788086,
        -10.983646392822266,
        5.8941521644592285,
        -3.5711495876312256,
        1.0768870115280151,
        3.1614692211151123,
        -8.827346801757812
    ],
    "date_created": "2024-06-09T03:47:46.107245"
}