{
    "id": 520,
    "name": "2045.wav",
    "original_rms": 0.04548579454421997,
    "original_duration": 5.824,
    "mfccs": [
        -263.32940673828125,
        53.270687103271484,
        -24.102998733520508,
        -2.61982798576355,
        -33.366519927978516,
        5.839341163635254,
        -21.492948532104492,
        -14.645529747009277,
        -4.862720012664795,
        -11.333290100097656,
        -6.572324752807617,
        -8.222701072692871,
        -11.822550773620605
    ],
    "date_created": "2024-06-09T03:47:46.247001"
}