{
    "id": 476,
    "name": "904.wav",
    "original_rms": 0.040443141013383865,
    "original_duration": 6.976,
    "mfccs": [
        -264.1558532714844,
        60.067474365234375,
        12.004456520080566,
        16.97934913635254,
        -24.37706756591797,
        -12.945219039916992,
        -24.31217384338379,
        -10.198505401611328,
        -15.057997703552246,
        -12.242622375488281,
        -17.407180786132812,
        -6.421727180480957,
        -20.016433715820312
    ],
    "date_created": "2024-06-09T03:47:46.314730"
}