{
    "id": 727,
    "name": "1909.wav",
    "original_rms": 0.1664797067642212,
    "original_duration": 5.44,
    "mfccs": [
        -255.0185546875,
        69.39469146728516,
        -3.6777615547180176,
        19.287256240844727,
        -18.737564086914062,
        -14.357542037963867,
        -20.46369171142578,
        -22.02779769897461,
        -19.15634536743164,
        -21.193540573120117,
        -17.078895568847656,
        -13.789969444274902,
        -10.456239700317383
    ],
    "date_created": "2024-06-09T03:47:46.320556"
}