{
    "id": 297,
    "name": "180.wav",
    "original_rms": 0.10042169690132141,
    "original_duration": 8.256,
    "mfccs": [
        -286.1862487792969,
        101.47528076171875,
        -6.204104900360107,
        20.29212188720703,
        -4.52757453918457,
        11.062432289123535,
        -20.462064743041992,
        8.134288787841797,
        -13.380602836608887,
        -1.0855815410614014,
        7.765146732330322,
        -7.5925726890563965,
        -2.5849769115448
    ],
    "date_created": "2024-06-09T03:47:46.239117"
}