{
    "id": 498,
    "name": "703.wav",
    "original_rms": 0.059934891760349274,
    "original_duration": 5.312,
    "mfccs": [
        -205.47149658203125,
        98.42110443115234,
        -32.70832061767578,
        32.97062683105469,
        -21.61297607421875,
        -3.590634822845459,
        -4.897034645080566,
        2.2366702556610107,
        7.4080047607421875,
        -0.14401569962501526,
        1.0934897661209106,
        -6.591454982757568,
        -0.48185136914253235
    ],
    "date_created": "2024-06-09T03:47:46.020788"
}