{
    "id": 132,
    "name": "1773.wav",
    "original_rms": 0.09130784869194031,
    "original_duration": 5.056,
    "mfccs": [
        -256.6864929199219,
        87.34680938720703,
        -50.039188385009766,
        9.137688636779785,
        -20.43120574951172,
        -20.64341163635254,
        -25.49203109741211,
        -18.117321014404297,
        -18.037765502929688,
        -14.267053604125977,
        -6.890054225921631,
        -10.215161323547363,
        -7.367307186126709
    ],
    "date_created": "2024-06-09T03:47:46.257499"
}