{
    "id": 530,
    "name": "2241.wav",
    "original_rms": 0.09202790260314941,
    "original_duration": 5.056,
    "mfccs": [
        -291.78125,
        55.2287712097168,
        11.985837936401367,
        40.83478546142578,
        -23.004499435424805,
        -21.432146072387695,
        -33.60251235961914,
        -9.588767051696777,
        -8.984936714172363,
        -14.017348289489746,
        1.198636770248413,
        -13.952095985412598,
        -0.6798336505889893
    ],
    "date_created": "2024-06-09T03:47:46.167596"
}