{
    "id": 699,
    "name": "696.wav",
    "original_rms": 0.04376570135354996,
    "original_duration": 5.568,
    "mfccs": [
        -227.30552673339844,
        117.03428649902344,
        -25.971881866455078,
        14.072284698486328,
        -9.171523094177246,
        -7.919565677642822,
        -4.808484077453613,
        4.264391899108887,
        1.2599631547927856,
        7.181380271911621,
        0.5745742917060852,
        3.8298180103302,
        2.5429325103759766
    ],
    "date_created": "2024-06-09T03:47:46.323142"
}