{
    "id": 106,
    "name": "1663.wav",
    "original_rms": 0.07523006945848465,
    "original_duration": 6.912,
    "mfccs": [
        -314.8902587890625,
        56.33463668823242,
        -26.73715591430664,
        2.277282476425171,
        -35.057647705078125,
        -8.424615859985352,
        -30.83331871032715,
        -18.40570640563965,
        -13.994268417358398,
        -10.921985626220703,
        -6.111168384552002,
        -13.88619613647461,
        0.855754017829895
    ],
    "date_created": "2024-06-09T03:47:46.281014"
}