{
    "id": 152,
    "name": "245.wav",
    "original_rms": 0.04147007688879967,
    "original_duration": 5.12,
    "mfccs": [
        -256.08551025390625,
        83.48149108886719,
        -2.4189112186431885,
        7.619309425354004,
        -8.445429801940918,
        -9.839892387390137,
        -14.079436302185059,
        -0.9992697238922119,
        -7.8858866691589355,
        -2.3279476165771484,
        1.0658283233642578,
        -13.607653617858887,
        0.603901207447052
    ],
    "date_created": "2024-06-09T03:47:46.321100"
}