{
    "id": 692,
    "name": "837.wav",
    "original_rms": 0.22470900416374207,
    "original_duration": 5.504,
    "mfccs": [
        -289.8804626464844,
        123.04199981689453,
        -9.609128952026367,
        -7.645993709564209,
        9.793814659118652,
        -24.911069869995117,
        -10.981775283813477,
        -1.5222855806350708,
        -4.095555305480957,
        -5.042125701904297,
        -10.617366790771484,
        -12.415616035461426,
        -1.2819122076034546
    ],
    "date_created": "2024-06-09T03:47:46.109196"
}