{
    "id": 314,
    "name": "1670.wav",
    "original_rms": 0.233724907040596,
    "original_duration": 27.584,
    "mfccs": [
        -322.01947021484375,
        59.47096252441406,
        -25.38111114501953,
        16.23276710510254,
        -30.429000854492188,
        -19.023786544799805,
        -18.42597007751465,
        -8.775802612304688,
        -7.868767261505127,
        -3.3824825286865234,
        2.044865131378174,
        -6.978232383728027,
        4.2739105224609375
    ],
    "date_created": "2024-06-09T03:47:46.310198"
}