{
    "id": 203,
    "name": "1772.wav",
    "original_rms": 0.06561057269573212,
    "original_duration": 8.448,
    "mfccs": [
        -332.15374755859375,
        103.70640563964844,
        25.676206588745117,
        25.1483097076416,
        6.281507968902588,
        -10.979363441467285,
        -9.875141143798828,
        -9.721354484558105,
        -10.815237998962402,
        -9.68614387512207,
        -7.971273899078369,
        -2.5878710746765137,
        -9.958030700683594
    ],
    "date_created": "2024-06-09T03:47:46.244201"
}