{
    "id": 833,
    "name": "1070.wav",
    "original_rms": 0.07524848729372025,
    "original_duration": 6.272,
    "mfccs": [
        -268.8810729980469,
        48.68341827392578,
        7.5415520668029785,
        43.05427169799805,
        -24.1158504486084,
        -14.098043441772461,
        -14.998106002807617,
        2.045102596282959,
        -14.6708345413208,
        -6.468405246734619,
        -1.8310202360153198,
        -6.7767014503479,
        2.3139514923095703
    ],
    "date_created": "2024-06-09T03:47:46.287937"
}