{
    "id": 741,
    "name": "863.wav",
    "original_rms": 0.0897882804274559,
    "original_duration": 5.504,
    "mfccs": [
        -284.1612548828125,
        123.09369659423828,
        6.236821174621582,
        12.360665321350098,
        -7.631782054901123,
        -12.300322532653809,
        -9.544378280639648,
        -3.7546792030334473,
        0.19045913219451904,
        1.2071452140808105,
        -6.118272304534912,
        5.606489658355713,
        -1.0224906206130981
    ],
    "date_created": "2024-06-09T03:47:46.277605"
}