{
    "id": 79,
    "name": "2070.wav",
    "original_rms": 0.04757704958319664,
    "original_duration": 5.056,
    "mfccs": [
        -296.5592041015625,
        149.21783447265625,
        -33.46087646484375,
        12.499067306518555,
        -11.95876407623291,
        -40.3720703125,
        -3.7647037506103516,
        -19.003467559814453,
        -21.944631576538086,
        -7.185743808746338,
        -6.270599842071533,
        -7.980401992797852,
        -2.333824634552002
    ],
    "date_created": "2024-06-09T03:47:46.130962"
}