{
    "id": 605,
    "name": "249.wav",
    "original_rms": 0.10905350744724274,
    "original_duration": 5.056,
    "mfccs": [
        -233.63978576660156,
        42.28975296020508,
        -5.926783561706543,
        5.437859058380127,
        -3.2290546894073486,
        -5.673407554626465,
        -12.635843276977539,
        -14.817398071289062,
        2.754558801651001,
        -9.621039390563965,
        -12.4130277633667,
        -15.263518333435059,
        -6.485990524291992
    ],
    "date_created": "2024-06-09T03:47:45.949577"
}