{
    "id": 559,
    "name": "870.wav",
    "original_rms": 0.12591376900672913,
    "original_duration": 5.44,
    "mfccs": [
        -241.49526977539062,
        96.98143005371094,
        -7.585768699645996,
        15.138474464416504,
        -10.186145782470703,
        -4.131187915802002,
        3.4610867500305176,
        0.2668021619319916,
        0.6785318851470947,
        -0.10884997993707657,
        -0.18287989497184753,
        -0.19436129927635193,
        -1.3845911026000977
    ],
    "date_created": "2024-06-09T03:47:46.312220"
}