{
    "id": 126,
    "name": "811.wav",
    "original_rms": 0.10701960325241089,
    "original_duration": 10.624,
    "mfccs": [
        -251.39537048339844,
        57.77696990966797,
        -11.43542194366455,
        -2.75885272026062,
        -22.270137786865234,
        -18.79779624938965,
        -20.968069076538086,
        -5.201967239379883,
        -20.626005172729492,
        -7.597423553466797,
        -14.356664657592773,
        -12.594060897827148,
        -9.000307083129883
    ],
    "date_created": "2024-06-09T03:47:46.263450"
}