{
    "id": 724,
    "name": "1797.wav",
    "original_rms": 0.07668948918581009,
    "original_duration": 5.056,
    "mfccs": [
        -260.20391845703125,
        89.94367218017578,
        -11.057796478271484,
        -0.3886009156703949,
        -34.90671157836914,
        -7.758589267730713,
        -20.351898193359375,
        -5.783356189727783,
        -13.820623397827148,
        2.88053035736084,
        -8.73672866821289,
        -5.979258060455322,
        3.732689380645752
    ],
    "date_created": "2024-06-09T03:47:46.093092"
}