{
    "id": 551,
    "name": "1770.wav",
    "original_rms": 0.05040382966399193,
    "original_duration": 5.952,
    "mfccs": [
        -314.95654296875,
        84.75215148925781,
        -5.531262397766113,
        -11.640420913696289,
        -19.878971099853516,
        -9.806200981140137,
        -27.975093841552734,
        3.47652006149292,
        -13.44994068145752,
        -7.930732250213623,
        -3.4823834896087646,
        -14.119355201721191,
        -5.159754276275635
    ],
    "date_created": "2024-06-09T03:47:46.273089"
}