{
    "id": 506,
    "name": "2016.wav",
    "original_rms": 0.05113567039370537,
    "original_duration": 6.784,
    "mfccs": [
        -272.3955993652344,
        79.63632202148438,
        -6.579240798950195,
        29.188657760620117,
        -42.24969482421875,
        -14.359838485717773,
        -5.019114971160889,
        -25.18520736694336,
        -7.517378330230713,
        -5.9226765632629395,
        -2.4662411212921143,
        -11.008824348449707,
        -9.12158489227295
    ],
    "date_created": "2024-06-09T03:47:45.990679"
}