{
    "id": 844,
    "name": "1440.wav",
    "original_rms": 0.048324815928936005,
    "original_duration": 5.12,
    "mfccs": [
        -205.52395629882812,
        51.61848068237305,
        -27.16779136657715,
        30.63523292541504,
        -19.186582565307617,
        -20.820581436157227,
        -8.260828018188477,
        -17.886791229248047,
        -1.887446641921997,
        -11.176079750061035,
        -7.174448013305664,
        -9.467048645019531,
        -14.019296646118164
    ],
    "date_created": "2024-06-09T03:47:45.958072"
}