{
    "id": 446,
    "name": "1851.wav",
    "original_rms": 0.05748311057686806,
    "original_duration": 6.464,
    "mfccs": [
        -254.24337768554688,
        83.99317932128906,
        -56.32053756713867,
        17.151762008666992,
        -41.455623626708984,
        -28.284658432006836,
        -14.51673412322998,
        -14.529141426086426,
        -8.611510276794434,
        -8.989996910095215,
        -4.944949626922607,
        -11.554125785827637,
        -7.978814125061035
    ],
    "date_created": "2024-06-09T03:47:46.282245"
}