{
    "id": 190,
    "name": "1571.wav",
    "original_rms": 0.08953472971916199,
    "original_duration": 6.848,
    "mfccs": [
        -250.74850463867188,
        80.15540313720703,
        -28.037010192871094,
        11.48658275604248,
        -0.024606497958302498,
        -1.7418015003204346,
        -0.866714596748352,
        1.8029146194458008,
        5.46262788772583,
        1.2253273725509644,
        1.684330701828003,
        -8.341347694396973,
        -0.6548072695732117
    ],
    "date_created": "2024-06-09T03:47:46.255560"
}