{
    "id": 315,
    "name": "1026.wav",
    "original_rms": 0.07882404327392578,
    "original_duration": 8.192,
    "mfccs": [
        -249.35455322265625,
        85.75630950927734,
        4.410946369171143,
        15.819375991821289,
        -1.2759963274002075,
        -7.084146022796631,
        -11.529890060424805,
        5.355311870574951,
        6.772665500640869,
        3.322622537612915,
        0.8271672129631042,
        -5.135361194610596,
        1.5865907669067383
    ],
    "date_created": "2024-06-09T03:47:46.095111"
}