{
    "id": 646,
    "name": "807.wav",
    "original_rms": 0.1230892464518547,
    "original_duration": 46.272,
    "mfccs": [
        -292.5359802246094,
        85.14676666259766,
        4.523383617401123,
        33.392520904541016,
        -23.341644287109375,
        6.660769939422607,
        -18.57176399230957,
        -5.4101057052612305,
        -5.830539703369141,
        -8.439770698547363,
        -9.852274894714355,
        -11.180536270141602,
        -1.450256586074829
    ],
    "date_created": "2024-06-09T03:47:46.252846"
}