{
    "id": 418,
    "name": "1454.wav",
    "original_rms": 0.04805813357234001,
    "original_duration": 6.72,
    "mfccs": [
        -305.64813232421875,
        133.3524627685547,
        16.140823364257812,
        17.53461456298828,
        2.8985588550567627,
        -5.649231433868408,
        -21.755064010620117,
        -1.6451724767684937,
        -3.1396121978759766,
        2.8991739749908447,
        -0.07827656716108322,
        -1.5521860122680664,
        3.4261233806610107
    ],
    "date_created": "2024-06-09T03:47:45.956682"
}