{
    "id": 86,
    "name": "160.wav",
    "original_rms": 0.08955539017915726,
    "original_duration": 11.008,
    "mfccs": [
        -305.47125244140625,
        109.39125061035156,
        -26.4410457611084,
        5.6489667892456055,
        -24.819475173950195,
        -27.291414260864258,
        -20.937559127807617,
        3.6137936115264893,
        -10.173784255981445,
        7.2386980056762695,
        -7.252960681915283,
        -2.2629554271698,
        -4.078423023223877
    ],
    "date_created": "2024-06-09T03:47:46.084280"
}