{
    "id": 690,
    "name": "1306.wav",
    "original_rms": 0.08193545788526535,
    "original_duration": 9.536,
    "mfccs": [
        -274.8832092285156,
        136.74085998535156,
        -14.493279457092285,
        50.22050857543945,
        -1.2463223934173584,
        16.588695526123047,
        7.776209354400635,
        8.570511817932129,
        11.98542308807373,
        1.587528944015503,
        7.040135383605957,
        5.27747106552124,
        1.3810430765151978
    ],
    "date_created": "2024-06-09T03:47:46.284341"
}