{
    "id": 770,
    "name": "927.wav",
    "original_rms": 0.05253404751420021,
    "original_duration": 8.832,
    "mfccs": [
        -218.68824768066406,
        55.51775360107422,
        -35.92112350463867,
        -1.274692416191101,
        -30.72797393798828,
        -15.318692207336426,
        -24.050573348999023,
        -12.086052894592285,
        -7.170012950897217,
        -7.952633380889893,
        -10.495294570922852,
        -5.859707832336426,
        -7.260199546813965
    ],
    "date_created": "2024-06-09T03:47:46.052029"
}