{
    "id": 103,
    "name": "169.wav",
    "original_rms": 0.04959658533334732,
    "original_duration": 7.616,
    "mfccs": [
        -254.06912231445312,
        72.90872192382812,
        -5.447134017944336,
        22.52862548828125,
        4.465487957000732,
        -2.057868242263794,
        4.458663463592529,
        3.3569724559783936,
        4.278768539428711,
        3.8985650539398193,
        8.327101707458496,
        4.092006206512451,
        5.525153636932373
    ],
    "date_created": "2024-06-09T03:47:46.192483"
}