{
    "id": 192,
    "name": "1318.wav",
    "original_rms": 0.09891113638877869,
    "original_duration": 6.016,
    "mfccs": [
        -171.60646057128906,
        67.64176940917969,
        -12.895602226257324,
        24.806907653808594,
        -14.981709480285645,
        -0.8768296837806702,
        -1.6263319253921509,
        6.850001335144043,
        1.6432543992996216,
        2.6258435249328613,
        5.4877214431762695,
        -0.22076110541820526,
        3.2007105350494385
    ],
    "date_created": "2024-06-09T03:47:46.004841"
}