{
    "id": 424,
    "name": "359.wav",
    "original_rms": 0.048646122217178345,
    "original_duration": 7.488,
    "mfccs": [
        -213.73497009277344,
        68.22260284423828,
        -43.084312438964844,
        24.218149185180664,
        -14.813446998596191,
        8.567351341247559,
        -11.656601905822754,
        -6.255240440368652,
        13.278449058532715,
        -2.492643356323242,
        1.8729666471481323,
        -6.908873558044434,
        0.22954000532627106
    ],
    "date_created": "2024-06-09T03:47:46.134779"
}