{
    "id": 627,
    "name": "1377.wav",
    "original_rms": 0.07707159966230392,
    "original_duration": 7.424,
    "mfccs": [
        -217.5455780029297,
        55.911983489990234,
        -9.243170738220215,
        -11.16063404083252,
        -16.564783096313477,
        -2.119915246963501,
        -10.457425117492676,
        6.4947509765625,
        -4.979833602905273,
        8.093828201293945,
        -2.2812201976776123,
        -4.0964484214782715,
        -0.7414413690567017
    ],
    "date_created": "2024-06-09T03:47:46.253037"
}