{
    "id": 576,
    "name": "2190.wav",
    "original_rms": 0.05150085315108299,
    "original_duration": 5.824,
    "mfccs": [
        -315.04150390625,
        88.5794448852539,
        7.379501819610596,
        14.617142677307129,
        -30.61476707458496,
        -21.818073272705078,
        -5.549849033355713,
        -2.0880985260009766,
        -16.48328399658203,
        -24.024185180664062,
        -10.019672393798828,
        -7.695867538452148,
        -9.326607704162598
    ],
    "date_created": "2024-06-09T03:47:46.311498"
}