{
    "id": 178,
    "name": "1380.wav",
    "original_rms": 0.0807742103934288,
    "original_duration": 6.656,
    "mfccs": [
        -242.15675354003906,
        122.12805938720703,
        9.705430030822754,
        -6.048895359039307,
        -6.973482131958008,
        -7.955026149749756,
        -5.136351585388184,
        -6.936435699462891,
        -6.669595241546631,
        -0.974859356880188,
        -3.3148810863494873,
        -1.9688242673873901,
        1.465451955795288
    ],
    "date_created": "2024-06-09T03:47:46.133116"
}