{
    "id": 779,
    "name": "2239.wav",
    "original_rms": 0.071226567029953,
    "original_duration": 8.576,
    "mfccs": [
        -213.7512969970703,
        88.01424407958984,
        -1.2126704454421997,
        31.233428955078125,
        -13.407719612121582,
        7.215761184692383,
        -21.39284896850586,
        4.187236309051514,
        0.1564154475927353,
        -3.079929828643799,
        4.514699935913086,
        -13.092571258544922,
        3.0302751064300537
    ],
    "date_created": "2024-06-09T03:47:46.014779"
}