{
    "id": 169,
    "name": "680.wav",
    "original_rms": 0.1996976137161255,
    "original_duration": 10.496,
    "mfccs": [
        -224.90411376953125,
        101.39026641845703,
        -17.203237533569336,
        -7.1600847244262695,
        -2.5982017517089844,
        -15.538934707641602,
        -2.930018186569214,
        -9.908989906311035,
        4.721192836761475,
        3.481524705886841,
        -3.8378820419311523,
        -3.6807010173797607,
        -2.4053940773010254
    ],
    "date_created": "2024-06-09T03:47:46.313406"
}