{
    "id": 483,
    "name": "500.wav",
    "original_rms": 0.057422153651714325,
    "original_duration": 7.104,
    "mfccs": [
        -227.43197631835938,
        89.86498260498047,
        -39.2406120300293,
        10.384721755981445,
        -30.55528450012207,
        -21.573486328125,
        -16.444034576416016,
        -5.084626197814941,
        -22.017719268798828,
        2.6090877056121826,
        -13.966303825378418,
        -10.726319313049316,
        -4.089920520782471
    ],
    "date_created": "2024-06-09T03:47:46.048644"
}