{
    "id": 172,
    "name": "2159.wav",
    "original_rms": 0.05556068941950798,
    "original_duration": 5.056,
    "mfccs": [
        -284.2430725097656,
        102.7764892578125,
        -30.279977798461914,
        27.547447204589844,
        3.498450517654419,
        -15.605120658874512,
        -15.514455795288086,
        -7.084197521209717,
        0.8992694616317749,
        -0.22069592773914337,
        2.921536684036255,
        -2.9537317752838135,
        -1.7257546186447144
    ],
    "date_created": "2024-06-09T03:47:46.072293"
}