{
    "id": 579,
    "name": "443.wav",
    "original_rms": 0.045818135142326355,
    "original_duration": 25.664,
    "mfccs": [
        -274.29718017578125,
        38.665611267089844,
        -23.33867835998535,
        6.061426162719727,
        -36.83131408691406,
        -8.859963417053223,
        -20.48227882385254,
        -9.879505157470703,
        -11.141217231750488,
        -9.691705703735352,
        -8.826756477355957,
        -17.19098472595215,
        -1.9084395170211792
    ],
    "date_created": "2024-06-09T03:47:46.326596"
}