{
    "id": 757,
    "name": "2263.wav",
    "original_rms": 0.11419575661420822,
    "original_duration": 5.184,
    "mfccs": [
        -328.38848876953125,
        127.49234771728516,
        12.648292541503906,
        -8.313931465148926,
        19.161033630371094,
        -16.578510284423828,
        -14.545626640319824,
        -1.051896572113037,
        -23.89891815185547,
        1.0848890542984009,
        -5.3921637535095215,
        0.06578782945871353,
        -3.322040557861328
    ],
    "date_created": "2024-06-09T03:47:46.096198"
}