{
    "id": 305,
    "name": "9.wav",
    "original_rms": 0.05100342631340027,
    "original_duration": 5.376,
    "mfccs": [
        -272.19744873046875,
        56.115501403808594,
        -46.756996154785156,
        28.824316024780273,
        -55.6201171875,
        1.9799308776855469,
        -22.513019561767578,
        -7.350712776184082,
        -4.567895412445068,
        -9.816922187805176,
        -2.5701797008514404,
        -5.016153335571289,
        -11.924605369567871
    ],
    "date_created": "2024-06-09T03:47:46.132111"
}