{
    "id": 112,
    "name": "2160.wav",
    "original_rms": 0.1726769059896469,
    "original_duration": 8.576,
    "mfccs": [
        -197.4676513671875,
        98.78668212890625,
        -15.731030464172363,
        17.89254379272461,
        -11.277334213256836,
        0.4943694472312927,
        -14.627182960510254,
        -10.875710487365723,
        -2.6482949256896973,
        -8.935832023620605,
        -1.4314168691635132,
        -11.680224418640137,
        2.303133249282837
    ],
    "date_created": "2024-06-09T03:47:45.977252"
}