{
    "id": 222,
    "name": "804.wav",
    "original_rms": 0.15130305290222168,
    "original_duration": 7.296,
    "mfccs": [
        -314.3002014160156,
        106.58673095703125,
        -29.92632293701172,
        13.615167617797852,
        -28.638883590698242,
        -15.525975227355957,
        -15.013566017150879,
        -12.409072875976562,
        -8.904260635375977,
        -6.5841569900512695,
        5.121572017669678,
        -9.583244323730469,
        -7.423608303070068
    ],
    "date_created": "2024-06-09T03:47:46.269913"
}