{
    "id": 159,
    "name": "1719.wav",
    "original_rms": 0.23545561730861664,
    "original_duration": 5.888,
    "mfccs": [
        -351.9702453613281,
        127.825439453125,
        -6.901114463806152,
        -15.381338119506836,
        -17.15195083618164,
        -56.48218536376953,
        -8.423620223999023,
        -28.239673614501953,
        -9.487719535827637,
        2.791934013366699,
        -5.533172607421875,
        0.6523412466049194,
        -1.363529086112976
    ],
    "date_created": "2024-06-09T03:47:46.048994"
}