{
    "id": 81,
    "name": "339.wav",
    "original_rms": 0.14222614467144012,
    "original_duration": 5.184,
    "mfccs": [
        -274.5977783203125,
        100.63797760009766,
        20.20184898376465,
        10.228429794311523,
        -7.7823991775512695,
        -13.932343482971191,
        -16.490474700927734,
        -4.3481550216674805,
        -11.086857795715332,
        2.707056760787964,
        -11.146970748901367,
        0.13593606650829315,
        -4.540966033935547
    ],
    "date_created": "2024-06-09T03:47:46.065913"
}