{
    "id": 670,
    "name": "862.wav",
    "original_rms": 0.10141430050134659,
    "original_duration": 13.12,
    "mfccs": [
        -266.6607360839844,
        90.22196960449219,
        4.441520690917969,
        10.177820205688477,
        -3.216968536376953,
        -9.391875267028809,
        -14.254372596740723,
        -3.0181069374084473,
        -3.5244357585906982,
        -2.3880977630615234,
        0.3041875660419464,
        -6.545185565948486,
        0.20241250097751617
    ],
    "date_created": "2024-06-09T03:47:46.285027"
}