{
    "id": 682,
    "name": "1791.wav",
    "original_rms": 0.0504184290766716,
    "original_duration": 6.72,
    "mfccs": [
        -274.4284973144531,
        72.8099365234375,
        -0.34882602095603943,
        38.511558532714844,
        -11.040586471557617,
        -6.905313968658447,
        -8.246609687805176,
        -1.8541325330734253,
        -0.927166223526001,
        -2.52760910987854,
        -0.38442012667655945,
        -7.09835147857666,
        1.2777915000915527
    ],
    "date_created": "2024-06-09T03:47:46.139747"
}