{
    "id": 820,
    "name": "2254.wav",
    "original_rms": 0.15471547842025757,
    "original_duration": 14.4,
    "mfccs": [
        -249.08245849609375,
        45.151031494140625,
        -39.736366271972656,
        -1.4513094425201416,
        -7.210264205932617,
        -27.356103897094727,
        -12.673179626464844,
        -10.107560157775879,
        -8.684701919555664,
        3.127683162689209,
        -11.044919967651367,
        -3.962878942489624,
        -5.018674373626709
    ],
    "date_created": "2024-06-09T03:47:46.220553"
}