{
    "id": 540,
    "name": "1098.wav",
    "original_rms": 0.06751196831464767,
    "original_duration": 9.152,
    "mfccs": [
        -298.54669189453125,
        57.88987731933594,
        -31.535009384155273,
        4.837797164916992,
        -25.764253616333008,
        -1.1317715644836426,
        -11.911742210388184,
        -18.025331497192383,
        1.674426794052124,
        0.683915913105011,
        1.1535462141036987,
        -3.3902556896209717,
        0.7821902632713318
    ],
    "date_created": "2024-06-09T03:47:46.297435"
}