{
    "id": 338,
    "name": "2097.wav",
    "original_rms": 0.07098306715488434,
    "original_duration": 5.312,
    "mfccs": [
        -265.7843322753906,
        85.0094223022461,
        -3.7364275455474854,
        2.1788229942321777,
        -14.244379997253418,
        -18.66058921813965,
        -14.029536247253418,
        -17.02336311340332,
        -15.003072738647461,
        -2.4743709564208984,
        -4.139598369598389,
        -8.098082542419434,
        -2.1043622493743896
    ],
    "date_created": "2024-06-09T03:47:46.234041"
}