{
    "id": 322,
    "name": "2006.wav",
    "original_rms": 0.10711146146059036,
    "original_duration": 7.488,
    "mfccs": [
        -287.3970947265625,
        121.52302551269531,
        -83.50678253173828,
        -0.6970168948173523,
        -35.47144317626953,
        -20.25864601135254,
        -26.39046859741211,
        -5.6529765129089355,
        -4.3163580894470215,
        -0.7641997337341309,
        2.0653069019317627,
        -13.972432136535645,
        0.2867129445075989
    ],
    "date_created": "2024-06-09T03:47:46.038564"
}