{
    "id": 381,
    "name": "1614.wav",
    "original_rms": 0.08253510296344757,
    "original_duration": 5.44,
    "mfccs": [
        -314.320556640625,
        80.10195922851562,
        6.9789509773254395,
        7.993800163269043,
        -13.636176109313965,
        -1.061293601989746,
        -9.798678398132324,
        -0.4298284351825714,
        -6.25360107421875,
        -1.91986083984375,
        -6.609037399291992,
        -5.894151210784912,
        -5.360747337341309
    ],
    "date_created": "2024-06-09T03:47:46.192978"
}