{
    "id": 88,
    "name": "352.wav",
    "original_rms": 0.14543215930461884,
    "original_duration": 5.248,
    "mfccs": [
        -264.2232666015625,
        75.93462371826172,
        1.4390511512756348,
        34.75484085083008,
        -37.587406158447266,
        -2.0929436683654785,
        -19.096405029296875,
        -0.5716359615325928,
        -16.133588790893555,
        -9.105546951293945,
        -6.566644191741943,
        -10.509785652160645,
        3.7835655212402344
    ],
    "date_created": "2024-06-09T03:47:46.266848"
}