{
    "id": 139,
    "name": "1546.wav",
    "original_rms": 0.046676862984895706,
    "original_duration": 6.144,
    "mfccs": [
        -250.0464324951172,
        103.4999771118164,
        -9.411674499511719,
        6.97117280960083,
        -6.842041015625,
        -15.81430721282959,
        -11.948575973510742,
        -7.053491592407227,
        -4.278505325317383,
        -6.740658760070801,
        2.704745292663574,
        -6.843327045440674,
        2.704352378845215
    ],
    "date_created": "2024-06-09T03:47:46.143520"
}