{
    "id": 584,
    "name": "1724.wav",
    "original_rms": 0.043441761285066605,
    "original_duration": 12.352,
    "mfccs": [
        -282.9625244140625,
        92.58721160888672,
        -51.66401290893555,
        11.695711135864258,
        -28.6946964263916,
        -19.701908111572266,
        -25.235591888427734,
        -10.685805320739746,
        -15.809722900390625,
        -16.124692916870117,
        -1.0658293962478638,
        -18.791471481323242,
        -4.511759281158447
    ],
    "date_created": "2024-06-09T03:47:46.015423"
}