{
    "id": 756,
    "name": "916.wav",
    "original_rms": 0.04027875140309334,
    "original_duration": 9.152,
    "mfccs": [
        -233.50283813476562,
        40.57852554321289,
        -38.24800491333008,
        21.9984130859375,
        -42.206932067871094,
        -0.1520203948020935,
        -27.72022819519043,
        -6.101967811584473,
        -8.04057502746582,
        -4.859236717224121,
        -1.1551433801651,
        -8.870585441589355,
        -2.1863508224487305
    ],
    "date_created": "2024-06-09T03:47:46.287208"
}