{
    "id": 459,
    "name": "109.wav",
    "original_rms": 0.05414711311459541,
    "original_duration": 5.504,
    "mfccs": [
        -278.9505920410156,
        94.12721252441406,
        -42.598358154296875,
        20.356449127197266,
        -7.088501930236816,
        -18.95012092590332,
        -14.9426908493042,
        5.7897491455078125,
        -0.20798195898532867,
        -6.618404865264893,
        -1.1681861877441406,
        -0.8116384148597717,
        -1.753847360610962
    ],
    "date_created": "2024-06-09T03:47:46.290904"
}