{
    "id": 549,
    "name": "284.wav",
    "original_rms": 0.08168116956949234,
    "original_duration": 9.216,
    "mfccs": [
        -325.942138671875,
        86.74982452392578,
        -8.713294982910156,
        26.164268493652344,
        -10.431118965148926,
        -2.2033634185791016,
        -3.8796417713165283,
        1.4490208625793457,
        -15.432890892028809,
        -5.2218475341796875,
        0.6877437233924866,
        -8.567743301391602,
        -1.156049370765686
    ],
    "date_created": "2024-06-09T03:47:46.318551"
}