{
    "id": 198,
    "name": "888.wav",
    "original_rms": 0.06726862490177155,
    "original_duration": 7.744,
    "mfccs": [
        -312.1793518066406,
        95.62348175048828,
        -0.7213694453239441,
        31.56195831298828,
        -3.8089568614959717,
        -25.0103759765625,
        -14.83310604095459,
        -3.6085643768310547,
        -19.60196876525879,
        -9.385140419006348,
        -18.851444244384766,
        -2.8032498359680176,
        8.502071380615234
    ],
    "date_created": "2024-06-09T03:47:46.279238"
}