{
    "id": 351,
    "name": "28.wav",
    "original_rms": 0.05286186933517456,
    "original_duration": 14.784,
    "mfccs": [
        -301.653564453125,
        119.94580841064453,
        3.591254234313965,
        9.1681489944458,
        -1.1880968809127808,
        -11.979731559753418,
        -10.819417953491211,
        -1.8424080610275269,
        -5.564054489135742,
        3.784865379333496,
        -2.1609222888946533,
        -1.3844287395477295,
        0.9288219213485718
    ],
    "date_created": "2024-06-09T03:47:46.003179"
}