{
    "id": 746,
    "name": "1567.wav",
    "original_rms": 0.1500261127948761,
    "original_duration": 10.048,
    "mfccs": [
        -222.781494140625,
        50.23706817626953,
        -33.23234558105469,
        25.23400115966797,
        -34.36899948120117,
        -12.749348640441895,
        -31.60380744934082,
        -6.965059757232666,
        -4.123842239379883,
        -12.246646881103516,
        0.2642362117767334,
        -13.429048538208008,
        3.7822060585021973
    ],
    "date_created": "2024-06-09T03:47:46.260340"
}