{
    "id": 573,
    "name": "823.wav",
    "original_rms": 0.06140899285674095,
    "original_duration": 7.168,
    "mfccs": [
        -230.1625518798828,
        86.12384033203125,
        -25.486669540405273,
        11.84788990020752,
        -3.8333327770233154,
        8.61746883392334,
        -5.2389235496521,
        -12.44318962097168,
        2.9764957427978516,
        -6.136388301849365,
        -10.228747367858887,
        -5.928706169128418,
        -8.473899841308594
    ],
    "date_created": "2024-06-09T03:47:46.109049"
}