{
    "id": 96,
    "name": "355.wav",
    "original_rms": 0.07279632985591888,
    "original_duration": 17.088,
    "mfccs": [
        -307.0251770019531,
        92.0750503540039,
        -16.947269439697266,
        42.66233825683594,
        -26.95234489440918,
        -2.4748246669769287,
        -19.84512710571289,
        -10.831283569335938,
        7.186652660369873,
        -8.290756225585938,
        0.9468661546707153,
        -3.081167697906494,
        0.9064440131187439
    ],
    "date_created": "2024-06-09T03:47:46.237414"
}