{
    "id": 244,
    "name": "1360.wav",
    "original_rms": 0.12109578400850296,
    "original_duration": 6.336,
    "mfccs": [
        -292.1496887207031,
        96.57868957519531,
        -15.778680801391602,
        -9.586166381835938,
        -13.99354076385498,
        -7.320435523986816,
        -9.41529369354248,
        -11.656478881835938,
        -2.553255796432495,
        -6.008687973022461,
        -0.14183849096298218,
        -1.7126412391662598,
        -5.910768985748291
    ],
    "date_created": "2024-06-09T03:47:46.270078"
}