{
    "id": 197,
    "name": "1578.wav",
    "original_rms": 0.060930754989385605,
    "original_duration": 5.376,
    "mfccs": [
        -266.3800048828125,
        112.88619995117188,
        19.963241577148438,
        25.67333984375,
        -14.177364349365234,
        -19.30369758605957,
        -2.028669834136963,
        -12.591793060302734,
        4.188641548156738,
        2.4259965419769287,
        -4.207912921905518,
        7.0806474685668945,
        1.410555362701416
    ],
    "date_created": "2024-06-09T03:47:46.138898"
}