{
    "id": 695,
    "name": "1701.wav",
    "original_rms": 0.09212633967399597,
    "original_duration": 5.184,
    "mfccs": [
        -191.17581176757812,
        88.02035522460938,
        -9.719561576843262,
        16.970762252807617,
        -15.665633201599121,
        6.502893924713135,
        -7.419082164764404,
        7.934654235839844,
        3.2087888717651367,
        4.7588324546813965,
        -2.6026594638824463,
        -0.8433233499526978,
        -2.063575029373169
    ],
    "date_created": "2024-06-09T03:47:46.298314"
}