{
    "id": 296,
    "name": "1028.wav",
    "original_rms": 0.1288413107395172,
    "original_duration": 5.056,
    "mfccs": [
        -222.83807373046875,
        58.893062591552734,
        -21.6651554107666,
        -4.690467834472656,
        -20.03292465209961,
        -21.486221313476562,
        -11.044322967529297,
        -24.375452041625977,
        -4.494662284851074,
        -3.9350221157073975,
        -11.069049835205078,
        -1.8076591491699219,
        -12.461408615112305
    ],
    "date_created": "2024-06-09T03:47:46.245568"
}