{
    "id": 684,
    "name": "1133.wav",
    "original_rms": 0.07836611568927765,
    "original_duration": 16.128,
    "mfccs": [
        -305.7628173828125,
        73.41967010498047,
        29.150671005249023,
        -3.6236777305603027,
        -12.414778709411621,
        9.652700424194336,
        -24.59040641784668,
        -2.049257755279541,
        -9.322707176208496,
        -4.131919860839844,
        -9.128888130187988,
        -6.247320652008057,
        -0.40812575817108154
    ],
    "date_created": "2024-06-09T03:47:45.999527"
}