{
    "id": 490,
    "name": "1803.wav",
    "original_rms": 0.08552570641040802,
    "original_duration": 5.376,
    "mfccs": [
        -278.8694763183594,
        109.46188354492188,
        27.253498077392578,
        19.421592712402344,
        -0.15753057599067688,
        7.186697006225586,
        -1.706404209136963,
        1.3231014013290405,
        -1.404763102531433,
        4.9577412605285645,
        2.2968697547912598,
        4.869147777557373,
        -1.9633314609527588
    ],
    "date_created": "2024-06-09T03:47:46.150657"
}