{
    "id": 55,
    "name": "737.wav",
    "original_rms": 0.18540924787521362,
    "original_duration": 6.592,
    "mfccs": [
        -276.65350341796875,
        77.79214477539062,
        -16.918039321899414,
        11.698266983032227,
        -21.185056686401367,
        2.7108280658721924,
        -22.16091537475586,
        5.452275276184082,
        -7.460090160369873,
        7.265308380126953,
        -3.261845827102661,
        -6.2962141036987305,
        1.1061511039733887
    ],
    "date_created": "2024-06-09T03:47:46.314110"
}