{
    "id": 637,
    "name": "1736.wav",
    "original_rms": 0.06400354206562042,
    "original_duration": 15.296,
    "mfccs": [
        -255.33468627929688,
        87.25128173828125,
        -34.56474685668945,
        19.55082130432129,
        -20.843124389648438,
        -34.77507019042969,
        -9.026436805725098,
        -17.266117095947266,
        -14.322458267211914,
        -6.793495178222656,
        -12.497035026550293,
        -10.599127769470215,
        -4.346341609954834
    ],
    "date_created": "2024-06-09T03:47:45.948563"
}