{
    "id": 505,
    "name": "951.wav",
    "original_rms": 0.07023918628692627,
    "original_duration": 19.328,
    "mfccs": [
        -295.8036804199219,
        107.7872314453125,
        -22.151988983154297,
        -7.76128625869751,
        -11.155765533447266,
        -29.015748977661133,
        -15.980722427368164,
        -3.4553375244140625,
        -13.494739532470703,
        -6.603590488433838,
        -2.909921884536743,
        -3.579353094100952,
        -1.938854455947876
    ],
    "date_created": "2024-06-09T03:47:46.155860"
}