{
    "id": 633,
    "name": "2191.wav",
    "original_rms": 0.09100022912025452,
    "original_duration": 6.144,
    "mfccs": [
        -205.11688232421875,
        73.28404998779297,
        -4.029697895050049,
        14.221467971801758,
        -4.249719142913818,
        -8.265303611755371,
        -1.8876630067825317,
        4.429373741149902,
        -1.8161115646362305,
        -3.034233808517456,
        -1.6477848291397095,
        0.18850697576999664,
        -0.04520571604371071
    ],
    "date_created": "2024-06-09T03:47:46.306609"
}