{
    "id": 199,
    "name": "424.wav",
    "original_rms": 0.043787240982055664,
    "original_duration": 10.176,
    "mfccs": [
        -239.4517364501953,
        82.49514770507812,
        -12.678409576416016,
        12.950569152832031,
        -6.61607551574707,
        -2.856161117553711,
        -13.33338737487793,
        8.793122291564941,
        -0.5923013091087341,
        7.773853302001953,
        -3.1592795848846436,
        -4.086179256439209,
        5.334166526794434
    ],
    "date_created": "2024-06-09T03:47:46.204113"
}