{
    "id": 797,
    "name": "1674.wav",
    "original_rms": 0.07595548033714294,
    "original_duration": 10.816,
    "mfccs": [
        -350.83489990234375,
        138.952880859375,
        -39.420989990234375,
        23.2155818939209,
        -15.449128150939941,
        -7.568310260772705,
        -4.945056915283203,
        -11.754868507385254,
        -6.783769130706787,
        -16.366172790527344,
        -7.575539588928223,
        -11.163798332214355,
        -5.531411170959473
    ],
    "date_created": "2024-06-09T03:47:46.292588"
}