{
    "id": 410,
    "name": "1279.wav",
    "original_rms": 0.06823675334453583,
    "original_duration": 5.184,
    "mfccs": [
        -231.93528747558594,
        67.11063385009766,
        6.87108039855957,
        -5.82789421081543,
        2.6954262256622314,
        -18.62076187133789,
        -13.523341178894043,
        -0.24312937259674072,
        -5.389837741851807,
        0.6202635765075684,
        -6.072427272796631,
        -3.5291709899902344,
        -5.260037899017334
    ],
    "date_created": "2024-06-09T03:47:45.990511"
}