{
    "id": 167,
    "name": "1721.wav",
    "original_rms": 0.0913611352443695,
    "original_duration": 7.424,
    "mfccs": [
        -236.0022430419922,
        92.24761199951172,
        -14.640656471252441,
        34.607322692871094,
        -14.34588623046875,
        3.295725107192993,
        -9.694196701049805,
        -10.370955467224121,
        0.34809690713882446,
        -2.0687203407287598,
        -2.651284694671631,
        -3.3342902660369873,
        3.605454683303833
    ],
    "date_created": "2024-06-09T03:47:45.986279"
}