{
    "id": 396,
    "name": "126.wav",
    "original_rms": 0.22715070843696594,
    "original_duration": 5.376,
    "mfccs": [
        -257.4548034667969,
        101.48004913330078,
        8.556265830993652,
        39.05492401123047,
        4.437031269073486,
        5.560642719268799,
        -0.4431592524051666,
        -10.620095252990723,
        -0.3535316586494446,
        -6.870110988616943,
        8.096899032592773,
        -7.8366265296936035,
        5.95155668258667
    ],
    "date_created": "2024-06-09T03:47:46.330805"
}