{
    "id": 363,
    "name": "340.wav",
    "original_rms": 0.08257326483726501,
    "original_duration": 9.344,
    "mfccs": [
        -294.95257568359375,
        82.25302124023438,
        16.10794448852539,
        26.006807327270508,
        -6.361599445343018,
        -15.019575119018555,
        -14.020792007446289,
        -22.53525161743164,
        -21.903366088867188,
        -9.532201766967773,
        -3.575087308883667,
        -8.078500747680664,
        -4.925965309143066
    ],
    "date_created": "2024-06-09T03:47:46.236280"
}