{
    "id": 101,
    "name": "707.wav",
    "original_rms": 0.08434783667325974,
    "original_duration": 8.192,
    "mfccs": [
        -284.8567810058594,
        92.30752563476562,
        -16.456912994384766,
        7.212297439575195,
        -16.23270034790039,
        -7.256028175354004,
        -11.525568008422852,
        2.232452392578125,
        -5.416041851043701,
        2.9176628589630127,
        -8.409795761108398,
        -10.031122207641602,
        1.8124371767044067
    ],
    "date_created": "2024-06-09T03:47:46.010261"
}