{
    "id": 207,
    "name": "892.wav",
    "original_rms": 0.04669827222824097,
    "original_duration": 5.888,
    "mfccs": [
        -278.5567626953125,
        134.34654235839844,
        -47.75165939331055,
        30.079181671142578,
        -50.6706428527832,
        8.68445873260498,
        -28.568784713745117,
        3.317040205001831,
        -9.620720863342285,
        -4.362565040588379,
        -0.8599175214767456,
        -12.09888744354248,
        6.234802722930908
    ],
    "date_created": "2024-06-09T03:47:46.034775"
}