{
    "id": 585,
    "name": "812.wav",
    "original_rms": 0.05943510681390762,
    "original_duration": 6.976,
    "mfccs": [
        -335.6105651855469,
        119.9218521118164,
        -17.84689712524414,
        33.306610107421875,
        -9.173885345458984,
        -25.351322174072266,
        -16.24406623840332,
        -8.071762084960938,
        -12.32473087310791,
        -6.5907487869262695,
        -0.8734499216079712,
        -12.648040771484375,
        -2.575993776321411
    ],
    "date_created": "2024-06-09T03:47:46.247990"
}