{
    "id": 389,
    "name": "2062.wav",
    "original_rms": 0.0723850205540657,
    "original_duration": 8.704,
    "mfccs": [
        -251.27906799316406,
        76.1787109375,
        5.053373336791992,
        23.765830993652344,
        2.6510794162750244,
        0.9542590379714966,
        3.970214366912842,
        2.703782558441162,
        13.01477336883545,
        -3.761319160461426,
        3.1178438663482666,
        1.481900691986084,
        5.73500919342041
    ],
    "date_created": "2024-06-09T03:47:46.080372"
}