{
    "id": 332,
    "name": "572.wav",
    "original_rms": 0.05610394477844238,
    "original_duration": 8.256,
    "mfccs": [
        -239.64126586914062,
        94.85282897949219,
        -28.9027042388916,
        15.545891761779785,
        -25.832372665405273,
        -9.777376174926758,
        -12.7278413772583,
        -14.450140953063965,
        7.80271577835083,
        -7.040097236633301,
        3.042386770248413,
        -5.448948383331299,
        -4.425104141235352
    ],
    "date_created": "2024-06-09T03:47:46.127184"
}