{
    "id": 652,
    "name": "838.wav",
    "original_rms": 0.07331819832324982,
    "original_duration": 5.76,
    "mfccs": [
        -244.2119140625,
        86.67566680908203,
        15.086450576782227,
        19.07411003112793,
        1.3363765478134155,
        8.704103469848633,
        -12.4418306350708,
        11.657493591308594,
        -4.3731255531311035,
        1.1008061170578003,
        -0.4825235903263092,
        -2.787510871887207,
        -0.7090355157852173
    ],
    "date_created": "2024-06-09T03:47:46.270261"
}