{
    "id": 608,
    "name": "1776.wav",
    "original_rms": 0.10076161473989487,
    "original_duration": 6.272,
    "mfccs": [
        -281.7261657714844,
        81.82747650146484,
        -34.31690216064453,
        38.190223693847656,
        -21.194704055786133,
        -17.150327682495117,
        -1.7084747552871704,
        -30.60964012145996,
        4.614729404449463,
        -8.724203109741211,
        -5.122758388519287,
        0.5220453143119812,
        -5.774341583251953
    ],
    "date_created": "2024-06-09T03:47:46.243250"
}