{
    "id": 721,
    "name": "432.wav",
    "original_rms": 0.16370590031147003,
    "original_duration": 6.144,
    "mfccs": [
        -259.7882080078125,
        87.90515899658203,
        -10.281588554382324,
        4.327929973602295,
        -17.28790855407715,
        -14.229408264160156,
        -14.616106986999512,
        -26.91465950012207,
        -16.931324005126953,
        -1.5993179082870483,
        -6.1964874267578125,
        7.590234279632568,
        -6.443076133728027
    ],
    "date_created": "2024-06-09T03:47:46.236020"
}