{
    "id": 122,
    "name": "1972.wav",
    "original_rms": 0.20450115203857422,
    "original_duration": 6.656,
    "mfccs": [
        -237.18063354492188,
        119.56727600097656,
        14.404967308044434,
        25.99311065673828,
        -3.788468360900879,
        -5.704296588897705,
        0.015310202725231647,
        1.058502435684204,
        -7.4135260581970215,
        4.4256486892700195,
        -2.5011916160583496,
        -6.195276737213135,
        3.198045492172241
    ],
    "date_created": "2024-06-09T03:47:46.077854"
}