{
    "id": 839,
    "name": "523.wav",
    "original_rms": 0.0475243516266346,
    "original_duration": 5.12,
    "mfccs": [
        -279.7010803222656,
        98.57853698730469,
        -3.822615623474121,
        26.780790328979492,
        -7.559666156768799,
        2.86724853515625,
        -11.025103569030762,
        -6.20334005355835,
        -0.1042599007487297,
        -0.3240583837032318,
        0.2622435688972473,
        -6.626846790313721,
        4.642377853393555
    ],
    "date_created": "2024-06-09T03:47:46.321295"
}