{
    "id": 656,
    "name": "1535.wav",
    "original_rms": 0.05868959054350853,
    "original_duration": 27.648,
    "mfccs": [
        -254.5252227783203,
        60.38838577270508,
        -10.269949913024902,
        40.78471374511719,
        -24.097087860107422,
        -1.348180890083313,
        -22.407230377197266,
        -3.2767350673675537,
        0.6648275852203369,
        0.32335084676742554,
        -4.37366247177124,
        -3.5514025688171387,
        -1.8718582391738892
    ],
    "date_created": "2024-06-09T03:47:45.978715"
}