{
    "id": 668,
    "name": "1566.wav",
    "original_rms": 0.15833018720149994,
    "original_duration": 5.76,
    "mfccs": [
        -223.8703155517578,
        103.90616607666016,
        -10.894994735717773,
        28.712984085083008,
        -20.545156478881836,
        9.996789932250977,
        -13.697169303894043,
        8.677261352539062,
        -10.003762245178223,
        0.008584186434745789,
        -2.8434324264526367,
        2.8578433990478516,
        1.2470104694366455
    ],
    "date_created": "2024-06-09T03:47:46.271989"
}