{
    "id": 587,
    "name": "224.wav",
    "original_rms": 0.10051552951335907,
    "original_duration": 10.176,
    "mfccs": [
        -291.7985534667969,
        118.18106842041016,
        -3.756779670715332,
        52.01639938354492,
        -11.848655700683594,
        3.3120081424713135,
        -0.3639475703239441,
        16.82474708557129,
        3.4151995182037354,
        0.524761974811554,
        6.075555801391602,
        -10.689963340759277,
        6.0873541831970215
    ],
    "date_created": "2024-06-09T03:47:46.256565"
}