{
    "id": 685,
    "name": "1557.wav",
    "original_rms": 0.12366398423910141,
    "original_duration": 6.912,
    "mfccs": [
        -222.72100830078125,
        68.90516662597656,
        -32.350528717041016,
        26.47005844116211,
        -32.71914291381836,
        -18.230674743652344,
        -23.185501098632812,
        -8.067307472229004,
        -8.070931434631348,
        -10.504364013671875,
        -7.320544242858887,
        -12.615241050720215,
        -5.7225141525268555
    ],
    "date_created": "2024-06-09T03:47:46.081470"
}