{
    "id": 488,
    "name": "2018.wav",
    "original_rms": 0.05465860664844513,
    "original_duration": 7.36,
    "mfccs": [
        -354.8460998535156,
        117.09475708007812,
        21.456024169921875,
        41.39054870605469,
        -28.942127227783203,
        -25.621103286743164,
        -34.04745101928711,
        -14.788971900939941,
        -23.638219833374023,
        -7.362887859344482,
        -2.6402206420898438,
        -19.0034236907959,
        3.75578236579895
    ],
    "date_created": "2024-06-09T03:47:46.333740"
}