{
    "id": 56,
    "name": "1298.wav",
    "original_rms": 0.05849591642618179,
    "original_duration": 5.44,
    "mfccs": [
        -256.97265625,
        74.483642578125,
        -0.7909955978393555,
        38.460960388183594,
        -21.186538696289062,
        -3.0769078731536865,
        -25.002771377563477,
        4.824804306030273,
        -14.354249954223633,
        2.7811126708984375,
        -8.296100616455078,
        -7.60111141204834,
        4.122742652893066
    ],
    "date_created": "2024-06-09T03:47:46.276757"
}