{
    "id": 25,
    "name": "2281.wav",
    "original_rms": 0.08928179740905762,
    "original_duration": 10.752,
    "mfccs": [
        -238.86001586914062,
        71.20372009277344,
        -0.4722937345504761,
        -7.555737018585205,
        -5.769870281219482,
        -4.23613166809082,
        -22.04082679748535,
        9.246606826782227,
        -7.136167526245117,
        3.3879494667053223,
        -3.436840772628784,
        -14.284156799316406,
        -8.869355201721191
    ],
    "date_created": "2024-06-09T03:47:46.221811"
}