{
    "id": 842,
    "name": "381.wav",
    "original_rms": 0.047234050929546356,
    "original_duration": 7.424,
    "mfccs": [
        -255.7933349609375,
        59.78335189819336,
        -30.360307693481445,
        9.677993774414062,
        -16.512252807617188,
        -2.275184154510498,
        -4.4406938552856445,
        -9.034506797790527,
        -9.24382209777832,
        -14.272295951843262,
        -13.442071914672852,
        -8.709785461425781,
        -4.693601131439209
    ],
    "date_created": "2024-06-09T03:47:46.205127"
}