{
    "id": 40,
    "name": "953.wav",
    "original_rms": 0.08821370452642441,
    "original_duration": 6.976,
    "mfccs": [
        -180.74343872070312,
        50.44377136230469,
        -15.093688011169434,
        -0.4838249981403351,
        -16.996631622314453,
        4.959536552429199,
        -17.956018447875977,
        -5.677110195159912,
        -4.909181118011475,
        0.6840742826461792,
        -6.274670124053955,
        -1.4781907796859741,
        0.9148149490356445
    ],
    "date_created": "2024-06-09T03:47:46.131464"
}