{
    "id": 114,
    "name": "478.wav",
    "original_rms": 0.04388304054737091,
    "original_duration": 16.256,
    "mfccs": [
        -253.2274627685547,
        42.06394958496094,
        -14.120994567871094,
        7.5216288566589355,
        -13.84625244140625,
        -9.297338485717773,
        -6.26439905166626,
        -6.4139180183410645,
        -14.55329418182373,
        -16.782257080078125,
        -11.011760711669922,
        -7.779994964599609,
        -8.532156944274902
    ],
    "date_created": "2024-06-09T03:47:46.293874"
}