{
    "id": 807,
    "name": "926.wav",
    "original_rms": 0.06392545998096466,
    "original_duration": 9.92,
    "mfccs": [
        -267.2373962402344,
        113.47103881835938,
        10.217536926269531,
        27.021276473999023,
        -12.035941123962402,
        -12.303361892700195,
        -16.52405548095703,
        -3.3591408729553223,
        -5.722825527191162,
        2.077584743499756,
        5.152183532714844,
        -0.8671115040779114,
        0.510240912437439
    ],
    "date_created": "2024-06-09T03:47:46.074188"
}