{
    "id": 787,
    "name": "980.wav",
    "original_rms": 0.10310210287570953,
    "original_duration": 7.232,
    "mfccs": [
        -240.75656127929688,
        71.38985443115234,
        -23.172325134277344,
        16.60893440246582,
        -17.300390243530273,
        7.551621913909912,
        -7.6410675048828125,
        -16.068920135498047,
        -13.487812042236328,
        -13.440377235412598,
        -4.429137229919434,
        -18.350906372070312,
        -1.0131839513778687
    ],
    "date_created": "2024-06-09T03:47:46.126084"
}