{
    "id": 766,
    "name": "1843.wav",
    "original_rms": 0.14463643729686737,
    "original_duration": 13.44,
    "mfccs": [
        -191.60621643066406,
        102.10380554199219,
        -54.773277282714844,
        8.754836082458496,
        -10.904614448547363,
        -0.67511385679245,
        -10.068263053894043,
        7.859795570373535,
        -9.017213821411133,
        -1.3477033376693726,
        -1.8207074403762817,
        -8.26392650604248,
        -1.7947347164154053
    ],
    "date_created": "2024-06-09T03:47:46.309262"
}