{
    "id": 712,
    "name": "495.wav",
    "original_rms": 0.17550118267536163,
    "original_duration": 7.232,
    "mfccs": [
        -256.49346923828125,
        68.76262664794922,
        -51.098880767822266,
        9.882065773010254,
        -20.536819458007812,
        -12.530229568481445,
        -6.770727634429932,
        8.3540620803833,
        2.501343250274658,
        -7.773263931274414,
        -4.321751117706299,
        -11.85464859008789,
        -3.321253776550293
    ],
    "date_created": "2024-06-09T03:47:46.329341"
}