{
    "id": 220,
    "name": "1302.wav",
    "original_rms": 0.1321733295917511,
    "original_duration": 5.056,
    "mfccs": [
        -212.5758056640625,
        71.78465270996094,
        -41.23040008544922,
        13.950592994689941,
        -24.608251571655273,
        -22.723873138427734,
        -22.148969650268555,
        -9.389354705810547,
        -20.548547744750977,
        -0.31433436274528503,
        -11.604287147521973,
        -5.746560573577881,
        -11.002264022827148
    ],
    "date_created": "2024-06-09T03:47:46.322518"
}