{
    "id": 76,
    "name": "762.wav",
    "original_rms": 0.04728345200419426,
    "original_duration": 6.976,
    "mfccs": [
        -281.6286315917969,
        129.2082061767578,
        15.57282543182373,
        -3.2779276371002197,
        4.760509490966797,
        -10.203768730163574,
        -9.039321899414062,
        6.911002159118652,
        -5.363542556762695,
        -6.740449905395508,
        -7.6788554191589355,
        4.177401065826416,
        -3.2755446434020996
    ],
    "date_created": "2024-06-09T03:47:46.155361"
}