{
    "id": 760,
    "name": "929.wav",
    "original_rms": 0.07028916478157043,
    "original_duration": 8.256,
    "mfccs": [
        -244.63136291503906,
        72.08341217041016,
        -26.704904556274414,
        37.63129425048828,
        -45.361183166503906,
        -17.822324752807617,
        -32.51813888549805,
        -13.556693077087402,
        -5.165809154510498,
        -17.614017486572266,
        10.64438533782959,
        -21.70155143737793,
        13.427597999572754
    ],
    "date_created": "2024-06-09T03:47:46.296590"
}