{
    "id": 502,
    "name": "1203.wav",
    "original_rms": 0.04880126565694809,
    "original_duration": 9.28,
    "mfccs": [
        -321.3299865722656,
        103.9674301147461,
        29.84465217590332,
        12.53560733795166,
        -10.463004112243652,
        -15.185103416442871,
        -10.876152038574219,
        -5.400177001953125,
        -12.65222454071045,
        2.958096742630005,
        -9.61789321899414,
        -8.110815048217773,
        -0.9227717518806458
    ],
    "date_created": "2024-06-09T03:47:46.255171"
}