{
    "id": 642,
    "name": "1709.wav",
    "original_rms": 0.05702245607972145,
    "original_duration": 9.6,
    "mfccs": [
        -329.3495788574219,
        90.22714233398438,
        -37.57659149169922,
        -14.255738258361816,
        -33.80227279663086,
        -28.414522171020508,
        -17.581552505493164,
        -17.138153076171875,
        -14.516697883605957,
        -10.326550483703613,
        -19.699392318725586,
        -11.148175239562988,
        -8.578734397888184
    ],
    "date_created": "2024-06-09T03:47:45.984912"
}