{
    "id": 735,
    "name": "864.wav",
    "original_rms": 0.05969686433672905,
    "original_duration": 5.824,
    "mfccs": [
        -263.9831237792969,
        120.12908935546875,
        -18.520769119262695,
        7.960138320922852,
        -1.5040496587753296,
        -9.32624626159668,
        2.226059675216675,
        5.493066787719727,
        4.0032548904418945,
        3.8078176975250244,
        1.6435846090316772,
        -6.464309215545654,
        5.382894039154053
    ],
    "date_created": "2024-06-09T03:47:46.312060"
}