{
    "id": 554,
    "name": "2101.wav",
    "original_rms": 0.04385067895054817,
    "original_duration": 5.952,
    "mfccs": [
        -230.98890686035156,
        57.487464904785156,
        3.899630546569824,
        26.347518920898438,
        -13.35129165649414,
        -11.524389266967773,
        -15.634815216064453,
        -3.8411686420440674,
        -3.32352876663208,
        3.45074462890625,
        3.6663615703582764,
        -3.9210870265960693,
        2.428814649581909
    ],
    "date_created": "2024-06-09T03:47:46.102883"
}