{
    "id": 517,
    "name": "1895.wav",
    "original_rms": 0.16000425815582275,
    "original_duration": 13.504,
    "mfccs": [
        -281.4983825683594,
        82.94670867919922,
        11.282578468322754,
        14.220720291137695,
        -10.917778968811035,
        -24.681245803833008,
        -3.699854850769043,
        -5.9656524658203125,
        -16.943008422851562,
        -4.2388739585876465,
        -14.091179847717285,
        -7.480313301086426,
        1.7017052173614502
    ],
    "date_created": "2024-06-09T03:47:46.308001"
}