{
    "id": 367,
    "name": "1481.wav",
    "original_rms": 0.04489533230662346,
    "original_duration": 6.272,
    "mfccs": [
        -320.0561218261719,
        144.66943359375,
        -36.13835525512695,
        27.568117141723633,
        -32.283363342285156,
        -10.74690055847168,
        -28.467382431030273,
        1.4252864122390747,
        -12.01179313659668,
        -5.545427322387695,
        -3.7123184204101562,
        -11.281521797180176,
        2.191789388656616
    ],
    "date_created": "2024-06-09T03:47:46.002283"
}