{
    "id": 542,
    "name": "64.wav",
    "original_rms": 0.07831156253814697,
    "original_duration": 5.056,
    "mfccs": [
        -304.612060546875,
        74.4532241821289,
        -5.760960102081299,
        34.0416145324707,
        -19.8619441986084,
        -5.805972576141357,
        -18.519039154052734,
        -13.832921981811523,
        -8.15847396850586,
        -15.469566345214844,
        -6.029873847961426,
        -15.950814247131348,
        0.17958539724349976
    ],
    "date_created": "2024-06-09T03:47:46.146953"
}