{
    "id": 677,
    "name": "434.wav",
    "original_rms": 0.10152784734964371,
    "original_duration": 6.784,
    "mfccs": [
        -308.88519287109375,
        105.68692779541016,
        12.728137969970703,
        14.395598411560059,
        -10.660531044006348,
        -5.073719024658203,
        -7.456146240234375,
        -7.399426460266113,
        -3.2604236602783203,
        -2.7851788997650146,
        -2.2592809200286865,
        -6.840655326843262,
        -1.5583159923553467
    ],
    "date_created": "2024-06-09T03:47:46.266318"
}