{
    "id": 345,
    "name": "120.wav",
    "original_rms": 0.11892836540937424,
    "original_duration": 13.184,
    "mfccs": [
        -225.15647888183594,
        72.78366088867188,
        -25.53278923034668,
        7.949678897857666,
        -18.9126033782959,
        -7.172216415405273,
        -8.72065258026123,
        -13.210579872131348,
        -4.343533515930176,
        -4.478762149810791,
        -3.16521954536438,
        1.3929002285003662,
        -2.7401363849639893
    ],
    "date_created": "2024-06-09T03:47:46.294913"
}