{
    "id": 157,
    "name": "477.wav",
    "original_rms": 0.09764567762613297,
    "original_duration": 18.816,
    "mfccs": [
        -250.09608459472656,
        103.08796691894531,
        0.5694904923439026,
        26.160110473632812,
        -11.340299606323242,
        -2.7488017082214355,
        0.0182883869856596,
        -11.40125560760498,
        1.6210284233093262,
        -3.5464062690734863,
        -8.744032859802246,
        -3.0384016036987305,
        -8.561967849731445
    ],
    "date_created": "2024-06-09T03:47:46.067531"
}