{
    "id": 482,
    "name": "1038.wav",
    "original_rms": 0.1101950854063034,
    "original_duration": 8.192,
    "mfccs": [
        -226.3790740966797,
        88.00968933105469,
        -61.02268600463867,
        -18.049400329589844,
        -39.5400505065918,
        -26.12481117248535,
        -27.389328002929688,
        -19.81789207458496,
        -8.519376754760742,
        -13.893964767456055,
        -9.511211395263672,
        -8.993317604064941,
        -7.643678188323975
    ],
    "date_created": "2024-06-09T03:47:46.243873"
}