{
    "id": 453,
    "name": "1603.wav",
    "original_rms": 0.09209494292736053,
    "original_duration": 6.08,
    "mfccs": [
        -234.2471160888672,
        87.63308715820312,
        -54.59542465209961,
        30.483369827270508,
        -41.08918380737305,
        -21.920597076416016,
        -22.009666442871094,
        -9.95429801940918,
        -11.983139991760254,
        -6.596874237060547,
        -1.2917133569717407,
        -9.519524574279785,
        -4.614019393920898
    ],
    "date_created": "2024-06-09T03:47:46.235288"
}