{
    "id": 747,
    "name": "1755.wav",
    "original_rms": 0.07954970002174377,
    "original_duration": 11.648,
    "mfccs": [
        -303.4089050292969,
        121.89459228515625,
        13.805304527282715,
        40.01087951660156,
        6.8058671951293945,
        -3.842437505722046,
        2.27927827835083,
        -0.5037470459938049,
        0.12112198024988174,
        10.796502113342285,
        -10.560014724731445,
        1.6003670692443848,
        -1.0766277313232422
    ],
    "date_created": "2024-06-09T03:47:46.077545"
}