{
    "id": 645,
    "name": "1399.wav",
    "original_rms": 0.05009685084223747,
    "original_duration": 6.336,
    "mfccs": [
        -324.390869140625,
        121.8983383178711,
        29.108814239501953,
        24.961223602294922,
        7.276195526123047,
        -13.166543960571289,
        -18.858562469482422,
        -10.399895668029785,
        -15.889852523803711,
        -6.300107955932617,
        -14.38549518585205,
        -7.301634788513184,
        -6.434359550476074
    ],
    "date_created": "2024-06-09T03:47:46.238970"
}