{
    "id": 70,
    "name": "301.wav",
    "original_rms": 0.08605640381574631,
    "original_duration": 5.568,
    "mfccs": [
        -294.23931884765625,
        47.70087814331055,
        23.129810333251953,
        29.347301483154297,
        -1.980684518814087,
        15.275176048278809,
        -21.90178680419922,
        -20.71208381652832,
        1.443213939666748,
        -2.549281597137451,
        -10.278916358947754,
        0.509127676486969,
        -3.841097116470337
    ],
    "date_created": "2024-06-09T03:47:45.965660"
}