{
    "id": 617,
    "name": "1948.wav",
    "original_rms": 0.10345916450023651,
    "original_duration": 5.248,
    "mfccs": [
        -237.27149963378906,
        73.55968475341797,
        17.675825119018555,
        14.32572078704834,
        16.389122009277344,
        8.311427116394043,
        -0.8905110955238342,
        -0.525284469127655,
        0.8561713099479675,
        2.7652201652526855,
        -2.9652230739593506,
        1.3208473920822144,
        0.3249872326850891
    ],
    "date_created": "2024-06-09T03:47:46.129587"
}