{
    "id": 376,
    "name": "21.wav",
    "original_rms": 0.04073702543973923,
    "original_duration": 14.592,
    "mfccs": [
        -335.45892333984375,
        135.07101440429688,
        -40.16244888305664,
        16.874784469604492,
        -6.102345943450928,
        -17.086097717285156,
        3.1085267066955566,
        -0.6861174702644348,
        7.171878337860107,
        5.101203918457031,
        5.567395210266113,
        -7.893187522888184,
        3.820335865020752
    ],
    "date_created": "2024-06-09T03:47:46.296138"
}