{
    "id": 439,
    "name": "1006.wav",
    "original_rms": 0.12543350458145142,
    "original_duration": 8.256,
    "mfccs": [
        -246.622314453125,
        60.34321594238281,
        -1.5016753673553467,
        23.074281692504883,
        -23.388288497924805,
        -12.251699447631836,
        -23.101932525634766,
        -3.174565315246582,
        -8.411328315734863,
        -10.854702949523926,
        3.5760295391082764,
        -14.256512641906738,
        -0.48022928833961487
    ],
    "date_created": "2024-06-09T03:47:46.179315"
}