{
    "id": 621,
    "name": "1970.wav",
    "original_rms": 0.1532910317182541,
    "original_duration": 19.264,
    "mfccs": [
        -246.911376953125,
        81.81782531738281,
        19.166671752929688,
        21.921287536621094,
        -2.589667558670044,
        -20.64325523376465,
        -16.32493019104004,
        2.325141191482544,
        -24.16742706298828,
        -5.127333164215088,
        -10.56274700164795,
        -7.145751953125,
        3.6080069541931152
    ],
    "date_created": "2024-06-09T03:47:46.127637"
}