{
    "id": 123,
    "name": "1986.wav",
    "original_rms": 0.05360220745205879,
    "original_duration": 5.888,
    "mfccs": [
        -253.96551513671875,
        132.38706970214844,
        0.9331837892532349,
        12.492064476013184,
        4.9969482421875,
        -6.6043243408203125,
        -5.165672779083252,
        -0.9934051632881165,
        -13.862130165100098,
        -4.104544162750244,
        -6.189148902893066,
        -2.676316261291504,
        -1.1823176145553589
    ],
    "date_created": "2024-06-09T03:47:46.243708"
}