{
    "id": 469,
    "name": "2044.wav",
    "original_rms": 0.05021356791257858,
    "original_duration": 5.056,
    "mfccs": [
        -229.09364318847656,
        99.6968994140625,
        -30.81170082092285,
        29.473140716552734,
        -10.424196243286133,
        -18.749313354492188,
        -11.513535499572754,
        -12.545116424560547,
        2.040526866912842,
        -3.3906328678131104,
        5.8673930168151855,
        -6.290243625640869,
        7.0109429359436035
    ],
    "date_created": "2024-06-09T03:47:46.254166"
}