{
    "id": 91,
    "name": "33.wav",
    "original_rms": 0.06648490577936172,
    "original_duration": 8.896,
    "mfccs": [
        -224.87315368652344,
        99.94009399414062,
        -20.82731056213379,
        32.271793365478516,
        -2.453256845474243,
        17.648149490356445,
        5.32303524017334,
        3.997406244277954,
        9.057461738586426,
        1.404039740562439,
        -1.1602762937545776,
        6.8325934410095215,
        -0.3918873071670532
    ],
    "date_created": "2024-06-09T03:47:46.330964"
}