{
    "id": 42,
    "name": "2219.wav",
    "original_rms": 0.04797893762588501,
    "original_duration": 19.136,
    "mfccs": [
        -343.3550720214844,
        110.02830505371094,
        3.770639181137085,
        -1.224673867225647,
        -16.933849334716797,
        -25.663496017456055,
        -5.493999004364014,
        -3.2486765384674072,
        -14.377251625061035,
        -4.889013290405273,
        -1.9504952430725098,
        -16.469757080078125,
        3.058478832244873
    ],
    "date_created": "2024-06-09T03:47:46.319209"
}