{
    "id": 739,
    "name": "252.wav",
    "original_rms": 0.04509787634015083,
    "original_duration": 16.448,
    "mfccs": [
        -348.25164794921875,
        116.14836120605469,
        -1.9210476875305176,
        25.025793075561523,
        -13.640351295471191,
        -19.27124786376953,
        -16.27817153930664,
        -13.074203491210938,
        -17.755199432373047,
        -13.724761962890625,
        -6.455377578735352,
        -9.731279373168945,
        2.1608409881591797
    ],
    "date_created": "2024-06-09T03:47:46.303213"
}