{
    "id": 814,
    "name": "125.wav",
    "original_rms": 0.06665728986263275,
    "original_duration": 5.888,
    "mfccs": [
        -221.1689453125,
        89.52234649658203,
        -15.12732982635498,
        6.595105171203613,
        -7.9330525398254395,
        -8.77741527557373,
        -12.106710433959961,
        -5.936402797698975,
        -1.3724961280822754,
        0.8577433824539185,
        3.1185925006866455,
        -3.098860740661621,
        6.0238494873046875
    ],
    "date_created": "2024-06-09T03:47:46.311788"
}