{
    "id": 568,
    "name": "1914.wav",
    "original_rms": 0.049973491579294205,
    "original_duration": 7.616,
    "mfccs": [
        -221.79617309570312,
        83.64883422851562,
        15.437376976013184,
        17.824121475219727,
        3.323437452316284,
        -2.922684669494629,
        2.1489055156707764,
        4.060400485992432,
        -3.4966392517089844,
        7.713371276855469,
        4.861924171447754,
        2.0487072467803955,
        1.4338977336883545
    ],
    "date_created": "2024-06-09T03:47:46.051374"
}