{
    "id": 284,
    "name": "1995.wav",
    "original_rms": 0.1572558581829071,
    "original_duration": 5.184,
    "mfccs": [
        -200.14955139160156,
        92.53194427490234,
        -45.002384185791016,
        3.9957387447357178,
        -32.43778991699219,
        -23.554000854492188,
        -29.602420806884766,
        -3.3372063636779785,
        -18.437210083007812,
        -6.935894966125488,
        -3.9569737911224365,
        -14.761874198913574,
        -1.430783748626709
    ],
    "date_created": "2024-06-09T03:47:46.258381"
}