{
    "id": 653,
    "name": "1964.wav",
    "original_rms": 0.055136166512966156,
    "original_duration": 7.616,
    "mfccs": [
        -283.55474853515625,
        83.79119110107422,
        -23.63987159729004,
        30.361894607543945,
        -8.529449462890625,
        -16.693695068359375,
        -23.121578216552734,
        -0.13423506915569305,
        -10.956636428833008,
        -10.93928050994873,
        2.6153066158294678,
        -10.640640258789062,
        5.13877534866333
    ],
    "date_created": "2024-06-09T03:47:46.127485"
}