{
    "id": 153,
    "name": "887.wav",
    "original_rms": 0.09153857827186584,
    "original_duration": 7.616,
    "mfccs": [
        -271.376953125,
        43.457069396972656,
        -45.67924118041992,
        11.65247631072998,
        -6.288637161254883,
        -20.984539031982422,
        -34.00672149658203,
        -22.909286499023438,
        -4.4832024574279785,
        -21.980005264282227,
        -12.781245231628418,
        -8.192500114440918,
        -15.87356948852539
    ],
    "date_created": "2024-06-09T03:47:46.032068"
}