{
    "id": 803,
    "name": "710.wav",
    "original_rms": 0.06053756922483444,
    "original_duration": 24.576,
    "mfccs": [
        -343.212890625,
        115.5547866821289,
        0.9920639991760254,
        65.94613647460938,
        -32.05206298828125,
        6.720452785491943,
        -31.533241271972656,
        -3.9055981636047363,
        -18.78685188293457,
        -8.30424976348877,
        -6.125375270843506,
        -13.42585277557373,
        5.090949535369873
    ],
    "date_created": "2024-06-09T03:47:45.978521"
}