{
    "id": 300,
    "name": "1487.wav",
    "original_rms": 0.04847610369324684,
    "original_duration": 6.784,
    "mfccs": [
        -222.9021759033203,
        68.05330657958984,
        10.187912940979004,
        26.14863395690918,
        -9.12008285522461,
        2.2111101150512695,
        -13.327079772949219,
        1.357515573501587,
        -12.486592292785645,
        -2.425950050354004,
        -9.620915412902832,
        -3.65210223197937,
        -3.874368190765381
    ],
    "date_created": "2024-06-09T03:47:46.068726"
}