{
    "id": 566,
    "name": "1573.wav",
    "original_rms": 0.07469800859689713,
    "original_duration": 5.696,
    "mfccs": [
        -302.38739013671875,
        95.19496154785156,
        -2.6461427211761475,
        16.09891128540039,
        -29.44693946838379,
        -17.481454849243164,
        -30.157285690307617,
        -7.399090766906738,
        2.41262149810791,
        -8.276705741882324,
        -9.246466636657715,
        -16.058643341064453,
        8.806174278259277
    ],
    "date_created": "2024-06-09T03:47:46.260168"
}