{
    "id": 812,
    "name": "1610.wav",
    "original_rms": 0.04653293266892433,
    "original_duration": 12.8,
    "mfccs": [
        -292.8832702636719,
        63.578250885009766,
        16.377092361450195,
        41.60327911376953,
        4.778902053833008,
        -0.8505231738090515,
        -11.736501693725586,
        -3.2128167152404785,
        -17.76776885986328,
        -8.515396118164062,
        -8.262835502624512,
        -10.640213012695312,
        -1.227126955986023
    ],
    "date_created": "2024-06-09T03:47:46.268697"
}