{
    "id": 65,
    "name": "337.wav",
    "original_rms": 0.10569949448108673,
    "original_duration": 10.176,
    "mfccs": [
        -326.7502746582031,
        118.359375,
        15.366950988769531,
        4.645168781280518,
        -1.062908411026001,
        -16.699031829833984,
        -4.583315849304199,
        -6.979261875152588,
        -13.349481582641602,
        0.9905156493186951,
        -16.017410278320312,
        -6.892876625061035,
        -5.78844690322876
    ],
    "date_created": "2024-06-09T03:47:46.292875"
}