{
    "id": 66,
    "name": "1630.wav",
    "original_rms": 0.041287098079919815,
    "original_duration": 7.744,
    "mfccs": [
        -293.5997314453125,
        112.33546447753906,
        -4.0549516677856445,
        20.57537841796875,
        -14.402486801147461,
        -17.41307830810547,
        -8.826823234558105,
        -14.874181747436523,
        -9.157661437988281,
        -10.346126556396484,
        -12.977423667907715,
        -14.56930160522461,
        -5.206841468811035
    ],
    "date_created": "2024-06-09T03:47:46.149373"
}