{
    "id": 753,
    "name": "744.wav",
    "original_rms": 0.3092765510082245,
    "original_duration": 7.872,
    "mfccs": [
        -199.91465759277344,
        83.79237365722656,
        4.99662446975708,
        13.841737747192383,
        -10.305407524108887,
        -4.23533296585083,
        -12.338692665100098,
        0.6247848868370056,
        -9.581511497497559,
        -1.0317282676696777,
        -9.28230094909668,
        -9.235188484191895,
        -4.7129998207092285
    ],
    "date_created": "2024-06-09T03:47:46.233870"
}