{
    "id": 68,
    "name": "133.wav",
    "original_rms": 0.08333674818277359,
    "original_duration": 6.272,
    "mfccs": [
        -264.7234802246094,
        86.9611587524414,
        -30.729286193847656,
        37.09977722167969,
        -19.762102127075195,
        -1.7751227617263794,
        -4.702843189239502,
        2.776547908782959,
        2.513823986053467,
        -11.082058906555176,
        4.087202548980713,
        -8.645885467529297,
        4.824650764465332
    ],
    "date_created": "2024-06-09T03:47:46.324130"
}