{
    "id": 423,
    "name": "1037.wav",
    "original_rms": 0.06465932726860046,
    "original_duration": 5.824,
    "mfccs": [
        -316.22735595703125,
        144.92242431640625,
        -5.665105819702148,
        -0.49541887640953064,
        -9.308859825134277,
        -14.120193481445312,
        -19.942588806152344,
        -7.091063022613525,
        -9.784195899963379,
        -4.602785587310791,
        -2.890263080596924,
        -2.2693939208984375,
        -3.0369503498077393
    ],
    "date_created": "2024-06-09T03:47:46.157312"
}