{
    "id": 597,
    "name": "2136.wav",
    "original_rms": 0.0481884703040123,
    "original_duration": 6.976,
    "mfccs": [
        -368.1553039550781,
        93.64521026611328,
        22.626480102539062,
        62.06803512573242,
        -5.913038730621338,
        -28.10348129272461,
        -18.738807678222656,
        -6.256181240081787,
        -14.582655906677246,
        4.303200721740723,
        -5.456757545471191,
        1.882423758506775,
        3.0270864963531494
    ],
    "date_created": "2024-06-09T03:47:46.216981"
}