{
    "id": 472,
    "name": "107.wav",
    "original_rms": 0.08104817569255829,
    "original_duration": 5.376,
    "mfccs": [
        -244.13577270507812,
        79.0467529296875,
        -11.505375862121582,
        4.832269191741943,
        -17.17070960998535,
        -17.18805503845215,
        -21.83211326599121,
        -19.32954978942871,
        -5.661713600158691,
        -13.417424201965332,
        -5.068987846374512,
        -12.49744701385498,
        -5.935882568359375
    ],
    "date_created": "2024-06-09T03:47:46.069849"
}