{
    "id": 307,
    "name": "970.wav",
    "original_rms": 0.04641855135560036,
    "original_duration": 5.568,
    "mfccs": [
        -285.1944274902344,
        70.05819702148438,
        -28.262775421142578,
        3.7515060901641846,
        -23.733619689941406,
        -20.861913681030273,
        -15.473588943481445,
        -6.334386825561523,
        -10.77064037322998,
        -2.542780876159668,
        -13.083934783935547,
        -14.703681945800781,
        -9.310237884521484
    ],
    "date_created": "2024-06-09T03:47:46.271583"
}