{
    "id": 57,
    "name": "566.wav",
    "original_rms": 0.047622304409742355,
    "original_duration": 7.104,
    "mfccs": [
        -285.8186340332031,
        97.93698120117188,
        -10.788313865661621,
        11.878719329833984,
        -2.1563704013824463,
        -16.918025970458984,
        -1.0946276187896729,
        -10.578300476074219,
        -5.477612018585205,
        -4.452052593231201,
        -0.7568965554237366,
        -6.275980472564697,
        2.92893385887146
    ],
    "date_created": "2024-06-09T03:47:46.127025"
}