{
    "id": 22,
    "name": "103.wav",
    "original_rms": 0.06783231347799301,
    "original_duration": 7.68,
    "mfccs": [
        -217.2215576171875,
        51.69712448120117,
        -44.08052062988281,
        28.056602478027344,
        -10.90142822265625,
        2.69372296333313,
        -9.640229225158691,
        2.458766222000122,
        -8.16585636138916,
        1.6140427589416504,
        -4.937091827392578,
        -10.851585388183594,
        -3.1454479694366455
    ],
    "date_created": "2024-06-09T03:47:45.961581"
}