{
    "id": 238,
    "name": "835.wav",
    "original_rms": 0.06201162934303284,
    "original_duration": 8.256,
    "mfccs": [
        -309.44989013671875,
        97.10772705078125,
        23.657175064086914,
        23.4844970703125,
        1.8530744314193726,
        0.8778795599937439,
        -0.1699630320072174,
        -5.195827007293701,
        1.0248796939849854,
        -1.2492611408233643,
        0.2755621671676636,
        -3.1365256309509277,
        2.2531447410583496
    ],
    "date_created": "2024-06-09T03:47:46.082253"
}