{
    "id": 702,
    "name": "1362.wav",
    "original_rms": 0.08941256999969482,
    "original_duration": 7.232,
    "mfccs": [
        -236.1600799560547,
        65.17784881591797,
        -16.962793350219727,
        15.447993278503418,
        -28.567401885986328,
        -13.54690933227539,
        -13.395081520080566,
        -23.1012020111084,
        -3.668051242828369,
        -7.800806045532227,
        -9.599895477294922,
        -2.8829855918884277,
        -9.013718605041504
    ],
    "date_created": "2024-06-09T03:47:46.247542"
}