{
    "id": 289,
    "name": "1501.wav",
    "original_rms": 0.11113423854112625,
    "original_duration": 7.36,
    "mfccs": [
        -329.6377868652344,
        100.13642883300781,
        -51.647193908691406,
        -12.614334106445312,
        -33.48676681518555,
        -26.742023468017578,
        -28.848508834838867,
        -16.5721378326416,
        -14.129944801330566,
        -11.941231727600098,
        -3.154917001724243,
        -12.87098503112793,
        -4.5073652267456055
    ],
    "date_created": "2024-06-09T03:47:46.276577"
}