{
    "id": 792,
    "name": "387.wav",
    "original_rms": 0.042031336575746536,
    "original_duration": 5.312,
    "mfccs": [
        -238.11778259277344,
        91.08201599121094,
        1.9970468282699585,
        26.327144622802734,
        -14.964134216308594,
        -7.099287509918213,
        -5.517557144165039,
        -1.605722188949585,
        -1.8137801885604858,
        2.343890428543091,
        -0.6929840445518494,
        1.6932456493377686,
        1.1467968225479126
    ],
    "date_created": "2024-06-09T03:47:46.251424"
}