{
    "id": 337,
    "name": "575.wav",
    "original_rms": 0.05862399563193321,
    "original_duration": 8.256,
    "mfccs": [
        -284.2293395996094,
        114.0606689453125,
        -4.554185390472412,
        4.6038103103637695,
        -8.719536781311035,
        -2.262112855911255,
        -8.910378456115723,
        -12.771049499511719,
        18.051929473876953,
        -6.805010795593262,
        1.078811526298523,
        0.3913329243659973,
        8.215574264526367
    ],
    "date_created": "2024-06-09T03:47:46.142140"
}