{
    "id": 719,
    "name": "1398.wav",
    "original_rms": 0.04942798987030983,
    "original_duration": 6.464,
    "mfccs": [
        -280.2947082519531,
        68.3385238647461,
        12.839141845703125,
        22.47947883605957,
        -12.430452346801758,
        -12.399678230285645,
        -16.423892974853516,
        -8.479976654052734,
        -17.29425621032715,
        -3.8537614345550537,
        -7.299114227294922,
        -9.122543334960938,
        4.647214412689209
    ],
    "date_created": "2024-06-09T03:47:46.234399"
}