{
    "id": 823,
    "name": "546.wav",
    "original_rms": 0.054747574031353,
    "original_duration": 8.192,
    "mfccs": [
        -238.52651977539062,
        117.3864974975586,
        -23.801145553588867,
        13.909337043762207,
        -7.036319255828857,
        -10.131571769714355,
        -11.864279747009277,
        -8.462126731872559,
        -1.8607193231582642,
        -1.6876329183578491,
        -1.8512150049209595,
        -1.2679624557495117,
        -0.08161085844039917
    ],
    "date_created": "2024-06-09T03:47:46.222686"
}