{
    "id": 291,
    "name": "1966.wav",
    "original_rms": 0.04281555116176605,
    "original_duration": 8.064,
    "mfccs": [
        -294.7290344238281,
        131.1986846923828,
        -37.354522705078125,
        23.85116195678711,
        -23.74979019165039,
        -9.470298767089844,
        -17.076379776000977,
        -1.1182578802108765,
        -2.182250499725342,
        1.7518889904022217,
        1.0848709344863892,
        -6.652894973754883,
        -2.9830548763275146
    ],
    "date_created": "2024-06-09T03:47:46.078141"
}