{
    "id": 405,
    "name": "1848.wav",
    "original_rms": 0.05534421280026436,
    "original_duration": 5.824,
    "mfccs": [
        -271.14654541015625,
        106.67427825927734,
        34.58421325683594,
        35.94010925292969,
        12.23862361907959,
        -5.30005407333374,
        -4.083926200866699,
        -1.656013011932373,
        -9.402249336242676,
        -3.893683671951294,
        4.664737224578857,
        1.463196873664856,
        6.079422950744629
    ],
    "date_created": "2024-06-09T03:47:46.064519"
}