{
    "id": 400,
    "name": "1073.wav",
    "original_rms": 0.04146594554185867,
    "original_duration": 6.208,
    "mfccs": [
        -206.48394775390625,
        83.68576049804688,
        -11.015634536743164,
        27.325773239135742,
        -4.674248218536377,
        9.134751319885254,
        10.1797456741333,
        4.765870571136475,
        1.9899942874908447,
        6.317863941192627,
        4.625002384185791,
        6.5259270668029785,
        1.6237709522247314
    ],
    "date_created": "2024-06-09T03:47:46.301075"
}