{
    "id": 59,
    "name": "1608.wav",
    "original_rms": 0.05854233354330063,
    "original_duration": 13.632,
    "mfccs": [
        -259.86773681640625,
        114.19674682617188,
        -3.9407269954681396,
        9.357394218444824,
        -9.05800724029541,
        -7.160406589508057,
        -2.7726809978485107,
        10.658099174499512,
        5.440367698669434,
        1.351049542427063,
        -6.818634033203125,
        -1.9011412858963013,
        0.8598025441169739
    ],
    "date_created": "2024-06-09T03:47:46.088419"
}