{
    "id": 33,
    "name": "2013.wav",
    "original_rms": 0.05034653842449188,
    "original_duration": 6.976,
    "mfccs": [
        -243.53941345214844,
        91.67512512207031,
        7.243933200836182,
        9.94310188293457,
        2.737553596496582,
        -3.129713773727417,
        -1.5778840780258179,
        1.6746277809143066,
        -3.0208840370178223,
        3.4336602687835693,
        -6.0038323402404785,
        -1.4823145866394043,
        1.995477557182312
    ],
    "date_created": "2024-06-09T03:47:46.021051"
}