{
    "id": 260,
    "name": "1100.wav",
    "original_rms": 0.0665043443441391,
    "original_duration": 6.336,
    "mfccs": [
        -283.7644348144531,
        89.70152282714844,
        15.763718605041504,
        22.398954391479492,
        -2.5056440830230713,
        -11.468095779418945,
        -6.3598504066467285,
        1.1897765398025513,
        -6.716818809509277,
        6.803380489349365,
        -10.186907768249512,
        -2.8108158111572266,
        3.571112871170044
    ],
    "date_created": "2024-06-09T03:47:46.326007"
}