{
    "id": 340,
    "name": "87.wav",
    "original_rms": 0.05876903235912323,
    "original_duration": 5.376,
    "mfccs": [
        -260.8901672363281,
        85.48670959472656,
        -24.193592071533203,
        30.870769500732422,
        -26.919300079345703,
        -0.5822342038154602,
        -28.904863357543945,
        4.409883499145508,
        -14.17923355102539,
        -1.4241420030593872,
        -8.162184715270996,
        -7.393818378448486,
        -4.101466178894043
    ],
    "date_created": "2024-06-09T03:47:46.268911"
}