{
    "id": 427,
    "name": "957.wav",
    "original_rms": 0.04152275249361992,
    "original_duration": 8.064,
    "mfccs": [
        -236.27328491210938,
        122.32588195800781,
        4.2048420906066895,
        17.74635887145996,
        -2.1872763633728027,
        -8.93676471710205,
        -6.244142055511475,
        0.2653670608997345,
        -3.7069318294525146,
        -2.1081297397613525,
        3.248889446258545,
        -2.2036609649658203,
        7.060659408569336
    ],
    "date_created": "2024-06-09T03:47:46.126257"
}