{
    "id": 377,
    "name": "2203.wav",
    "original_rms": 0.0403301827609539,
    "original_duration": 11.776,
    "mfccs": [
        -287.4256896972656,
        95.00543975830078,
        -21.502506256103516,
        14.503257751464844,
        -32.561283111572266,
        -18.429044723510742,
        -31.70754051208496,
        -4.108086585998535,
        -21.717676162719727,
        -10.522039413452148,
        0.20588929951190948,
        -10.654139518737793,
        6.31309700012207
    ],
    "date_created": "2024-06-09T03:47:45.945565"
}