{
    "id": 209,
    "name": "406.wav",
    "original_rms": 0.11891873180866241,
    "original_duration": 7.936,
    "mfccs": [
        -272.37579345703125,
        90.72064971923828,
        -4.405238628387451,
        7.296678066253662,
        -11.520777702331543,
        -15.87465763092041,
        9.334112167358398,
        -6.069857597351074,
        2.908592700958252,
        3.383298873901367,
        0.2886298596858978,
        -8.792949676513672,
        1.6317073106765747
    ],
    "date_created": "2024-06-09T03:47:46.106603"
}