{
    "id": 636,
    "name": "1384.wav",
    "original_rms": 0.3039955496788025,
    "original_duration": 5.248,
    "mfccs": [
        -298.5144348144531,
        107.87796020507812,
        -2.57664155960083,
        13.835722923278809,
        -26.43092155456543,
        -17.129785537719727,
        -27.37950325012207,
        -4.969552993774414,
        -10.61368179321289,
        -0.30087926983833313,
        0.5597943067550659,
        -6.5328049659729,
        6.539966106414795
    ],
    "date_created": "2024-06-09T03:47:46.108444"
}