{
    "id": 98,
    "name": "1032.wav",
    "original_rms": 0.04164145886898041,
    "original_duration": 7.744,
    "mfccs": [
        -213.85357666015625,
        52.82752227783203,
        -3.4566798210144043,
        16.079561233520508,
        -24.197303771972656,
        0.42863863706588745,
        -17.12103843688965,
        -9.008880615234375,
        -5.316003322601318,
        -6.193867206573486,
        -4.179537773132324,
        -9.084864616394043,
        -0.8395336866378784
    ],
    "date_created": "2024-06-09T03:47:46.093865"
}