{
    "id": 355,
    "name": "144.wav",
    "original_rms": 0.0624646432697773,
    "original_duration": 5.888,
    "mfccs": [
        -251.9783477783203,
        117.09114074707031,
        -23.090227127075195,
        33.69974899291992,
        -1.5289063453674316,
        -5.069242477416992,
        0.24479462206363678,
        1.3639535903930664,
        4.37932825088501,
        5.260040760040283,
        0.9787304997444153,
        -0.4024519622325897,
        2.779705286026001
    ],
    "date_created": "2024-06-09T03:47:46.263995"
}