{
    "id": 497,
    "name": "1452.wav",
    "original_rms": 0.04195653647184372,
    "original_duration": 5.376,
    "mfccs": [
        -310.2847595214844,
        128.5129852294922,
        -12.400936126708984,
        15.34900951385498,
        -29.102998733520508,
        15.28814697265625,
        -21.1131649017334,
        7.0447282791137695,
        2.016995668411255,
        -1.3536348342895508,
        -5.840758323669434,
        -23.156171798706055,
        -2.3873350620269775
    ],
    "date_created": "2024-06-09T03:47:46.028683"
}