{
    "id": 223,
    "name": "1190.wav",
    "original_rms": 0.061803411692380905,
    "original_duration": 6.976,
    "mfccs": [
        -298.21234130859375,
        96.9526138305664,
        -6.069625377655029,
        50.32361602783203,
        -15.921571731567383,
        12.701313972473145,
        -5.270758152008057,
        -1.5371991395950317,
        2.167454481124878,
        -3.9125051498413086,
        6.958714008331299,
        -6.834470272064209,
        5.050747871398926
    ],
    "date_created": "2024-06-09T03:47:46.085818"
}