{
    "id": 470,
    "name": "2276.wav",
    "original_rms": 0.23735375702381134,
    "original_duration": 7.744,
    "mfccs": [
        -209.0491180419922,
        97.76004028320312,
        -13.121028900146484,
        9.068158149719238,
        -10.029528617858887,
        -4.200527191162109,
        -6.235771656036377,
        9.838837623596191,
        2.7829930782318115,
        6.8092498779296875,
        3.8851356506347656,
        -0.28023457527160645,
        1.0956292152404785
    ],
    "date_created": "2024-06-09T03:47:46.128465"
}