{
    "id": 799,
    "name": "380.wav",
    "original_rms": 0.1985120177268982,
    "original_duration": 6.336,
    "mfccs": [
        -289.49871826171875,
        106.7148208618164,
        0.5646317601203918,
        24.76368522644043,
        -10.971034049987793,
        -15.37360954284668,
        -17.67518424987793,
        -1.1577571630477905,
        -7.9516096115112305,
        -4.537956237792969,
        0.49368733167648315,
        -9.573715209960938,
        -5.0517578125
    ],
    "date_created": "2024-06-09T03:47:46.201505"
}