{
    "id": 137,
    "name": "1780.wav",
    "original_rms": 0.08079706132411957,
    "original_duration": 5.568,
    "mfccs": [
        -337.3371887207031,
        118.63691711425781,
        -16.301406860351562,
        4.197982311248779,
        -19.21454429626465,
        -2.208768129348755,
        -8.899213790893555,
        2.5447802543640137,
        -5.832503318786621,
        3.7403409481048584,
        -8.019562721252441,
        -7.7101311683654785,
        -3.1153151988983154
    ],
    "date_created": "2024-06-09T03:47:46.126874"
}