{
    "id": 489,
    "name": "507.wav",
    "original_rms": 0.04515039920806885,
    "original_duration": 10.368,
    "mfccs": [
        -232.57180786132812,
        69.090576171875,
        -17.30190658569336,
        28.9410400390625,
        -21.130029678344727,
        3.9555540084838867,
        -22.362098693847656,
        -5.089796543121338,
        3.913616180419922,
        -0.3488639295101166,
        -5.841795444488525,
        2.2628884315490723,
        -6.654414176940918
    ],
    "date_created": "2024-06-09T03:47:45.951608"
}