{
    "id": 270,
    "name": "1705.wav",
    "original_rms": 0.058683499693870544,
    "original_duration": 5.184,
    "mfccs": [
        -223.78622436523438,
        103.02826690673828,
        -5.866413116455078,
        37.42622375488281,
        -16.15188980102539,
        -8.938922882080078,
        -1.63239324092865,
        5.644279956817627,
        -4.90617036819458,
        3.4978280067443848,
        -4.695886135101318,
        3.0580053329467773,
        -3.239150047302246
    ],
    "date_created": "2024-06-09T03:47:46.302863"
}