{
    "id": 334,
    "name": "586.wav",
    "original_rms": 0.05686233192682266,
    "original_duration": 7.296,
    "mfccs": [
        -300.7021789550781,
        106.96376037597656,
        -26.69012451171875,
        5.628345489501953,
        -17.64981460571289,
        -14.914905548095703,
        -17.69041633605957,
        1.4949392080307007,
        -7.453852653503418,
        -5.784849166870117,
        -2.1445460319519043,
        -10.081826210021973,
        -0.6286141872406006
    ],
    "date_created": "2024-06-09T03:47:46.179693"
}