{
    "id": 611,
    "name": "2198.wav",
    "original_rms": 0.04644292593002319,
    "original_duration": 7.488,
    "mfccs": [
        -286.985107421875,
        104.12448120117188,
        19.411405563354492,
        -0.8335970044136047,
        5.751669883728027,
        -23.55983543395996,
        -14.165225982666016,
        -10.804644584655762,
        -9.124625205993652,
        1.7801200151443481,
        -3.243083953857422,
        -4.601240158081055,
        -4.958789825439453
    ],
    "date_created": "2024-06-09T03:47:46.031807"
}