{
    "id": 511,
    "name": "106.wav",
    "original_rms": 0.04854421317577362,
    "original_duration": 9.344,
    "mfccs": [
        -283.41546630859375,
        78.65984344482422,
        -48.00436782836914,
        7.710317134857178,
        -19.74586296081543,
        -12.474912643432617,
        -14.803434371948242,
        -4.329646587371826,
        -9.664188385009766,
        -0.10548823326826096,
        -5.366943836212158,
        -3.614083766937256,
        -4.991181373596191
    ],
    "date_created": "2024-06-09T03:47:46.062718"
}