{
    "id": 143,
    "name": "889.wav",
    "original_rms": 0.11495158076286316,
    "original_duration": 7.488,
    "mfccs": [
        -304.24127197265625,
        94.29756164550781,
        12.261702537536621,
        27.598548889160156,
        -19.038375854492188,
        -25.083703994750977,
        -31.12006187438965,
        -9.562893867492676,
        -28.732452392578125,
        -8.644688606262207,
        3.7624926567077637,
        -23.926050186157227,
        6.135431289672852
    ],
    "date_created": "2024-06-09T03:47:46.283309"
}