{
    "id": 776,
    "name": "1448.wav",
    "original_rms": 0.06902749091386795,
    "original_duration": 7.232,
    "mfccs": [
        -278.44268798828125,
        97.71531677246094,
        8.076929092407227,
        5.629728317260742,
        -4.247015476226807,
        -4.356211185455322,
        -17.71440315246582,
        -1.077890396118164,
        -7.253194808959961,
        -3.33980131149292,
        1.0368977785110474,
        -2.827674150466919,
        3.7759783267974854
    ],
    "date_created": "2024-06-09T03:47:46.284675"
}