{
    "id": 738,
    "name": "404.wav",
    "original_rms": 0.12896768748760223,
    "original_duration": 9.088,
    "mfccs": [
        -285.6167907714844,
        114.89985656738281,
        -1.4818272590637207,
        28.382986068725586,
        4.637773036956787,
        -2.9832372665405273,
        -13.71267318725586,
        -2.4117226600646973,
        6.921510219573975,
        0.16124866902828217,
        -0.7504014372825623,
        -3.0440917015075684,
        11.621723175048828
    ],
    "date_created": "2024-06-09T03:47:46.085965"
}