{
    "id": 481,
    "name": "2020.wav",
    "original_rms": 0.15958824753761292,
    "original_duration": 5.376,
    "mfccs": [
        -266.1116027832031,
        77.16606140136719,
        4.07642936706543,
        25.317413330078125,
        -17.34401512145996,
        -10.484512329101562,
        -10.939805030822754,
        -9.285199165344238,
        -5.670279502868652,
        3.8033242225646973,
        0.40067362785339355,
        -2.5433897972106934,
        -3.950361728668213
    ],
    "date_created": "2024-06-09T03:47:46.276287"
}