{
    "id": 736,
    "name": "2311.wav",
    "original_rms": 0.08003072440624237,
    "original_duration": 5.376,
    "mfccs": [
        -238.0372772216797,
        97.18516540527344,
        35.218605041503906,
        16.599302291870117,
        5.185972213745117,
        12.752077102661133,
        -0.7475334405899048,
        0.8582940697669983,
        -2.0443496704101562,
        3.4104325771331787,
        -1.1768213510513306,
        3.060375452041626,
        1.132214069366455
    ],
    "date_created": "2024-06-09T03:47:46.149716"
}