{
    "id": 769,
    "name": "1611.wav",
    "original_rms": 0.19122298061847687,
    "original_duration": 5.888,
    "mfccs": [
        -228.88873291015625,
        84.14102172851562,
        2.2578086853027344,
        22.569746017456055,
        -2.3423633575439453,
        -1.0795924663543701,
        -5.63573694229126,
        -4.392638206481934,
        4.803443908691406,
        -0.7488409280776978,
        -2.779242515563965,
        -3.2903027534484863,
        -2.254467248916626
    ],
    "date_created": "2024-06-09T03:47:46.264504"
}