{
    "id": 350,
    "name": "1823.wav",
    "original_rms": 0.06386688351631165,
    "original_duration": 7.872,
    "mfccs": [
        -326.03857421875,
        100.32376098632812,
        -8.956902503967285,
        2.1073150634765625,
        -23.63844108581543,
        -8.32491683959961,
        -14.569607734680176,
        -12.031030654907227,
        -3.9923923015594482,
        -8.956794738769531,
        -2.397629737854004,
        -6.4743523597717285,
        -3.8979475498199463
    ],
    "date_created": "2024-06-09T03:47:46.267415"
}