{
    "id": 302,
    "name": "187.wav",
    "original_rms": 0.12378218024969101,
    "original_duration": 13.504,
    "mfccs": [
        -216.4792938232422,
        76.21894836425781,
        -26.468233108520508,
        15.167046546936035,
        -24.157085418701172,
        0.12764765322208405,
        -18.90415382385254,
        -7.6565351486206055,
        -11.295130729675293,
        -1.6717140674591064,
        -0.7605056166648865,
        -7.772916793823242,
        -1.4283723831176758
    ],
    "date_created": "2024-06-09T03:47:46.262753"
}