{
    "id": 200,
    "name": "844.wav",
    "original_rms": 0.12454477697610855,
    "original_duration": 9.28,
    "mfccs": [
        -239.53945922851562,
        87.38798522949219,
        -13.295883178710938,
        4.089478492736816,
        -14.987479209899902,
        -11.910568237304688,
        -22.37482261657715,
        -4.886879920959473,
        -11.84672737121582,
        -1.9828333854675293,
        -3.0082454681396484,
        -8.923232078552246,
        -1.6313297748565674
    ],
    "date_created": "2024-06-09T03:47:46.030399"
}