{
    "id": 328,
    "name": "1849.wav",
    "original_rms": 0.14244450628757477,
    "original_duration": 7.168,
    "mfccs": [
        -201.7579803466797,
        78.54837036132812,
        -29.0863037109375,
        13.774192810058594,
        -22.4342041015625,
        -10.294065475463867,
        -22.127723693847656,
        -8.421608924865723,
        -8.298331260681152,
        -9.605932235717773,
        -4.7237138748168945,
        -14.712285995483398,
        0.9236595034599304
    ],
    "date_created": "2024-06-09T03:47:46.066520"
}