{
    "id": 117,
    "name": "643.wav",
    "original_rms": 0.05290692672133446,
    "original_duration": 5.184,
    "mfccs": [
        -263.3439636230469,
        95.13172149658203,
        -5.6614298820495605,
        17.396484375,
        -13.726332664489746,
        -11.670870780944824,
        -23.9923095703125,
        -3.325882911682129,
        -11.365313529968262,
        -4.658434867858887,
        -6.078096866607666,
        -6.0238237380981445,
        -10.388795852661133
    ],
    "date_created": "2024-06-09T03:47:46.311652"
}