{
    "id": 120,
    "name": "218.wav",
    "original_rms": 0.05131135135889053,
    "original_duration": 5.504,
    "mfccs": [
        -300.9120178222656,
        146.16973876953125,
        11.804208755493164,
        17.38909912109375,
        1.5647773742675781,
        -10.230915069580078,
        -18.399316787719727,
        0.10084689408540726,
        -8.728297233581543,
        -4.496858596801758,
        0.9205179214477539,
        -2.3453927040100098,
        -1.234946846961975
    ],
    "date_created": "2024-06-09T03:47:46.255739"
}