{
    "id": 128,
    "name": "1185.wav",
    "original_rms": 0.05304025858640671,
    "original_duration": 5.568,
    "mfccs": [
        -320.1651306152344,
        116.17289733886719,
        20.645736694335938,
        33.27605056762695,
        -21.28478240966797,
        -2.5417113304138184,
        -7.837072849273682,
        -14.413458824157715,
        -4.14104700088501,
        4.813977241516113,
        -9.989761352539062,
        2.9591307640075684,
        -4.509125709533691
    ],
    "date_created": "2024-06-09T03:47:46.086446"
}