{
    "id": 496,
    "name": "1660.wav",
    "original_rms": 0.041750822216272354,
    "original_duration": 5.312,
    "mfccs": [
        -237.6483154296875,
        66.46492767333984,
        0.8847042918205261,
        16.19625473022461,
        -14.339136123657227,
        -2.9340391159057617,
        -16.041593551635742,
        -9.736406326293945,
        4.5343732833862305,
        -11.82012939453125,
        -2.8930609226226807,
        -13.159004211425781,
        0.49790671467781067
    ],
    "date_created": "2024-06-09T03:47:46.291866"
}