{
    "id": 781,
    "name": "1221.wav",
    "original_rms": 0.15197037160396576,
    "original_duration": 6.784,
    "mfccs": [
        -164.1588134765625,
        31.63275909423828,
        -9.113540649414062,
        6.086231231689453,
        -11.30260944366455,
        -0.5184018015861511,
        -13.77173900604248,
        1.3345947265625,
        -4.50089168548584,
        -0.9934263825416565,
        -6.882808685302734,
        -7.685879707336426,
        -3.057401657104492
    ],
    "date_created": "2024-06-09T03:47:46.156308"
}