{
    "id": 352,
    "name": "715.wav",
    "original_rms": 0.05034713074564934,
    "original_duration": 5.696,
    "mfccs": [
        -275.6813049316406,
        94.25738525390625,
        -38.71150207519531,
        11.309215545654297,
        -33.52219009399414,
        -15.06627082824707,
        -37.49211120605469,
        -13.624802589416504,
        -17.299312591552734,
        -10.749194145202637,
        -8.444910049438477,
        -12.942519187927246,
        -8.143278121948242
    ],
    "date_created": "2024-06-09T03:47:46.073377"
}