{
    "id": 708,
    "name": "1730.wav",
    "original_rms": 0.19984516501426697,
    "original_duration": 8.448,
    "mfccs": [
        -270.8687438964844,
        84.79926300048828,
        -14.251058578491211,
        19.79815673828125,
        -26.18905258178711,
        -7.864404201507568,
        -22.31593132019043,
        -9.059306144714355,
        -8.162859916687012,
        -3.7410666942596436,
        -7.0191969871521,
        -8.226606369018555,
        -0.12778857350349426
    ],
    "date_created": "2024-06-09T03:47:46.014148"
}