{
    "id": 243,
    "name": "1704.wav",
    "original_rms": 0.20121827721595764,
    "original_duration": 8.128,
    "mfccs": [
        -313.0341491699219,
        138.0675506591797,
        2.223273515701294,
        18.73325538635254,
        0.5015589594841003,
        1.3205255270004272,
        -0.10628077387809753,
        -1.4739999771118164,
        1.8741307258605957,
        6.668575286865234,
        4.4517598152160645,
        -1.4594471454620361,
        5.136490345001221
    ],
    "date_created": "2024-06-09T03:47:46.318052"
}