{
    "id": 391,
    "name": "72.wav",
    "original_rms": 0.2291664034128189,
    "original_duration": 5.44,
    "mfccs": [
        -274.4490051269531,
        91.62525177001953,
        -26.642942428588867,
        29.608009338378906,
        -20.200693130493164,
        5.119299411773682,
        -21.995223999023438,
        -7.349069595336914,
        -3.9682998657226562,
        -9.738579750061035,
        8.28185749053955,
        -10.693620681762695,
        5.6494927406311035
    ],
    "date_created": "2024-06-09T03:47:46.137499"
}