{
    "id": 407,
    "name": "128.wav",
    "original_rms": 0.10360465198755264,
    "original_duration": 5.76,
    "mfccs": [
        -252.20004272460938,
        51.12413787841797,
        37.986968994140625,
        1.8042645454406738,
        -0.04124994948506355,
        -3.7401487827301025,
        -14.768775939941406,
        -1.3052150011062622,
        -11.544751167297363,
        -0.4557034373283386,
        -4.647156238555908,
        -5.696012496948242,
        -4.6496381759643555
    ],
    "date_created": "2024-06-09T03:47:45.996397"
}