{
    "id": 69,
    "name": "2048.wav",
    "original_rms": 0.05929145961999893,
    "original_duration": 5.184,
    "mfccs": [
        -312.5057373046875,
        131.9490509033203,
        -33.70762252807617,
        30.735736846923828,
        -5.946847915649414,
        -10.48521614074707,
        -29.868244171142578,
        -0.18458926677703857,
        -8.022972106933594,
        -6.455634593963623,
        1.7089223861694336,
        -12.212316513061523,
        -2.293001890182495
    ],
    "date_created": "2024-06-09T03:47:46.125353"
}