{
    "id": 316,
    "name": "1684.wav",
    "original_rms": 0.07533831894397736,
    "original_duration": 9.536,
    "mfccs": [
        -255.55911254882812,
        55.449161529541016,
        -31.92165756225586,
        22.608762741088867,
        -33.97484588623047,
        2.444121837615967,
        -27.349668502807617,
        -1.2274051904678345,
        -13.636555671691895,
        5.0116496086120605,
        -13.448508262634277,
        -5.765177249908447,
        -5.15514612197876
    ],
    "date_created": "2024-06-09T03:47:46.064822"
}