{
    "id": 134,
    "name": "845.wav",
    "original_rms": 0.11272059381008148,
    "original_duration": 8.448,
    "mfccs": [
        -219.53021240234375,
        84.30261993408203,
        -12.713329315185547,
        22.1151065826416,
        -0.3916614353656769,
        -5.402021408081055,
        -5.366085529327393,
        8.29826831817627,
        5.851843357086182,
        11.855888366699219,
        9.169995307922363,
        -4.438304901123047,
        1.286965250968933
    ],
    "date_created": "2024-06-09T03:47:46.036078"
}