{
    "id": 805,
    "name": "2002.wav",
    "original_rms": 0.1099686324596405,
    "original_duration": 6.4,
    "mfccs": [
        -280.0725402832031,
        89.8797378540039,
        2.6416845321655273,
        18.58574867248535,
        -16.26654052734375,
        0.10381235927343369,
        -4.102718353271484,
        12.113496780395508,
        9.569814682006836,
        9.8649263381958,
        0.7921285629272461,
        -3.8126542568206787,
        -4.426151752471924
    ],
    "date_created": "2024-06-09T03:47:45.989230"
}