{
    "id": 754,
    "name": "576.wav",
    "original_rms": 0.056428276002407074,
    "original_duration": 5.696,
    "mfccs": [
        -318.7034606933594,
        132.40554809570312,
        -9.808770179748535,
        2.629929780960083,
        2.344961166381836,
        -22.7198429107666,
        -3.405316114425659,
        -1.6130841970443726,
        -3.025913715362549,
        0.13610047101974487,
        -6.866179943084717,
        -4.172584533691406,
        -1.2464542388916016
    ],
    "date_created": "2024-06-09T03:47:46.130197"
}