{
    "id": 145,
    "name": "287.wav",
    "original_rms": 0.06305678188800812,
    "original_duration": 5.504,
    "mfccs": [
        -306.8683776855469,
        95.23176574707031,
        38.356781005859375,
        -22.692623138427734,
        13.289267539978027,
        -4.874836444854736,
        -9.409046173095703,
        -1.060854434967041,
        -2.6245036125183105,
        4.310555934906006,
        -9.459343910217285,
        0.7084740400314331,
        -3.694572687149048
    ],
    "date_created": "2024-06-09T03:47:46.336452"
}