{
    "id": 193,
    "name": "1916.wav",
    "original_rms": 0.05746922269463539,
    "original_duration": 31.168,
    "mfccs": [
        -341.63055419921875,
        100.61296081542969,
        20.426742553710938,
        -1.5976725816726685,
        -23.11290168762207,
        -7.2695841789245605,
        -14.04597282409668,
        -9.685433387756348,
        -4.071531295776367,
        -4.101062297821045,
        -6.032691955566406,
        -2.302626371383667,
        0.5208609700202942
    ],
    "date_created": "2024-06-09T03:47:46.048801"
}