{
    "id": 97,
    "name": "1664.wav",
    "original_rms": 0.1113630160689354,
    "original_duration": 10.24,
    "mfccs": [
        -218.72084045410156,
        98.87925720214844,
        -28.831819534301758,
        17.6013126373291,
        -23.52428436279297,
        0.4802700877189636,
        -12.665117263793945,
        7.018469333648682,
        -3.4153387546539307,
        -2.922433376312256,
        -8.337933540344238,
        -8.563222885131836,
        -2.78613543510437
    ],
    "date_created": "2024-06-09T03:47:46.310695"
}