{
    "id": 432,
    "name": "1465.wav",
    "original_rms": 0.0417531356215477,
    "original_duration": 17.28,
    "mfccs": [
        -369.2637023925781,
        86.83919525146484,
        -28.92397117614746,
        -18.052724838256836,
        -18.11895751953125,
        -30.079181671142578,
        -14.68506145477295,
        -16.700876235961914,
        -8.737709045410156,
        -10.19029426574707,
        -21.50374412536621,
        -13.764713287353516,
        -8.606046676635742
    ],
    "date_created": "2024-06-09T03:47:46.331435"
}