{
    "id": 782,
    "name": "1477.wav",
    "original_rms": 0.06459182500839233,
    "original_duration": 17.728,
    "mfccs": [
        -268.0343322753906,
        34.57536315917969,
        -12.854218482971191,
        22.13697052001953,
        -47.63628387451172,
        -12.542032241821289,
        -28.727888107299805,
        -12.457398414611816,
        -8.85183048248291,
        -16.982973098754883,
        -3.103058338165283,
        -7.48505163192749,
        -4.309893608093262
    ],
    "date_created": "2024-06-09T03:47:46.295662"
}