{
    "id": 689,
    "name": "1908.wav",
    "original_rms": 0.06539332121610641,
    "original_duration": 5.568,
    "mfccs": [
        -251.41647338867188,
        80.4857406616211,
        -28.553428649902344,
        24.04427146911621,
        -28.73419761657715,
        -5.470797538757324,
        -21.93301010131836,
        -14.01862621307373,
        -3.9741837978363037,
        -17.61654281616211,
        1.037800908088684,
        -12.321919441223145,
        -0.29314252734184265
    ],
    "date_created": "2024-06-09T03:47:46.335675"
}