{
    "id": 249,
    "name": "2116.wav",
    "original_rms": 0.050681326538324356,
    "original_duration": 8.704,
    "mfccs": [
        -272.4925231933594,
        128.12057495117188,
        -20.34671974182129,
        46.57443618774414,
        -22.394922256469727,
        -7.516228199005127,
        0.4227086305618286,
        -16.664880752563477,
        2.173987865447998,
        1.4474408626556396,
        -3.653651475906372,
        -1.9872902631759644,
        -2.2049307823181152
    ],
    "date_created": "2024-06-09T03:47:46.082782"
}