{
    "id": 141,
    "name": "1122.wav",
    "original_rms": 0.04577050730586052,
    "original_duration": 6.656,
    "mfccs": [
        -303.4033508300781,
        62.915462493896484,
        -7.759921073913574,
        6.3096466064453125,
        -7.817925453186035,
        -26.719829559326172,
        -6.294272422790527,
        -11.693201065063477,
        -10.938318252563477,
        -8.284939765930176,
        -12.148913383483887,
        -8.198029518127441,
        -7.474579811096191
    ],
    "date_created": "2024-06-09T03:47:46.032229"
}