{
    "id": 837,
    "name": "1873.wav",
    "original_rms": 0.1958412230014801,
    "original_duration": 5.248,
    "mfccs": [
        -268.305419921875,
        119.39656829833984,
        -25.579692840576172,
        25.12640380859375,
        -12.129898071289062,
        2.9316515922546387,
        -9.144181251525879,
        3.931166648864746,
        -6.982227325439453,
        -3.9448304176330566,
        -9.290924072265625,
        -3.088287115097046,
        -0.046207647770643234
    ],
    "date_created": "2024-06-09T03:47:46.000602"
}