{
    "id": 15,
    "name": "907.wav",
    "original_rms": 0.057432327419519424,
    "original_duration": 5.184,
    "mfccs": [
        -223.1277313232422,
        89.9109115600586,
        -30.034969329833984,
        9.577886581420898,
        -10.543105125427246,
        -9.775145530700684,
        -11.53131103515625,
        -2.2454147338867188,
        -2.018279790878296,
        -15.059412002563477,
        0.1633061319589615,
        -10.397976875305176,
        -5.282287120819092
    ],
    "date_created": "2024-06-09T03:47:46.332324"
}