{
    "id": 393,
    "name": "1613.wav",
    "original_rms": 0.06184908002614975,
    "original_duration": 9.088,
    "mfccs": [
        -345.7455749511719,
        108.49210357666016,
        20.046072006225586,
        21.281333923339844,
        1.4661730527877808,
        -4.563426971435547,
        -28.95439338684082,
        -11.222232818603516,
        -3.1044743061065674,
        -9.803035736083984,
        -10.1799955368042,
        -7.3656325340271,
        -0.36174827814102173
    ],
    "date_created": "2024-06-09T03:47:46.251599"
}