{
    "id": 508,
    "name": "536.wav",
    "original_rms": 0.04417470842599869,
    "original_duration": 5.248,
    "mfccs": [
        -324.8731689453125,
        111.05066680908203,
        -27.441587448120117,
        15.570679664611816,
        -23.490739822387695,
        -19.96974754333496,
        -9.872910499572754,
        -3.346470594406128,
        -4.757033348083496,
        -4.411186695098877,
        -6.416436195373535,
        -10.659961700439453,
        -0.1046595498919487
    ],
    "date_created": "2024-06-09T03:47:46.334909"
}