{
    "id": 374,
    "name": "723.wav",
    "original_rms": 0.11572878807783127,
    "original_duration": 5.504,
    "mfccs": [
        -248.9158477783203,
        106.92829132080078,
        -2.9088475704193115,
        -0.5947919487953186,
        -21.411088943481445,
        7.834540843963623,
        -8.386666297912598,
        -3.5618174076080322,
        1.1920527219772339,
        0.963723361492157,
        -6.382707595825195,
        1.0408927202224731,
        -2.1487033367156982
    ],
    "date_created": "2024-06-09T03:47:46.314495"
}