{
    "id": 709,
    "name": "208.wav",
    "original_rms": 0.18347623944282532,
    "original_duration": 6.656,
    "mfccs": [
        -177.23614501953125,
        67.03588104248047,
        -15.82404899597168,
        -2.738823175430298,
        -24.319332122802734,
        -3.928189992904663,
        -21.668506622314453,
        -5.487658977508545,
        -9.720762252807617,
        -9.517327308654785,
        -9.232083320617676,
        -10.585713386535645,
        -15.883172035217285
    ],
    "date_created": "2024-06-09T03:47:46.222185"
}