{
    "id": 731,
    "name": "1132.wav",
    "original_rms": 0.11913053691387177,
    "original_duration": 7.936,
    "mfccs": [
        -301.4149475097656,
        129.18539428710938,
        -6.34033727645874,
        38.28531265258789,
        -28.19982147216797,
        -15.125290870666504,
        -7.0206732749938965,
        -9.09112548828125,
        -10.02803897857666,
        4.748887538909912,
        1.420501470565796,
        0.7840476036071777,
        2.4320321083068848
    ],
    "date_created": "2024-06-09T03:47:46.001017"
}