{
    "id": 180,
    "name": "228.wav",
    "original_rms": 0.09085848927497864,
    "original_duration": 7.808,
    "mfccs": [
        -310.2859191894531,
        77.63838958740234,
        -34.866329193115234,
        22.94993782043457,
        -28.577640533447266,
        -0.4418140649795532,
        -24.628358840942383,
        -7.524535179138184,
        -11.788715362548828,
        -3.4281413555145264,
        -5.3196210861206055,
        -13.184340476989746,
        -3.362393379211426
    ],
    "date_created": "2024-06-09T03:47:46.127335"
}