{
    "id": 533,
    "name": "1602.wav",
    "original_rms": 0.041608747094869614,
    "original_duration": 5.12,
    "mfccs": [
        -289.818603515625,
        57.12430953979492,
        8.770162582397461,
        17.776403427124023,
        6.043355464935303,
        1.194246768951416,
        -3.6927552223205566,
        -8.72344970703125,
        -2.3863017559051514,
        -3.6438753604888916,
        -10.628121376037598,
        -1.3955007791519165,
        -0.23309190571308136
    ],
    "date_created": "2024-06-09T03:47:46.238485"
}