{
    "id": 216,
    "name": "261.wav",
    "original_rms": 0.17882491648197174,
    "original_duration": 5.696,
    "mfccs": [
        -174.14903259277344,
        67.25310516357422,
        -3.163661241531372,
        29.469568252563477,
        -6.199005126953125,
        7.866967678070068,
        -2.9776647090911865,
        8.966143608093262,
        1.4559242725372314,
        -7.228748798370361,
        -0.8072797656059265,
        -1.4969521760940552,
        3.3627712726593018
    ],
    "date_created": "2024-06-09T03:47:45.951066"
}