{
    "id": 714,
    "name": "801.wav",
    "original_rms": 0.053259462118148804,
    "original_duration": 10.304,
    "mfccs": [
        -331.0732116699219,
        113.93232727050781,
        12.252364158630371,
        34.78056716918945,
        12.63754940032959,
        6.328887939453125,
        4.394315719604492,
        1.300754427909851,
        1.1163779497146606,
        -3.69695782661438,
        -3.494795799255371,
        -0.8466469049453735,
        1.1090277433395386
    ],
    "date_created": "2024-06-09T03:47:46.217552"
}