{
    "id": 615,
    "name": "1983.wav",
    "original_rms": 0.07300745695829391,
    "original_duration": 6.4,
    "mfccs": [
        -249.30828857421875,
        65.37010955810547,
        4.051269054412842,
        23.47374725341797,
        -21.227731704711914,
        -14.05352783203125,
        -7.553386688232422,
        -9.529092788696289,
        -12.899612426757812,
        -1.1821646690368652,
        -7.084514617919922,
        1.086830735206604,
        -3.177011728286743
    ],
    "date_created": "2024-06-09T03:47:46.256736"
}