{
    "id": 386,
    "name": "545.wav",
    "original_rms": 0.07905203104019165,
    "original_duration": 12.224,
    "mfccs": [
        -300.8692321777344,
        123.17485809326172,
        -7.4782915115356445,
        23.30793571472168,
        12.674153327941895,
        -4.198080539703369,
        -13.014983177185059,
        4.535009384155273,
        -2.612964391708374,
        4.584856033325195,
        5.764959812164307,
        7.03157901763916,
        3.5455222129821777
    ],
    "date_created": "2024-06-09T03:47:46.180580"
}