{
    "id": 343,
    "name": "1427.wav",
    "original_rms": 0.09783101826906204,
    "original_duration": 7.104,
    "mfccs": [
        -260.6565246582031,
        134.05990600585938,
        -41.67009735107422,
        6.429001808166504,
        -10.715595245361328,
        -13.118677139282227,
        -7.578361988067627,
        0.7031532526016235,
        0.7763508558273315,
        -6.172576427459717,
        -13.974565505981445,
        -2.6624248027801514,
        -12.12354850769043
    ],
    "date_created": "2024-06-09T03:47:46.153619"
}