{
    "id": 694,
    "name": "2184.wav",
    "original_rms": 0.05273019149899483,
    "original_duration": 5.952,
    "mfccs": [
        -280.6009216308594,
        96.34239196777344,
        -4.899749279022217,
        18.379987716674805,
        -5.447571277618408,
        5.4702959060668945,
        -3.1556191444396973,
        9.713638305664062,
        11.265085220336914,
        -0.880169689655304,
        -1.0614863634109497,
        -0.8611673712730408,
        1.149868130683899
    ],
    "date_created": "2024-06-09T03:47:46.311170"
}