{
    "id": 154,
    "name": "619.wav",
    "original_rms": 0.05418459698557854,
    "original_duration": 8.384,
    "mfccs": [
        -316.6146545410156,
        78.0291748046875,
        -36.56764221191406,
        31.664609909057617,
        -35.790531158447266,
        -8.622689247131348,
        -15.193009376525879,
        -9.370905876159668,
        1.7326078414916992,
        -7.151751518249512,
        5.315521240234375,
        -4.317257404327393,
        2.5140955448150635
    ],
    "date_created": "2024-06-09T03:47:46.238815"
}