{
    "id": 532,
    "name": "108.wav",
    "original_rms": 0.11874552816152573,
    "original_duration": 8.192,
    "mfccs": [
        -204.20765686035156,
        74.4271011352539,
        -22.019115447998047,
        -7.310011386871338,
        -21.895503997802734,
        -9.906782150268555,
        -27.210620880126953,
        -6.851561069488525,
        -28.917633056640625,
        -9.242650985717773,
        -6.008602619171143,
        -14.510483741760254,
        -5.830759048461914
    ],
    "date_created": "2024-06-09T03:47:46.295108"
}