{
    "id": 94,
    "name": "964.wav",
    "original_rms": 0.05389556661248207,
    "original_duration": 10.816,
    "mfccs": [
        -274.8460388183594,
        93.40721130371094,
        -19.418441772460938,
        -9.819480895996094,
        -19.738502502441406,
        -15.986187934875488,
        -9.252767562866211,
        -9.19566822052002,
        -1.1592210531234741,
        0.5600166320800781,
        4.197670936584473,
        -11.799775123596191,
        -1.4249013662338257
    ],
    "date_created": "2024-06-09T03:47:46.271260"
}