{
    "id": 707,
    "name": "698.wav",
    "original_rms": 0.07068309187889099,
    "original_duration": 6.4,
    "mfccs": [
        -302.4053955078125,
        126.36022186279297,
        -23.85573959350586,
        -21.57650375366211,
        -14.45106315612793,
        -13.102691650390625,
        -24.503833770751953,
        -1.3865910768508911,
        -4.580134868621826,
        0.2990787625312805,
        -3.557830572128296,
        -10.130902290344238,
        -3.1163601875305176
    ],
    "date_created": "2024-06-09T03:47:46.004232"
}