{
    "id": 638,
    "name": "458.wav",
    "original_rms": 0.11719493567943573,
    "original_duration": 6.016,
    "mfccs": [
        -287.0035705566406,
        97.94599914550781,
        -32.442237854003906,
        8.129083633422852,
        -17.45036506652832,
        -23.95444679260254,
        -8.665572166442871,
        -6.032726764678955,
        -13.10927677154541,
        9.841639518737793,
        -8.008219718933105,
        -3.8491833209991455,
        -3.130936622619629
    ],
    "date_created": "2024-06-09T03:47:45.998957"
}