{
    "id": 525,
    "name": "1634.wav",
    "original_rms": 0.05369183421134949,
    "original_duration": 7.744,
    "mfccs": [
        -299.97711181640625,
        91.13851928710938,
        21.59200096130371,
        4.310378551483154,
        -22.027254104614258,
        -9.546858787536621,
        -26.707942962646484,
        -1.6924090385437012,
        -17.096324920654297,
        -7.285750389099121,
        -2.9241786003112793,
        -9.538127899169922,
        0.5529153347015381
    ],
    "date_created": "2024-06-09T03:47:46.087330"
}