{
    "id": 822,
    "name": "122.wav",
    "original_rms": 0.0956030935049057,
    "original_duration": 5.568,
    "mfccs": [
        -296.6683654785156,
        75.5445327758789,
        2.317410707473755,
        39.38359069824219,
        -15.251808166503906,
        0.706390380859375,
        -13.268527030944824,
        -12.357242584228516,
        -8.762102127075195,
        -5.2668375968933105,
        -12.765721321105957,
        -6.516843318939209,
        -3.9276881217956543
    ],
    "date_created": "2024-06-09T03:47:46.279065"
}