{
    "id": 725,
    "name": "1551.wav",
    "original_rms": 0.04725448787212372,
    "original_duration": 5.248,
    "mfccs": [
        -304.8453369140625,
        107.39028930664062,
        21.557571411132812,
        28.11358070373535,
        -15.470263481140137,
        -1.1294840574264526,
        -17.43568992614746,
        -16.20310401916504,
        -18.79509925842285,
        -1.164595127105713,
        -6.987692832946777,
        8.78233528137207,
        -5.5439019203186035
    ],
    "date_created": "2024-06-09T03:47:46.130666"
}