{
    "id": 261,
    "name": "1756.wav",
    "original_rms": 0.04222564399242401,
    "original_duration": 8.896,
    "mfccs": [
        -270.6492614746094,
        71.48603820800781,
        -29.22397232055664,
        16.200490951538086,
        -26.994876861572266,
        -21.972352981567383,
        -18.881975173950195,
        -13.19910717010498,
        -12.44076156616211,
        -7.268977642059326,
        -3.3491039276123047,
        -7.944202899932861,
        -6.3329362869262695
    ],
    "date_created": "2024-06-09T03:47:46.097788"
}