{
    "id": 775,
    "name": "316.wav",
    "original_rms": 0.10742688924074173,
    "original_duration": 11.776,
    "mfccs": [
        -216.0169219970703,
        45.10130310058594,
        -26.151155471801758,
        -3.805629014968872,
        -24.457870483398438,
        -3.295872688293457,
        -12.992265701293945,
        -6.9456377029418945,
        -5.898210525512695,
        -2.872710704803467,
        -3.659907341003418,
        -2.5766727924346924,
        -6.284567832946777
    ],
    "date_created": "2024-06-09T03:47:45.999707"
}