{
    "id": 75,
    "name": "568.wav",
    "original_rms": 0.14885450899600983,
    "original_duration": 6.592,
    "mfccs": [
        -188.55215454101562,
        76.69239044189453,
        -30.675037384033203,
        -1.3536511659622192,
        -21.828083038330078,
        -20.10185432434082,
        -26.072778701782227,
        -11.75910472869873,
        -14.062664985656738,
        -7.794281005859375,
        -11.925975799560547,
        -4.292264938354492,
        -6.629856586456299
    ],
    "date_created": "2024-06-09T03:47:46.259351"
}