{
    "id": 711,
    "name": "1159.wav",
    "original_rms": 0.06508444249629974,
    "original_duration": 5.184,
    "mfccs": [
        -318.8052062988281,
        127.40619659423828,
        31.41890525817871,
        17.96095085144043,
        -5.463791847229004,
        8.240851402282715,
        -11.410372734069824,
        -4.8493146896362305,
        -5.276185989379883,
        8.154373168945312,
        -7.238415718078613,
        -1.1687356233596802,
        -0.6448127031326294
    ],
    "date_created": "2024-06-09T03:47:46.235108"
}