{
    "id": 133,
    "name": "1787.wav",
    "original_rms": 0.07608543336391449,
    "original_duration": 10.88,
    "mfccs": [
        -317.4915466308594,
        136.81138610839844,
        -24.436317443847656,
        7.842490196228027,
        -16.485334396362305,
        -10.710285186767578,
        -13.539146423339844,
        -4.191560745239258,
        -7.535102367401123,
        -0.663740873336792,
        -7.372529983520508,
        -6.418938159942627,
        -3.927170753479004
    ],
    "date_created": "2024-06-09T03:47:46.141973"
}