{
    "id": 292,
    "name": "1992.wav",
    "original_rms": 0.11680902540683746,
    "original_duration": 6.528,
    "mfccs": [
        -260.018798828125,
        96.67933654785156,
        16.561981201171875,
        20.802549362182617,
        6.507196426391602,
        1.9694089889526367,
        -9.041190147399902,
        10.529179573059082,
        -1.1711845397949219,
        1.2103415727615356,
        -4.229656219482422,
        -0.639898419380188,
        -2.4294426441192627
    ],
    "date_created": "2024-06-09T03:47:46.244404"
}