{
    "id": 257,
    "name": "251.wav",
    "original_rms": 0.12170866131782532,
    "original_duration": 5.056,
    "mfccs": [
        -274.3139343261719,
        112.16023254394531,
        -5.278449535369873,
        15.20923900604248,
        -11.008552551269531,
        1.669546365737915,
        -17.75481605529785,
        -5.571230411529541,
        -4.868371486663818,
        -6.3486104011535645,
        0.6637310981750488,
        -10.641587257385254,
        -0.9788146615028381
    ],
    "date_created": "2024-06-09T03:47:46.320349"
}