{
    "id": 830,
    "name": "1084.wav",
    "original_rms": 0.04769345000386238,
    "original_duration": 5.824,
    "mfccs": [
        -217.54124450683594,
        85.23657989501953,
        -19.185855865478516,
        33.9820671081543,
        -10.389530181884766,
        -1.9153026342391968,
        -10.4119873046875,
        -2.2894983291625977,
        -2.589052677154541,
        2.3342487812042236,
        3.015516519546509,
        1.5048166513442993,
        4.793700695037842
    ],
    "date_created": "2024-06-09T03:47:45.988222"
}