{
    "id": 794,
    "name": "942.wav",
    "original_rms": 0.05405043438076973,
    "original_duration": 5.056,
    "mfccs": [
        -276.18743896484375,
        115.90958404541016,
        -14.814894676208496,
        16.3587646484375,
        -30.346940994262695,
        -15.793441772460938,
        -16.678546905517578,
        -14.535529136657715,
        -10.54049015045166,
        -5.376413345336914,
        -6.6397199630737305,
        -11.684779167175293,
        -2.0035152435302734
    ],
    "date_created": "2024-06-09T03:47:46.099981"
}