{
    "id": 179,
    "name": "2161.wav",
    "original_rms": 0.06663743406534195,
    "original_duration": 5.888,
    "mfccs": [
        -257.0356140136719,
        112.30928802490234,
        -24.067646026611328,
        33.52550506591797,
        -22.144678115844727,
        11.093232154846191,
        -2.2422428131103516,
        -9.621716499328613,
        6.988175392150879,
        0.9742365479469299,
        -14.679298400878906,
        2.7649595737457275,
        -2.158936023712158
    ],
    "date_created": "2024-06-09T03:47:45.955243"
}