{
    "id": 214,
    "name": "1795.wav",
    "original_rms": 0.07799968868494034,
    "original_duration": 5.888,
    "mfccs": [
        -347.83856201171875,
        116.53815460205078,
        36.19673538208008,
        12.751273155212402,
        -2.7320852279663086,
        -5.173011779785156,
        -13.390496253967285,
        0.018207792192697525,
        -4.437955379486084,
        -6.920874118804932,
        0.46598321199417114,
        -6.407752990722656,
        -2.6834664344787598
    ],
    "date_created": "2024-06-09T03:47:46.098926"
}