{
    "id": 246,
    "name": "436.wav",
    "original_rms": 0.06246592849493027,
    "original_duration": 6.016,
    "mfccs": [
        -260.892578125,
        46.097286224365234,
        17.112428665161133,
        -4.92246150970459,
        -20.932981491088867,
        1.5359505414962769,
        -28.29867172241211,
        -12.963919639587402,
        -12.43742561340332,
        -7.500457286834717,
        -7.602651119232178,
        -11.978286743164062,
        4.2982378005981445
    ],
    "date_created": "2024-06-09T03:47:46.251266"
}