{
    "id": 36,
    "name": "157.wav",
    "original_rms": 0.3047950863838196,
    "original_duration": 11.456,
    "mfccs": [
        -191.88584899902344,
        73.88291931152344,
        -10.410322189331055,
        19.350618362426758,
        3.282642126083374,
        0.6390905976295471,
        -20.66968536376953,
        4.041790008544922,
        7.616954326629639,
        5.531569004058838,
        7.747320652008057,
        -3.284919500350952,
        -2.0066301822662354
    ],
    "date_created": "2024-06-09T03:47:46.238643"
}