{
    "id": 686,
    "name": "291.wav",
    "original_rms": 0.060076162219047546,
    "original_duration": 9.856,
    "mfccs": [
        -314.312744140625,
        98.54137420654297,
        17.62976837158203,
        22.63496208190918,
        -45.794029235839844,
        -12.687378883361816,
        -12.971637725830078,
        -16.641000747680664,
        -17.62086296081543,
        -4.469590663909912,
        -3.3653581142425537,
        -11.060150146484375,
        -5.356985569000244
    ],
    "date_created": "2024-06-09T03:47:46.302414"
}