{
    "id": 818,
    "name": "579.wav",
    "original_rms": 0.11353514343500137,
    "original_duration": 8.128,
    "mfccs": [
        -319.0677185058594,
        100.71401977539062,
        -52.193458557128906,
        21.117460250854492,
        -23.690719604492188,
        -15.963208198547363,
        -36.48025894165039,
        -14.731203079223633,
        -6.909095764160156,
        -15.284357070922852,
        -14.089016914367676,
        -8.05343246459961,
        -11.821337699890137
    ],
    "date_created": "2024-06-09T03:47:46.180282"
}