{
    "id": 78,
    "name": "1291.wav",
    "original_rms": 0.14232221245765686,
    "original_duration": 14.656,
    "mfccs": [
        -253.79757690429688,
        69.973876953125,
        12.03780460357666,
        11.664857864379883,
        4.232117652893066,
        -11.886129379272461,
        -9.268990516662598,
        8.969971656799316,
        -4.055610179901123,
        5.583752155303955,
        6.443998336791992,
        3.1262261867523193,
        1.028304934501648
    ],
    "date_created": "2024-06-09T03:47:45.953783"
}