{
    "id": 115,
    "name": "1140.wav",
    "original_rms": 0.061052095144987106,
    "original_duration": 11.52,
    "mfccs": [
        -224.2453155517578,
        92.82980346679688,
        -45.404239654541016,
        35.36079788208008,
        -14.826565742492676,
        -14.783220291137695,
        -8.765328407287598,
        -12.147947311401367,
        6.713638782501221,
        -5.996484756469727,
        -9.005393981933594,
        -3.2543299198150635,
        -6.171713352203369
    ],
    "date_created": "2024-06-09T03:47:46.136252"
}