{
    "id": 464,
    "name": "1894.wav",
    "original_rms": 0.09257584810256958,
    "original_duration": 5.248,
    "mfccs": [
        -273.0399475097656,
        87.80584716796875,
        -19.71649169921875,
        21.866758346557617,
        -11.293614387512207,
        -7.113775730133057,
        -7.5313920974731445,
        9.657434463500977,
        -3.268050193786621,
        2.9649715423583984,
        3.7305352687835693,
        4.285772800445557,
        5.161417484283447
    ],
    "date_created": "2024-06-09T03:47:46.309403"
}