{
    "id": 318,
    "name": "142.wav",
    "original_rms": 0.15257860720157623,
    "original_duration": 5.056,
    "mfccs": [
        -252.54139709472656,
        117.12580871582031,
        -5.4314775466918945,
        31.363306045532227,
        -19.771860122680664,
        -3.609437942504883,
        -6.236330509185791,
        -6.089017391204834,
        -7.445347309112549,
        -3.9576220512390137,
        -5.82744836807251,
        -5.019689083099365,
        1.1471383571624756
    ],
    "date_created": "2024-06-09T03:47:46.234754"
}