{
    "id": 142,
    "name": "2308.wav",
    "original_rms": 0.05940139293670654,
    "original_duration": 8.896,
    "mfccs": [
        -263.0723571777344,
        85.48625183105469,
        -18.78261375427246,
        37.668819427490234,
        -23.430095672607422,
        5.297918319702148,
        -9.872559547424316,
        11.74677848815918,
        0.9552368521690369,
        3.52653169631958,
        7.1116251945495605,
        -2.2389326095581055,
        4.682910442352295
    ],
    "date_created": "2024-06-09T03:47:46.204459"
}