{
    "id": 862,
    "name": "388.wav",
    "original_rms": 0.04067608341574669,
    "original_duration": 6.656,
    "mfccs": [
        -228.023681640625,
        49.09459686279297,
        -24.257577896118164,
        7.79969596862793,
        -29.046844482421875,
        -8.625029563903809,
        -8.37412166595459,
        2.8471519947052,
        6.907517910003662,
        3.5702970027923584,
        -8.32516098022461,
        4.937044143676758,
        1.868353009223938
    ],
    "date_created": "2024-06-09T03:47:46.087670"
}