{
    "id": 41,
    "name": "1201.wav",
    "original_rms": 0.052295517176389694,
    "original_duration": 6.144,
    "mfccs": [
        -233.8579864501953,
        103.04676055908203,
        7.714954376220703,
        38.623573303222656,
        5.739150524139404,
        8.929791450500488,
        -4.407947063446045,
        4.742287635803223,
        5.996892929077148,
        1.385042667388916,
        8.734017372131348,
        1.6421875953674316,
        8.171256065368652
    ],
    "date_created": "2024-06-09T03:47:46.259653"
}