{
    "id": 471,
    "name": "1097.wav",
    "original_rms": 0.07715053856372833,
    "original_duration": 5.696,
    "mfccs": [
        -176.18426513671875,
        120.58745574951172,
        -52.30614471435547,
        13.898037910461426,
        -22.81877899169922,
        -9.848108291625977,
        -11.659707069396973,
        -18.62212562561035,
        1.2175625562667847,
        -5.538516521453857,
        -6.58060359954834,
        -7.114842414855957,
        -6.2972412109375
    ],
    "date_created": "2024-06-09T03:47:46.075523"
}