{
    "id": 195,
    "name": "1775.wav",
    "original_rms": 0.05447443202137947,
    "original_duration": 6.464,
    "mfccs": [
        -251.18505859375,
        94.55304718017578,
        34.24473571777344,
        -0.7638900876045227,
        12.073051452636719,
        0.6891225576400757,
        -22.25595474243164,
        5.600570201873779,
        -16.28598403930664,
        1.5187495946884155,
        -2.4897189140319824,
        -2.0699098110198975,
        -1.8554335832595825
    ],
    "date_created": "2024-06-09T03:47:46.219725"
}