{
    "id": 186,
    "name": "288.wav",
    "original_rms": 0.06086023151874542,
    "original_duration": 13.248,
    "mfccs": [
        -320.4124755859375,
        111.48657989501953,
        7.778883457183838,
        6.145023822784424,
        -7.348278999328613,
        -6.559981822967529,
        -20.856918334960938,
        -5.38246488571167,
        -0.6839808225631714,
        -6.041354656219482,
        -2.516925096511841,
        -3.6557376384735107,
        -4.475494861602783
    ],
    "date_created": "2024-06-09T03:47:46.013678"
}