{
    "id": 435,
    "name": "961.wav",
    "original_rms": 0.046005453914403915,
    "original_duration": 5.76,
    "mfccs": [
        -222.4986114501953,
        74.34576416015625,
        -22.303606033325195,
        12.384767532348633,
        -22.227554321289062,
        -3.509096622467041,
        -14.965882301330566,
        -2.1141562461853027,
        -4.034444808959961,
        -3.0714848041534424,
        -5.578405380249023,
        -6.268886089324951,
        2.743420362472534
    ],
    "date_created": "2024-06-09T03:47:46.218502"
}