{
    "id": 239,
    "name": "452.wav",
    "original_rms": 0.05565372854471207,
    "original_duration": 5.248,
    "mfccs": [
        -249.61021423339844,
        62.718318939208984,
        -27.39370346069336,
        20.28196144104004,
        -26.955427169799805,
        -7.708042144775391,
        -16.34497833251953,
        -9.922629356384277,
        9.794074058532715,
        -15.67376708984375,
        0.9247170090675354,
        -8.168997764587402,
        -1.2869768142700195
    ],
    "date_created": "2024-06-09T03:47:46.281511"
}