{
    "id": 147,
    "name": "1114.wav",
    "original_rms": 0.06649782508611679,
    "original_duration": 10.24,
    "mfccs": [
        -311.9877014160156,
        110.69041442871094,
        -17.514230728149414,
        38.861446380615234,
        -0.9760668277740479,
        -29.77066993713379,
        8.223906517028809,
        -20.792633056640625,
        3.352184534072876,
        -12.954145431518555,
        -0.59721440076828,
        0.3047184944152832,
        -0.7161543369293213
    ],
    "date_created": "2024-06-09T03:47:46.325128"
}