{
    "id": 748,
    "name": "1627.wav",
    "original_rms": 0.043534211814403534,
    "original_duration": 6.336,
    "mfccs": [
        -290.4957275390625,
        100.39554595947266,
        -5.517791748046875,
        24.73224639892578,
        -5.899966716766357,
        -6.629153728485107,
        -6.770308017730713,
        3.1976749897003174,
        -9.16547679901123,
        -12.112250328063965,
        -1.7927652597427368,
        -2.030749559402466,
        -1.2266896963119507
    ],
    "date_created": "2024-06-09T03:47:46.133464"
}