{
    "id": 759,
    "name": "1620.wav",
    "original_rms": 0.040083322674036026,
    "original_duration": 8.128,
    "mfccs": [
        -227.1198272705078,
        69.50808715820312,
        -43.775447845458984,
        13.857078552246094,
        -28.0322322845459,
        -19.82749366760254,
        -27.53705406188965,
        -1.250780463218689,
        -12.31589412689209,
        -8.343594551086426,
        -9.740657806396484,
        -16.036479949951172,
        -5.217225074768066
    ],
    "date_created": "2024-06-09T03:47:46.086998"
}