{
    "id": 536,
    "name": "1868.wav",
    "original_rms": 0.1970047652721405,
    "original_duration": 6.208,
    "mfccs": [
        -214.40565490722656,
        62.47382736206055,
        -26.905017852783203,
        20.62045669555664,
        -30.8987979888916,
        1.4772582054138184,
        -7.826982021331787,
        -21.31633758544922,
        0.24007517099380493,
        -13.01619815826416,
        2.920198440551758,
        -1.1962320804595947,
        3.271679162979126
    ],
    "date_created": "2024-06-09T03:47:46.328597"
}