{
    "id": 360,
    "name": "1685.wav",
    "original_rms": 0.06609637290239334,
    "original_duration": 19.84,
    "mfccs": [
        -272.5668640136719,
        85.89476776123047,
        8.709992408752441,
        18.589805603027344,
        -2.321187973022461,
        -1.515140414237976,
        -1.6534299850463867,
        1.5196276903152466,
        -12.236725807189941,
        -2.02384877204895,
        -1.1641405820846558,
        -7.595049858093262,
        -5.126407146453857
    ],
    "date_created": "2024-06-09T03:47:46.067717"
}