{
    "id": 38,
    "name": "2226.wav",
    "original_rms": 0.05027764290571213,
    "original_duration": 5.568,
    "mfccs": [
        -233.15420532226562,
        118.62992858886719,
        -29.985612869262695,
        21.40768051147461,
        -9.748275756835938,
        -3.5332579612731934,
        -15.039076805114746,
        -9.382805824279785,
        1.0449284315109253,
        -5.897510528564453,
        -1.1127053499221802,
        -1.87148916721344,
        -1.2414159774780273
    ],
    "date_created": "2024-06-09T03:47:46.335500"
}