{
    "id": 104,
    "name": "1035.wav",
    "original_rms": 0.045380547642707825,
    "original_duration": 10.304,
    "mfccs": [
        -276.7411804199219,
        91.72652435302734,
        27.810503005981445,
        -26.549705505371094,
        3.3628792762756348,
        -23.9726619720459,
        -16.865449905395508,
        -3.9829580783843994,
        -16.451448440551758,
        -9.877605438232422,
        -11.07640552520752,
        -6.361123085021973,
        -10.960775375366211
    ],
    "date_created": "2024-06-09T03:47:46.128613"
}