{
    "id": 409,
    "name": "2098.wav",
    "original_rms": 0.14518190920352936,
    "original_duration": 10.176,
    "mfccs": [
        -229.37440490722656,
        96.97340393066406,
        0.1995307356119156,
        33.10566711425781,
        -14.97105598449707,
        -4.652130126953125,
        -17.676450729370117,
        -12.558280944824219,
        -14.147712707519531,
        -3.2813658714294434,
        -2.106391668319702,
        1.1600792407989502,
        -1.6339589357376099
    ],
    "date_created": "2024-06-09T03:47:46.144631"
}