{
    "id": 52,
    "name": "1801.wav",
    "original_rms": 0.06129396706819534,
    "original_duration": 5.76,
    "mfccs": [
        -256.4241943359375,
        106.52302551269531,
        -46.42325210571289,
        49.90741729736328,
        -52.286258697509766,
        15.094050407409668,
        -26.848587036132812,
        4.3326826095581055,
        -9.695971488952637,
        -6.820038795471191,
        1.082737684249878,
        -15.762453079223633,
        4.711820602416992
    ],
    "date_created": "2024-06-09T03:47:46.135259"
}