{
    "id": 634,
    "name": "1526.wav",
    "original_rms": 0.05490076169371605,
    "original_duration": 6.976,
    "mfccs": [
        -279.2708435058594,
        115.33949279785156,
        7.2432451248168945,
        11.288256645202637,
        -7.2384514808654785,
        -16.16872215270996,
        -1.133508324623108,
        -14.067501068115234,
        -14.70207691192627,
        -4.15668249130249,
        -11.272186279296875,
        -5.708220958709717,
        -5.379058837890625
    ],
    "date_created": "2024-06-09T03:47:46.020201"
}