{
    "id": 406,
    "name": "1246.wav",
    "original_rms": 0.08545313030481339,
    "original_duration": 7.68,
    "mfccs": [
        -343.611572265625,
        68.90795135498047,
        0.9841452240943909,
        24.850954055786133,
        -17.534820556640625,
        -6.85001277923584,
        -3.2816321849823,
        -13.371596336364746,
        -1.2801851034164429,
        -10.808799743652344,
        5.971245765686035,
        -5.969397068023682,
        5.982113361358643
    ],
    "date_created": "2024-06-09T03:47:45.953245"
}