{
    "id": 527,
    "name": "1857.wav",
    "original_rms": 0.08407015353441238,
    "original_duration": 6.528,
    "mfccs": [
        -204.74813842773438,
        79.91319274902344,
        5.202525615692139,
        29.820947647094727,
        -6.343492031097412,
        1.3042943477630615,
        -1.446710467338562,
        10.47571849822998,
        0.9718180894851685,
        4.833498954772949,
        0.3787580728530884,
        2.9121005535125732,
        4.383206844329834
    ],
    "date_created": "2024-06-09T03:47:46.309031"
}