{
    "id": 384,
    "name": "2268.wav",
    "original_rms": 0.10968330502510071,
    "original_duration": 7.232,
    "mfccs": [
        -237.898681640625,
        93.10497283935547,
        -3.670215368270874,
        14.197327613830566,
        -1.4121025800704956,
        -5.82296085357666,
        -6.770884037017822,
        -13.306731224060059,
        6.719221115112305,
        -0.7537891864776611,
        -4.871033668518066,
        1.5013160705566406,
        -10.397673606872559
    ],
    "date_created": "2024-06-09T03:47:46.220197"
}