{
    "id": 217,
    "name": "1759.wav",
    "original_rms": 0.1492505669593811,
    "original_duration": 8.256,
    "mfccs": [
        -355.0850524902344,
        113.15040588378906,
        -6.155890941619873,
        6.963644027709961,
        -11.868218421936035,
        -21.851390838623047,
        -14.700103759765625,
        -12.632604598999023,
        0.35197362303733826,
        -4.376481533050537,
        -3.6310019493103027,
        -3.4194884300231934,
        -0.3270658850669861
    ],
    "date_created": "2024-06-09T03:47:46.258850"
}