{
    "id": 845,
    "name": "1672.wav",
    "original_rms": 0.0425359383225441,
    "original_duration": 6.976,
    "mfccs": [
        -222.3876953125,
        94.53640747070312,
        -39.44336700439453,
        11.08236026763916,
        -44.21849822998047,
        -17.87367057800293,
        -22.916616439819336,
        -16.440980911254883,
        -7.431164741516113,
        -12.305089950561523,
        2.0437963008880615,
        -13.122038841247559,
        -6.850788116455078
    ],
    "date_created": "2024-06-09T03:47:46.325600"
}