{
    "id": 600,
    "name": "1323.wav",
    "original_rms": 0.04035764932632446,
    "original_duration": 21.376,
    "mfccs": [
        -292.0981140136719,
        68.55680084228516,
        -54.33584976196289,
        -5.579833030700684,
        -36.827999114990234,
        -25.451457977294922,
        -33.21747970581055,
        -9.021714210510254,
        -23.147336959838867,
        -9.70434856414795,
        -13.747602462768555,
        -16.930118560791016,
        -13.755617141723633
    ],
    "date_created": "2024-06-09T03:47:46.057132"
}