{
    "id": 817,
    "name": "1041.wav",
    "original_rms": 0.0831228494644165,
    "original_duration": 7.104,
    "mfccs": [
        -272.8216247558594,
        120.45304870605469,
        -29.22239875793457,
        16.169082641601562,
        -16.750139236450195,
        -16.185667037963867,
        -7.625326633453369,
        -12.861998558044434,
        -7.7815351486206055,
        -4.753942966461182,
        -5.20391845703125,
        -5.3945698738098145,
        -6.954931735992432
    ],
    "date_created": "2024-06-09T03:47:46.049978"
}