{
    "id": 630,
    "name": "677.wav",
    "original_rms": 0.06102869287133217,
    "original_duration": 15.808,
    "mfccs": [
        -312.1565856933594,
        103.58039855957031,
        -19.286231994628906,
        -10.556844711303711,
        -23.387836456298828,
        -11.658474922180176,
        -26.797975540161133,
        -1.9167336225509644,
        -9.890315055847168,
        -0.009317337535321712,
        5.05470085144043,
        -10.060347557067871,
        1.1606253385543823
    ],
    "date_created": "2024-06-09T03:47:46.031470"
}