{
    "id": 509,
    "name": "596.wav",
    "original_rms": 0.047795772552490234,
    "original_duration": 10.496,
    "mfccs": [
        -278.711181640625,
        92.9714126586914,
        3.7131028175354004,
        27.227611541748047,
        -20.775802612304688,
        -4.933476448059082,
        -17.16343116760254,
        -1.3764680624008179,
        -15.954229354858398,
        -4.109010219573975,
        -1.715631365776062,
        -6.739169120788574,
        1.150215744972229
    ],
    "date_created": "2024-06-09T03:47:46.273699"
}