{
    "id": 399,
    "name": "44.wav",
    "original_rms": 0.12937983870506287,
    "original_duration": 7.104,
    "mfccs": [
        -305.7865905761719,
        151.15635681152344,
        -12.613365173339844,
        23.787626266479492,
        6.069899082183838,
        -0.06911900639533997,
        4.848085403442383,
        3.452193260192871,
        5.012448310852051,
        -0.06693136692047119,
        2.6259844303131104,
        -0.44228315353393555,
        -5.8996782302856445
    ],
    "date_created": "2024-06-09T03:47:46.269748"
}