{
    "id": 474,
    "name": "597.wav",
    "original_rms": 0.06833553314208984,
    "original_duration": 5.248,
    "mfccs": [
        -260.3193664550781,
        88.51327514648438,
        -31.310758590698242,
        31.858699798583984,
        -16.8057861328125,
        -10.147103309631348,
        -12.761106491088867,
        -17.955541610717773,
        5.203315258026123,
        -16.297061920166016,
        -0.8325152397155762,
        1.5029103755950928,
        -9.272809028625488
    ],
    "date_created": "2024-06-09T03:47:46.257655"
}