{
    "id": 835,
    "name": "1887.wav",
    "original_rms": 0.15851065516471863,
    "original_duration": 6.592,
    "mfccs": [
        -293.04522705078125,
        104.67384338378906,
        -6.025292873382568,
        31.874135971069336,
        -5.284742832183838,
        -8.930910110473633,
        -18.041719436645508,
        -8.673303604125977,
        -20.17870330810547,
        -10.89919662475586,
        0.015124084427952766,
        -13.86760425567627,
        3.900923728942871
    ],
    "date_created": "2024-06-09T03:47:46.279749"
}