{
    "id": 462,
    "name": "1860.wav",
    "original_rms": 0.11779891699552536,
    "original_duration": 6.144,
    "mfccs": [
        -310.29278564453125,
        91.28336334228516,
        -0.7233337759971619,
        0.7449092268943787,
        -9.8148775100708,
        -19.320358276367188,
        -10.114656448364258,
        -3.980093479156494,
        -13.594804763793945,
        4.007626533508301,
        -7.230358123779297,
        -6.480757713317871,
        -1.9532315731048584
    ],
    "date_created": "2024-06-09T03:47:46.065162"
}