{
    "id": 828,
    "name": "570.wav",
    "original_rms": 0.08290461450815201,
    "original_duration": 5.824,
    "mfccs": [
        -285.42132568359375,
        100.275634765625,
        12.875432014465332,
        14.56912899017334,
        -8.890514373779297,
        -14.073298454284668,
        -17.734439849853516,
        -12.224627494812012,
        -8.969554901123047,
        -11.671653747558594,
        -7.911728382110596,
        -6.772241592407227,
        -7.072788238525391
    ],
    "date_created": "2024-06-09T03:47:46.078899"
}