{
    "id": 563,
    "name": "2130.wav",
    "original_rms": 0.13894657790660858,
    "original_duration": 6.016,
    "mfccs": [
        -329.0291748046875,
        153.54931640625,
        26.625059127807617,
        22.4450626373291,
        -4.53978157043457,
        -5.648869037628174,
        -11.606344223022461,
        -1.1618727445602417,
        -16.0194149017334,
        6.792200565338135,
        -3.644599199295044,
        -3.8862500190734863,
        -2.4403903484344482
    ],
    "date_created": "2024-06-09T03:47:46.252390"
}