{
    "id": 478,
    "name": "1632.wav",
    "original_rms": 0.0717606395483017,
    "original_duration": 5.888,
    "mfccs": [
        -223.6210174560547,
        98.48358154296875,
        0.2015027105808258,
        23.457298278808594,
        -3.723790168762207,
        -8.410697937011719,
        -0.5845222473144531,
        1.383239984512329,
        -9.330391883850098,
        4.275134086608887,
        -9.045029640197754,
        -0.4367905259132385,
        -4.8553056716918945
    ],
    "date_created": "2024-06-09T03:47:46.135923"
}