{
    "id": 773,
    "name": "1078.wav",
    "original_rms": 0.14888589084148407,
    "original_duration": 6.08,
    "mfccs": [
        -278.2505798339844,
        105.51873779296875,
        4.530239105224609,
        10.826051712036133,
        -12.389164924621582,
        -18.36158561706543,
        -13.663762092590332,
        -5.815583229064941,
        -2.8142142295837402,
        -1.5016729831695557,
        -2.7967159748077393,
        -3.126236915588379,
        -6.588990211486816
    ],
    "date_created": "2024-06-09T03:47:45.943038"
}