{
    "id": 354,
    "name": "2007.wav",
    "original_rms": 0.05259111523628235,
    "original_duration": 6.784,
    "mfccs": [
        -297.3428039550781,
        101.52503204345703,
        -35.960914611816406,
        -2.295677661895752,
        -40.778465270996094,
        -20.143775939941406,
        -6.0783467292785645,
        -22.977869033813477,
        5.531345367431641,
        -16.723493576049805,
        -5.502981662750244,
        -4.637984752655029,
        -7.1178765296936035
    ],
    "date_created": "2024-06-09T03:47:46.020528"
}