{
    "id": 455,
    "name": "1055.wav",
    "original_rms": 0.04011492058634758,
    "original_duration": 6.144,
    "mfccs": [
        -284.0779113769531,
        110.74402618408203,
        -80.17887878417969,
        40.963890075683594,
        -38.06892013549805,
        3.763240337371826,
        -7.061043739318848,
        1.6558020114898682,
        0.6215094327926636,
        -8.372143745422363,
        -1.5084567070007324,
        -14.732914924621582,
        0.8643831610679626
    ],
    "date_created": "2024-06-09T03:47:46.050279"
}