{
    "id": 821,
    "name": "2059.wav",
    "original_rms": 0.04721008986234665,
    "original_duration": 5.184,
    "mfccs": [
        -285.5068054199219,
        97.80217742919922,
        15.685919761657715,
        17.81122398376465,
        2.521371603012085,
        -2.8422534465789795,
        -15.486225128173828,
        1.89243483543396,
        -1.973433017730713,
        1.4984805583953857,
        -4.307480335235596,
        -4.018640995025635,
        -1.4231855869293213
    ],
    "date_created": "2024-06-09T03:47:46.139589"
}