{
    "id": 599,
    "name": "1575.wav",
    "original_rms": 0.04002103954553604,
    "original_duration": 11.776,
    "mfccs": [
        -294.97119140625,
        126.40666961669922,
        -18.503477096557617,
        19.011638641357422,
        -1.1824883222579956,
        -17.25927734375,
        -8.344502449035645,
        -4.329983234405518,
        0.20608530938625336,
        5.12892484664917,
        -6.816162109375,
        -3.487210988998413,
        4.028497695922852
    ],
    "date_created": "2024-06-09T03:47:46.233414"
}