{
    "id": 595,
    "name": "278.wav",
    "original_rms": 0.14907367527484894,
    "original_duration": 12.48,
    "mfccs": [
        -234.34414672851562,
        76.64299011230469,
        -2.419943332672119,
        1.9915075302124023,
        -9.941193580627441,
        -20.291120529174805,
        2.2382562160491943,
        -9.688840866088867,
        -0.4621031880378723,
        0.36953112483024597,
        -12.677605628967285,
        0.3419540524482727,
        -9.27527904510498
    ],
    "date_created": "2024-06-09T03:47:46.334726"
}