{
    "id": 252,
    "name": "869.wav",
    "original_rms": 0.1291656345129013,
    "original_duration": 6.976,
    "mfccs": [
        -203.8281707763672,
        99.64131164550781,
        -52.193328857421875,
        -2.9588825702667236,
        -27.14583396911621,
        -5.820184230804443,
        -17.224992752075195,
        -22.316368103027344,
        -12.294899940490723,
        -17.262083053588867,
        -22.55826187133789,
        -12.620689392089844,
        -14.52220630645752
    ],
    "date_created": "2024-06-09T03:47:45.993535"
}