{
    "id": 368,
    "name": "529.wav",
    "original_rms": 0.042864490300416946,
    "original_duration": 27.648,
    "mfccs": [
        -301.6822509765625,
        105.73783111572266,
        -19.17388153076172,
        -3.4233171939849854,
        -13.707119941711426,
        -22.86418914794922,
        -18.54117774963379,
        -12.258502960205078,
        -12.64789867401123,
        -3.933741807937622,
        -7.5566887855529785,
        -11.43596076965332,
        -2.183668851852417
    ],
    "date_created": "2024-06-09T03:47:46.019885"
}