{
    "id": 641,
    "name": "493.wav",
    "original_rms": 0.13663698732852936,
    "original_duration": 6.08,
    "mfccs": [
        -254.691650390625,
        76.09709930419922,
        -32.619258880615234,
        21.760988235473633,
        -40.25306701660156,
        -28.010540008544922,
        -8.837632179260254,
        -21.09725570678711,
        0.19097279012203217,
        -9.240915298461914,
        -7.672532558441162,
        -3.257291078567505,
        -10.08087158203125
    ],
    "date_created": "2024-06-09T03:47:46.294224"
}