{
    "id": 811,
    "name": "71.wav",
    "original_rms": 0.05868354067206383,
    "original_duration": 5.248,
    "mfccs": [
        -237.90028381347656,
        116.27163696289062,
        1.7734246253967285,
        41.91191482543945,
        -2.12028431892395,
        8.394509315490723,
        3.203209400177002,
        4.9535322189331055,
        -0.18279621005058289,
        0.4197887182235718,
        1.339733362197876,
        -4.565158367156982,
        -1.9016144275665283
    ],
    "date_created": "2024-06-09T03:47:46.152665"
}