{
    "id": 398,
    "name": "1417.wav",
    "original_rms": 0.061184950172901154,
    "original_duration": 7.552,
    "mfccs": [
        -279.9573059082031,
        87.4028549194336,
        -14.240285873413086,
        41.465232849121094,
        -21.723115921020508,
        4.4503960609436035,
        -27.215415954589844,
        -2.426886558532715,
        -3.298774003982544,
        -12.647371292114258,
        -0.8123148679733276,
        -8.491111755371094,
        -0.03116554208099842
    ],
    "date_created": "2024-06-09T03:47:46.216329"
}