{
    "id": 412,
    "name": "1883.wav",
    "original_rms": 0.11226103454828262,
    "original_duration": 11.136,
    "mfccs": [
        -242.64785766601562,
        62.68517303466797,
        -7.349444389343262,
        16.16038703918457,
        -25.67300796508789,
        -11.14784049987793,
        -23.791608810424805,
        -7.231390953063965,
        -12.647665023803711,
        -6.508645534515381,
        -3.0523107051849365,
        -17.653759002685547,
        -0.36956727504730225
    ],
    "date_created": "2024-06-09T03:47:46.329080"
}