{
    "id": 51,
    "name": "1492.wav",
    "original_rms": 0.05415567383170128,
    "original_duration": 9.152,
    "mfccs": [
        -229.91366577148438,
        64.33590698242188,
        -26.4234676361084,
        1.1928576231002808,
        -7.1706976890563965,
        -2.684720993041992,
        -9.420506477355957,
        2.8152854442596436,
        -2.0006983280181885,
        3.886542558670044,
        -0.31598979234695435,
        3.319330930709839,
        9.288168907165527
    ],
    "date_created": "2024-06-09T03:47:46.060635"
}