{
    "id": 82,
    "name": "60.wav",
    "original_rms": 0.0462903194129467,
    "original_duration": 11.008,
    "mfccs": [
        -217.1845703125,
        81.11087799072266,
        -22.739356994628906,
        30.679040908813477,
        -2.6334729194641113,
        11.33244514465332,
        -9.035229682922363,
        -8.30181884765625,
        14.49773120880127,
        3.9355382919311523,
        -0.36466288566589355,
        6.819591045379639,
        -3.088970184326172
    ],
    "date_created": "2024-06-09T03:47:46.091506"
}