{
    "id": 30,
    "name": "1034.wav",
    "original_rms": 0.11671686172485352,
    "original_duration": 5.12,
    "mfccs": [
        -248.37046813964844,
        67.2519760131836,
        -7.04271125793457,
        14.595202445983887,
        -15.594827651977539,
        -11.960175514221191,
        -8.151836395263672,
        -16.581985473632812,
        2.917987585067749,
        -5.769299030303955,
        -9.622285842895508,
        6.475974082946777,
        -10.497333526611328
    ],
    "date_created": "2024-06-09T03:47:46.140450"
}