{
    "id": 664,
    "name": "1901.wav",
    "original_rms": 0.08041096478700638,
    "original_duration": 16.256,
    "mfccs": [
        -245.30303955078125,
        49.48099136352539,
        -5.5167036056518555,
        25.072277069091797,
        -22.493932723999023,
        -4.1222662925720215,
        -25.458223342895508,
        4.895186424255371,
        -12.085956573486328,
        0.4649721384048462,
        3.9874532222747803,
        -12.696817398071289,
        10.427854537963867
    ],
    "date_created": "2024-06-09T03:47:46.075370"
}