{
    "id": 500,
    "name": "393.wav",
    "original_rms": 0.044313181191682816,
    "original_duration": 5.248,
    "mfccs": [
        -216.9607391357422,
        66.65632629394531,
        1.7717137336730957,
        18.060932159423828,
        -11.146027565002441,
        -5.007349967956543,
        -8.68664264678955,
        -25.529504776000977,
        -7.73744010925293,
        -11.189047813415527,
        -8.13485050201416,
        -0.3492896556854248,
        -15.362030982971191
    ],
    "date_created": "2024-06-09T03:47:46.251803"
}