{
    "id": 250,
    "name": "1793.wav",
    "original_rms": 0.047512251883745193,
    "original_duration": 6.912,
    "mfccs": [
        -334.2582702636719,
        48.7321662902832,
        -23.089689254760742,
        -10.072894096374512,
        -20.034807205200195,
        -11.673765182495117,
        -13.91612720489502,
        -2.7992594242095947,
        -9.237483978271484,
        -6.915749549865723,
        -15.786499977111816,
        -15.044066429138184,
        -15.412439346313477
    ],
    "date_created": "2024-06-09T03:47:46.142312"
}