{
    "id": 135,
    "name": "280.wav",
    "original_rms": 0.052592936903238297,
    "original_duration": 9.984,
    "mfccs": [
        -273.2814025878906,
        48.12625503540039,
        -16.50828742980957,
        19.13448715209961,
        -23.360538482666016,
        -16.934860229492188,
        -29.522125244140625,
        -22.683429718017578,
        -7.597681045532227,
        -14.856717109680176,
        -13.026840209960938,
        -2.2914488315582275,
        -12.261894226074219
    ],
    "date_created": "2024-06-09T03:47:46.288920"
}