{
    "id": 860,
    "name": "2238.wav",
    "original_rms": 0.0520426407456398,
    "original_duration": 8.128,
    "mfccs": [
        -304.0711975097656,
        114.5970458984375,
        -14.737810134887695,
        29.257722854614258,
        -26.271583557128906,
        -10.126057624816895,
        -11.115360260009766,
        5.531352519989014,
        -7.480679512023926,
        -7.2454304695129395,
        -2.951815366744995,
        -2.548738956451416,
        -1.5702412128448486
    ],
    "date_created": "2024-06-09T03:47:46.049581"
}