{
    "id": 601,
    "name": "240.wav",
    "original_rms": 0.06265507638454437,
    "original_duration": 16.96,
    "mfccs": [
        -291.8819274902344,
        84.61734771728516,
        10.311019897460938,
        7.146967887878418,
        -39.060203552246094,
        -11.21121883392334,
        -13.715788841247559,
        -15.271921157836914,
        -4.856929779052734,
        -8.592957496643066,
        -5.013797760009766,
        -4.620764255523682,
        -1.9046862125396729
    ],
    "date_created": "2024-06-09T03:47:46.275943"
}