{
    "id": 802,
    "name": "522.wav",
    "original_rms": 0.08314822614192963,
    "original_duration": 13.12,
    "mfccs": [
        -283.716064453125,
        96.92579650878906,
        2.40836763381958,
        32.798213958740234,
        -3.7478253841400146,
        -14.018985748291016,
        -20.755939483642578,
        -9.11947250366211,
        -14.262929916381836,
        -11.900703430175781,
        -10.115909576416016,
        -4.323051929473877,
        -4.267759323120117
    ],
    "date_created": "2024-06-09T03:47:46.336065"
}