{
    "id": 113,
    "name": "675.wav",
    "original_rms": 0.045315515249967575,
    "original_duration": 10.944,
    "mfccs": [
        -307.4782409667969,
        91.97862243652344,
        6.577426910400391,
        4.037681579589844,
        -0.5334097146987915,
        -2.9601941108703613,
        -13.042280197143555,
        -2.327216863632202,
        -5.113863468170166,
        2.0823264122009277,
        -4.264044284820557,
        3.086575746536255,
        -8.495183944702148
    ],
    "date_created": "2024-06-09T03:47:46.068860"
}