{
    "id": 429,
    "name": "1834.wav",
    "original_rms": 0.266807496547699,
    "original_duration": 5.248,
    "mfccs": [
        -310.8798828125,
        120.78478240966797,
        -16.868370056152344,
        24.87565040588379,
        -15.758686065673828,
        -12.719188690185547,
        -16.505876541137695,
        -4.308769226074219,
        -5.099839687347412,
        -11.18112850189209,
        -4.509256839752197,
        -8.2346830368042,
        -6.479404926300049
    ],
    "date_created": "2024-06-09T03:47:46.250609"
}