{
    "id": 364,
    "name": "1678.wav",
    "original_rms": 0.04291317239403725,
    "original_duration": 34.368,
    "mfccs": [
        -311.4969787597656,
        113.8489761352539,
        -34.90984344482422,
        -13.884859085083008,
        -28.771169662475586,
        -34.6330680847168,
        -15.112119674682617,
        -13.904629707336426,
        -7.78431510925293,
        -18.78347396850586,
        -8.95563793182373,
        -15.746084213256836,
        -3.044207811355591
    ],
    "date_created": "2024-06-09T03:47:46.032926"
}