{
    "id": 32,
    "name": "1450.wav",
    "original_rms": 0.05612383037805557,
    "original_duration": 13.12,
    "mfccs": [
        -362.6469421386719,
        122.29026794433594,
        3.2637441158294678,
        14.953827857971191,
        -2.5795514583587646,
        -26.17936134338379,
        -5.319490432739258,
        -10.319908142089844,
        -5.896064281463623,
        -2.348051071166992,
        -1.832319736480713,
        -4.3563714027404785,
        -2.198258638381958
    ],
    "date_created": "2024-06-09T03:47:46.072576"
}