{
    "id": 848,
    "name": "524.wav",
    "original_rms": 0.045309290289878845,
    "original_duration": 8.32,
    "mfccs": [
        -191.697509765625,
        93.18421936035156,
        -31.127382278442383,
        32.504703521728516,
        -15.461929321289062,
        -3.702606678009033,
        -9.732054710388184,
        -11.402366638183594,
        3.334847927093506,
        -1.692406177520752,
        -3.9427754878997803,
        -1.2231652736663818,
        -6.717047214508057
    ],
    "date_created": "2024-06-09T03:47:46.296996"
}