{
    "id": 475,
    "name": "1090.wav",
    "original_rms": 0.16395020484924316,
    "original_duration": 5.632,
    "mfccs": [
        -242.50030517578125,
        107.30786895751953,
        -50.77070999145508,
        72.58714294433594,
        -29.19292640686035,
        33.65665054321289,
        -29.663410186767578,
        15.700087547302246,
        -6.340108394622803,
        4.321710586547852,
        0.7468220591545105,
        -13.479433059692383,
        6.766903400421143
    ],
    "date_created": "2024-06-09T03:47:45.986574"
}