{
    "id": 119,
    "name": "1149.wav",
    "original_rms": 0.041739676147699356,
    "original_duration": 5.12,
    "mfccs": [
        -250.46949768066406,
        48.461097717285156,
        -13.39616584777832,
        15.031691551208496,
        -17.49949836730957,
        -2.543642997741699,
        -8.667418479919434,
        2.006654977798462,
        -3.435515880584717,
        -14.198819160461426,
        3.498141288757324,
        -6.2979278564453125,
        0.227388396859169
    ],
    "date_created": "2024-06-09T03:47:46.251077"
}