{
    "id": 404,
    "name": "1428.wav",
    "original_rms": 0.046132925897836685,
    "original_duration": 5.696,
    "mfccs": [
        -256.8044738769531,
        116.55963897705078,
        -2.3655495643615723,
        40.11262893676758,
        14.390706062316895,
        3.0338375568389893,
        4.84656286239624,
        2.7227799892425537,
        -5.725367546081543,
        -1.206825852394104,
        -4.302013397216797,
        0.7433665990829468,
        0.555350661277771
    ],
    "date_created": "2024-06-09T03:47:46.239793"
}