{
    "id": 808,
    "name": "2061.wav",
    "original_rms": 0.06254684925079346,
    "original_duration": 5.376,
    "mfccs": [
        -318.6588134765625,
        113.65969848632812,
        -9.974105834960938,
        9.326662063598633,
        -1.9964743852615356,
        -1.665319800376892,
        -13.351422309875488,
        -1.7343229055404663,
        -7.009383678436279,
        -5.937995433807373,
        -3.106757402420044,
        -10.449518203735352,
        5.494926929473877
    ],
    "date_created": "2024-06-09T03:47:46.100687"
}