{
    "id": 402,
    "name": "574.wav",
    "original_rms": 0.09998790919780731,
    "original_duration": 6.208,
    "mfccs": [
        -312.8486633300781,
        105.96742248535156,
        -54.900333404541016,
        16.184722900390625,
        -13.626391410827637,
        -44.64301681518555,
        -10.920130729675293,
        -23.26848602294922,
        -2.9079387187957764,
        -16.124530792236328,
        -2.7680680751800537,
        -8.339597702026367,
        -1.4168931245803833
    ],
    "date_created": "2024-06-09T03:47:46.156867"
}