{
    "id": 548,
    "name": "2139.wav",
    "original_rms": 0.04181690886616707,
    "original_duration": 22.336,
    "mfccs": [
        -299.7895202636719,
        87.24116516113281,
        -14.92333984375,
        -12.518519401550293,
        -11.248051643371582,
        -21.131437301635742,
        -17.02118492126465,
        -0.05159171670675278,
        -11.937660217285156,
        1.474693775177002,
        0.9790612459182739,
        -7.496564865112305,
        2.0170176029205322
    ],
    "date_created": "2024-06-09T03:47:46.138372"
}