{
    "id": 834,
    "name": "321.wav",
    "original_rms": 0.041247595101594925,
    "original_duration": 5.504,
    "mfccs": [
        -300.206787109375,
        133.3094482421875,
        -33.994781494140625,
        -1.3542912006378174,
        -3.5939218997955322,
        -17.471147537231445,
        -16.819137573242188,
        -3.7524850368499756,
        -4.401890754699707,
        -3.7828571796417236,
        -6.621822357177734,
        -5.550782680511475,
        3.359862804412842
    ],
    "date_created": "2024-06-09T03:47:46.282088"
}