{
    "id": 309,
    "name": "1825.wav",
    "original_rms": 0.07814794778823853,
    "original_duration": 10.56,
    "mfccs": [
        -303.1437683105469,
        112.73360443115234,
        -46.33591842651367,
        6.285552024841309,
        -14.149418830871582,
        -22.062042236328125,
        -13.487100601196289,
        -13.493226051330566,
        -9.363975524902344,
        -8.848588943481445,
        -11.314111709594727,
        -11.389463424682617,
        -7.193994045257568
    ],
    "date_created": "2024-06-09T03:47:46.237744"
}