{
    "id": 806,
    "name": "1687.wav",
    "original_rms": 0.08940011262893677,
    "original_duration": 7.616,
    "mfccs": [
        -188.2070770263672,
        81.75493621826172,
        -1.5718196630477905,
        18.945974349975586,
        -4.611653804779053,
        -12.422607421875,
        -12.92274284362793,
        -9.788199424743652,
        -8.53661823272705,
        1.1174458265304565,
        -9.597431182861328,
        -1.693658709526062,
        -5.167036533355713
    ],
    "date_created": "2024-06-09T03:47:46.032620"
}