{
    "id": 514,
    "name": "1401.wav",
    "original_rms": 0.10574834793806076,
    "original_duration": 6.08,
    "mfccs": [
        -314.781494140625,
        106.4388656616211,
        -1.9444139003753662,
        25.370649337768555,
        -20.7437744140625,
        -4.3278303146362305,
        -22.14188575744629,
        5.349425315856934,
        9.096997261047363,
        -5.774046897888184,
        1.092128038406372,
        -2.4054160118103027,
        -1.7190786600112915
    ],
    "date_created": "2024-06-09T03:47:46.234214"
}