{
    "id": 232,
    "name": "490.wav",
    "original_rms": 0.06420250982046127,
    "original_duration": 6.4,
    "mfccs": [
        -292.1321105957031,
        80.07884979248047,
        -52.00822448730469,
        -4.144565582275391,
        -3.8639469146728516,
        -9.832100868225098,
        0.7156068086624146,
        -0.28881773352622986,
        -10.760984420776367,
        -0.6733952164649963,
        -8.025720596313477,
        -4.919074535369873,
        -4.0144453048706055
    ],
    "date_created": "2024-06-09T03:47:46.282607"
}