{
    "id": 247,
    "name": "260.wav",
    "original_rms": 0.054264914244413376,
    "original_duration": 5.568,
    "mfccs": [
        -314.1269836425781,
        100.9773941040039,
        -9.020734786987305,
        25.238216400146484,
        -9.768671035766602,
        -2.8411459922790527,
        -6.091611385345459,
        1.9649525880813599,
        -2.087792158126831,
        -2.911581039428711,
        4.268702507019043,
        -9.766014099121094,
        -4.765264987945557
    ],
    "date_created": "2024-06-09T03:47:45.980668"
}