{
    "id": 572,
    "name": "1940.wav",
    "original_rms": 0.0495002381503582,
    "original_duration": 6.656,
    "mfccs": [
        -357.0477600097656,
        152.6878662109375,
        -45.639530181884766,
        -4.167175769805908,
        -18.652448654174805,
        -28.135997772216797,
        -8.11300277709961,
        -18.248153686523438,
        -35.9453010559082,
        -19.653610229492188,
        -7.0637736320495605,
        -12.478522300720215,
        1.7891095876693726
    ],
    "date_created": "2024-06-09T03:47:46.256086"
}