{
    "id": 762,
    "name": "578.wav",
    "original_rms": 0.04276054725050926,
    "original_duration": 6.336,
    "mfccs": [
        -347.0958251953125,
        95.59754180908203,
        30.181379318237305,
        30.548545837402344,
        -6.736179828643799,
        0.9079078435897827,
        -13.482222557067871,
        -7.043023109436035,
        -11.722644805908203,
        -8.50241756439209,
        -6.654971599578857,
        -6.381402969360352,
        -4.371261119842529
    ],
    "date_created": "2024-06-09T03:47:46.219189"
}