{
    "id": 256,
    "name": "1760.wav",
    "original_rms": 0.05060283839702606,
    "original_duration": 5.248,
    "mfccs": [
        -349.91302490234375,
        88.22196197509766,
        14.969206809997559,
        -0.7747810482978821,
        -5.260135173797607,
        -16.280824661254883,
        -11.558119773864746,
        5.661171913146973,
        0.1250045746564865,
        -0.49294281005859375,
        -4.7244873046875,
        1.29666268825531,
        -0.2066364586353302
    ],
    "date_created": "2024-06-09T03:47:46.179537"
}