{
    "id": 557,
    "name": "1925.wav",
    "original_rms": 0.0775742381811142,
    "original_duration": 6.08,
    "mfccs": [
        -202.602783203125,
        44.67454528808594,
        -23.521968841552734,
        36.52180099487305,
        -49.44464874267578,
        5.548961639404297,
        -33.67982482910156,
        0.9671984910964966,
        -9.172134399414062,
        -5.837255001068115,
        1.511401653289795,
        -11.313417434692383,
        5.444624423980713
    ],
    "date_created": "2024-06-09T03:47:46.287783"
}