{
    "id": 202,
    "name": "1124.wav",
    "original_rms": 0.04130193591117859,
    "original_duration": 6.016,
    "mfccs": [
        -223.41107177734375,
        69.85842895507812,
        -27.328044891357422,
        4.670546531677246,
        -34.898902893066406,
        -19.817819595336914,
        -32.21772766113281,
        -11.03703498840332,
        -10.007047653198242,
        1.0582916736602783,
        -17.659757614135742,
        -6.418864727020264,
        -20.061603546142578
    ],
    "date_created": "2024-06-09T03:47:45.964381"
}