{
    "id": 758,
    "name": "1076.wav",
    "original_rms": 0.04588957875967026,
    "original_duration": 6.976,
    "mfccs": [
        -347.66143798828125,
        74.9862289428711,
        18.048023223876953,
        25.056350708007812,
        -2.5318968296051025,
        5.02738618850708,
        -16.00118637084961,
        -9.034363746643066,
        -6.134609222412109,
        -7.8177995681762695,
        -9.251564025878906,
        -8.642019271850586,
        0.3633236289024353
    ],
    "date_created": "2024-06-09T03:47:46.317144"
}