{
    "id": 581,
    "name": "2163.wav",
    "original_rms": 0.10227405279874802,
    "original_duration": 5.888,
    "mfccs": [
        -223.41854858398438,
        80.89054870605469,
        -42.870540618896484,
        22.25560188293457,
        -36.951271057128906,
        4.952301025390625,
        -8.328466415405273,
        3.1994452476501465,
        4.889796257019043,
        7.454586505889893,
        4.491973400115967,
        -1.8872098922729492,
        -1.0918495655059814
    ],
    "date_created": "2024-06-09T03:47:46.003532"
}