{
    "id": 323,
    "name": "519.wav",
    "original_rms": 0.06336021423339844,
    "original_duration": 19.072,
    "mfccs": [
        -255.8765411376953,
        59.66484451293945,
        5.604063034057617,
        8.549470901489258,
        -16.905128479003906,
        -25.94981575012207,
        -14.440768241882324,
        -6.113706588745117,
        -14.116129875183105,
        -3.8398332595825195,
        -10.872655868530273,
        -12.054255485534668,
        1.1253918409347534
    ],
    "date_created": "2024-06-09T03:47:46.289335"
}