{
    "id": 362,
    "name": "1443.wav",
    "original_rms": 0.07294144481420517,
    "original_duration": 5.376,
    "mfccs": [
        -260.0250244140625,
        108.68466186523438,
        -11.069960594177246,
        16.71050262451172,
        -11.895101547241211,
        9.367525100708008,
        -16.92341423034668,
        -2.808394432067871,
        -16.31309700012207,
        -8.905746459960938,
        -7.487765789031982,
        -6.737265586853027,
        0.0035589910112321377
    ],
    "date_created": "2024-06-09T03:47:45.994593"
}