{
    "id": 619,
    "name": "2153.wav",
    "original_rms": 0.13759896159172058,
    "original_duration": 10.368,
    "mfccs": [
        -185.35409545898438,
        96.70032501220703,
        -18.240177154541016,
        21.968889236450195,
        -6.734979152679443,
        -3.5639426708221436,
        -16.930421829223633,
        -2.049713611602783,
        -18.512269973754883,
        -5.587910175323486,
        -10.305506706237793,
        0.8088334202766418,
        -8.23263168334961
    ],
    "date_created": "2024-06-09T03:47:46.312704"
}