{
    "id": 375,
    "name": "982.wav",
    "original_rms": 0.04182695597410202,
    "original_duration": 12.544,
    "mfccs": [
        -272.7225036621094,
        114.57534790039062,
        -32.74934005737305,
        17.08140754699707,
        -25.513221740722656,
        -16.123319625854492,
        -13.360674858093262,
        -11.211421012878418,
        1.6796809434890747,
        -8.080695152282715,
        -1.039495587348938,
        -4.7556281089782715,
        1.4585161209106445
    ],
    "date_created": "2024-06-09T03:47:46.081602"
}