{
    "id": 158,
    "name": "645.wav",
    "original_rms": 0.11967481672763824,
    "original_duration": 6.464,
    "mfccs": [
        -270.38330078125,
        57.99382781982422,
        -24.53757667541504,
        3.755826711654663,
        -20.346527099609375,
        -21.020999908447266,
        -27.40099334716797,
        -16.40359878540039,
        -16.7459716796875,
        -13.501564025878906,
        -15.849604606628418,
        -8.64847469329834,
        -9.596222877502441
    ],
    "date_created": "2024-06-09T03:47:46.283155"
}