{
    "id": 796,
    "name": "1210.wav",
    "original_rms": 0.04755076766014099,
    "original_duration": 7.744,
    "mfccs": [
        -276.36480712890625,
        85.58201599121094,
        -22.161758422851562,
        9.176653861999512,
        -5.43412971496582,
        -11.243057250976562,
        -6.837185382843018,
        -0.04234401509165764,
        -2.0224449634552,
        -2.9647414684295654,
        -1.2877079248428345,
        -12.4230375289917,
        4.154382228851318
    ],
    "date_created": "2024-06-09T03:47:46.182158"
}