{
    "id": 789,
    "name": "2208.wav",
    "original_rms": 0.04555894061923027,
    "original_duration": 5.888,
    "mfccs": [
        -251.11572265625,
        102.94108581542969,
        -15.620123863220215,
        37.30021667480469,
        -2.5322039127349854,
        -4.756247043609619,
        1.6546776294708252,
        3.842677116394043,
        1.1317598819732666,
        7.824413299560547,
        1.258905053138733,
        -2.1571693420410156,
        -1.6892974376678467
    ],
    "date_created": "2024-06-09T03:47:46.298928"
}