{
    "id": 624,
    "name": "1173.wav",
    "original_rms": 0.09058862924575806,
    "original_duration": 5.888,
    "mfccs": [
        -184.65672302246094,
        68.16500091552734,
        -39.30882263183594,
        31.496309280395508,
        -21.242517471313477,
        12.530923843383789,
        -3.2700231075286865,
        5.614449977874756,
        7.713460445404053,
        -8.901317596435547,
        -0.7597192525863647,
        -5.465752124786377,
        -4.9144062995910645
    ],
    "date_created": "2024-06-09T03:47:46.204654"
}