{
    "id": 815,
    "name": "1425.wav",
    "original_rms": 0.05630781501531601,
    "original_duration": 10.24,
    "mfccs": [
        -256.35028076171875,
        46.898345947265625,
        -1.3141155242919922,
        3.3414053916931152,
        -33.73278045654297,
        -12.939353942871094,
        -24.121362686157227,
        -9.652403831481934,
        -16.204702377319336,
        -9.933389663696289,
        -17.97385597229004,
        -3.7705812454223633,
        -8.653164863586426
    ],
    "date_created": "2024-06-09T03:47:46.131965"
}