{
    "id": 522,
    "name": "55.wav",
    "original_rms": 0.12016575038433075,
    "original_duration": 5.056,
    "mfccs": [
        -324.41632080078125,
        130.8258056640625,
        -36.503448486328125,
        7.005285739898682,
        -2.729203224182129,
        -13.174873352050781,
        -5.866377353668213,
        -3.297963857650757,
        -6.313354969024658,
        -3.8941707611083984,
        -7.417901992797852,
        -5.792803764343262,
        -9.474695205688477
    ],
    "date_created": "2024-06-09T03:47:46.216829"
}