{
    "id": 743,
    "name": "1331.wav",
    "original_rms": 0.06677361577749252,
    "original_duration": 9.664,
    "mfccs": [
        -329.51336669921875,
        109.34342956542969,
        -43.12226486206055,
        10.916513442993164,
        -23.71946144104004,
        -14.511183738708496,
        -5.1401567459106445,
        -7.425210475921631,
        -0.39340919256210327,
        -5.504126071929932,
        -1.175238847732544,
        -11.48238468170166,
        9.63017463684082
    ],
    "date_created": "2024-06-09T03:47:45.995938"
}