{
    "id": 438,
    "name": "162.wav",
    "original_rms": 0.047827549278736115,
    "original_duration": 16.448,
    "mfccs": [
        -311.96112060546875,
        101.82625579833984,
        3.6460800170898438,
        20.34278678894043,
        -1.8452274799346924,
        5.494044780731201,
        -1.9452770948410034,
        -3.8846263885498047,
        4.650833606719971,
        6.322788715362549,
        11.35670280456543,
        -1.2284232378005981,
        10.384634017944336
    ],
    "date_created": "2024-06-09T03:47:46.108158"
}