{
    "id": 341,
    "name": "543.wav",
    "original_rms": 0.04645198956131935,
    "original_duration": 13.568,
    "mfccs": [
        -315.1599426269531,
        97.30548095703125,
        22.327957153320312,
        36.45974349975586,
        -17.44009017944336,
        -0.791110098361969,
        -9.020576477050781,
        -10.572391510009766,
        -3.481131076812744,
        -14.061885833740234,
        6.935823440551758,
        -6.778785228729248,
        -1.9047647714614868
    ],
    "date_created": "2024-06-09T03:47:46.246086"
}