{
    "id": 283,
    "name": "802.wav",
    "original_rms": 0.12388253211975098,
    "original_duration": 8.064,
    "mfccs": [
        -313.0999755859375,
        129.3719024658203,
        -43.92397689819336,
        26.16030502319336,
        -25.06039047241211,
        -1.555931568145752,
        -25.98456382751465,
        13.59183406829834,
        -13.29897403717041,
        12.453954696655273,
        -13.752307891845703,
        -8.272231101989746,
        -1.4214038848876953
    ],
    "date_created": "2024-06-09T03:47:46.239950"
}