{
    "id": 287,
    "name": "1165.wav",
    "original_rms": 0.10290313512086868,
    "original_duration": 16.384,
    "mfccs": [
        -313.74859619140625,
        91.09528350830078,
        -3.442772388458252,
        4.438462734222412,
        -18.74069595336914,
        -17.01535415649414,
        -21.570629119873047,
        -4.533247947692871,
        -11.080071449279785,
        -5.925509452819824,
        -1.5272448062896729,
        -8.938431739807129,
        1.061666488647461
    ],
    "date_created": "2024-06-09T03:47:46.235459"
}