{
    "id": 570,
    "name": "444.wav",
    "original_rms": 0.05963811278343201,
    "original_duration": 11.712,
    "mfccs": [
        -265.485107421875,
        100.84961700439453,
        -22.607589721679688,
        24.100513458251953,
        -11.269694328308105,
        4.163527011871338,
        -7.000171184539795,
        2.5186476707458496,
        0.9200317859649658,
        0.8730074167251587,
        -0.9267069101333618,
        -6.757230758666992,
        5.0284624099731445
    ],
    "date_created": "2024-06-09T03:47:46.293200"
}