{
    "id": 240,
    "name": "660.wav",
    "original_rms": 0.0561751127243042,
    "original_duration": 6.464,
    "mfccs": [
        -219.59034729003906,
        56.606689453125,
        -32.76545333862305,
        32.835594177246094,
        -32.41094207763672,
        18.428630828857422,
        -11.133268356323242,
        8.314154624938965,
        10.920681953430176,
        -3.7735342979431152,
        6.226518630981445,
        -8.801457405090332,
        13.565781593322754
    ],
    "date_created": "2024-06-09T03:47:46.061106"
}