{
    "id": 183,
    "name": "1522.wav",
    "original_rms": 0.04569320008158684,
    "original_duration": 6.272,
    "mfccs": [
        -263.48974609375,
        116.34638977050781,
        -22.124544143676758,
        1.986650824546814,
        4.334148406982422,
        -8.005602836608887,
        -0.7442994117736816,
        -2.635984420776367,
        -0.7436927556991577,
        6.793029308319092,
        0.7525185942649841,
        -7.297578811645508,
        1.5929858684539795
    ],
    "date_created": "2024-06-09T03:47:46.010740"
}