{
    "id": 583,
    "name": "1172.wav",
    "original_rms": 0.05873521789908409,
    "original_duration": 6.72,
    "mfccs": [
        -218.5796356201172,
        54.539024353027344,
        -26.424602508544922,
        17.33121681213379,
        -39.44509506225586,
        -11.977535247802734,
        -30.51654815673828,
        -4.291828632354736,
        -11.425826072692871,
        -6.998894214630127,
        -9.94931697845459,
        -8.594770431518555,
        -6.5499958992004395
    ],
    "date_created": "2024-06-09T03:47:46.192819"
}