{
    "id": 722,
    "name": "1936.wav",
    "original_rms": 0.06592414528131485,
    "original_duration": 24.384,
    "mfccs": [
        -266.5341796875,
        100.56147003173828,
        -36.56084442138672,
        42.637821197509766,
        -40.20086669921875,
        -1.8081715106964111,
        -12.475916862487793,
        -0.16837656497955322,
        5.167088031768799,
        -5.734712600708008,
        8.255786895751953,
        -3.520444869995117,
        4.719170093536377
    ],
    "date_created": "2024-06-09T03:47:46.304375"
}