{
    "id": 629,
    "name": "1979.wav",
    "original_rms": 0.07215981930494308,
    "original_duration": 5.504,
    "mfccs": [
        -310.04290771484375,
        98.02657318115234,
        20.277841567993164,
        13.223250389099121,
        -11.421195030212402,
        -6.154199123382568,
        -16.605966567993164,
        -0.5158461928367615,
        -12.661286354064941,
        -2.7855050563812256,
        -2.8429386615753174,
        -4.75966739654541,
        1.326526165008545
    ],
    "date_created": "2024-06-09T03:47:46.241911"
}