{
    "id": 218,
    "name": "2117.wav",
    "original_rms": 0.07615674287080765,
    "original_duration": 6.336,
    "mfccs": [
        -241.78453063964844,
        77.62430572509766,
        12.918890953063965,
        8.808643341064453,
        -6.867317199707031,
        -7.821220874786377,
        -17.6519775390625,
        3.4583988189697266,
        -18.37415313720703,
        5.777021884918213,
        -6.858108997344971,
        -6.4855732917785645,
        -5.391415596008301
    ],
    "date_created": "2024-06-09T03:47:46.091359"
}