{
    "id": 849,
    "name": "372.wav",
    "original_rms": 0.04131782054901123,
    "original_duration": 11.008,
    "mfccs": [
        -253.21116638183594,
        105.19452667236328,
        -10.511649131774902,
        16.803586959838867,
        -9.59434700012207,
        -12.3165864944458,
        2.282719850540161,
        3.4170081615448,
        6.061108112335205,
        -1.3920085430145264,
        -2.729280710220337,
        -11.243107795715332,
        0.10429216176271439
    ],
    "date_created": "2024-06-09T03:47:46.151521"
}