{
    "id": 657,
    "name": "1952.wav",
    "original_rms": 0.09343090653419495,
    "original_duration": 9.728,
    "mfccs": [
        -252.67861938476562,
        12.319314002990723,
        -0.6520900130271912,
        6.37771463394165,
        -27.274587631225586,
        -4.379849433898926,
        -12.360600471496582,
        -16.869029998779297,
        2.2304494380950928,
        -18.172515869140625,
        -4.6576738357543945,
        -11.23054027557373,
        -14.07795238494873
    ],
    "date_created": "2024-06-09T03:47:46.218904"
}