{
    "id": 454,
    "name": "2086.wav",
    "original_rms": 0.2317226678133011,
    "original_duration": 7.104,
    "mfccs": [
        -359.39910888671875,
        147.99285888671875,
        -28.13871192932129,
        26.380849838256836,
        -24.973115921020508,
        -9.661993026733398,
        -27.520004272460938,
        -9.568849563598633,
        -4.907477855682373,
        -3.174682140350342,
        -6.65453577041626,
        -13.42431354522705,
        -0.280250608921051
    ],
    "date_created": "2024-06-09T03:47:46.247363"
}