{
    "id": 373,
    "name": "347.wav",
    "original_rms": 0.04389670863747597,
    "original_duration": 12.224,
    "mfccs": [
        -230.21563720703125,
        45.43174743652344,
        -34.91943359375,
        13.094807624816895,
        -35.658203125,
        -16.507854461669922,
        -25.785789489746094,
        -20.77669334411621,
        0.7854344844818115,
        -15.946876525878906,
        -2.4201953411102295,
        -9.077826499938965,
        -0.4742017686367035
    ],
    "date_created": "2024-06-09T03:47:46.268193"
}