{
    "id": 168,
    "name": "1728.wav",
    "original_rms": 0.08421449363231659,
    "original_duration": 8.256,
    "mfccs": [
        -268.87420654296875,
        113.13311004638672,
        -6.9752702713012695,
        3.851440906524658,
        -3.7384557723999023,
        -5.413198471069336,
        -5.275915622711182,
        -4.251386642456055,
        -5.130669116973877,
        -1.0027538537979126,
        -4.077390193939209,
        -11.622005462646484,
        -4.924978256225586
    ],
    "date_created": "2024-06-09T03:47:46.288459"
}