{
    "id": 561,
    "name": "1913.wav",
    "original_rms": 0.07002080976963043,
    "original_duration": 8.704,
    "mfccs": [
        -204.43753051757812,
        44.46985626220703,
        -32.169677734375,
        17.34332847595215,
        -24.270414352416992,
        -11.658154487609863,
        -12.52294635772705,
        -5.6357879638671875,
        -4.8419036865234375,
        -4.410544395446777,
        -8.370166778564453,
        -5.808121681213379,
        -4.144246578216553
    ],
    "date_created": "2024-06-09T03:47:46.013031"
}