{
    "id": 80,
    "name": "937.wav",
    "original_rms": 0.09055738151073456,
    "original_duration": 18.624,
    "mfccs": [
        -282.7218017578125,
        106.60340118408203,
        -32.649227142333984,
        13.602709770202637,
        -18.256444931030273,
        -26.620512008666992,
        -7.416288375854492,
        -13.73929500579834,
        -3.412897825241089,
        -11.747796058654785,
        1.5602614879608154,
        -11.487029075622559,
        -1.9798694849014282
    ],
    "date_created": "2024-06-09T03:47:45.980167"
}