{
    "id": 582,
    "name": "824.wav",
    "original_rms": 0.10724831372499466,
    "original_duration": 5.632,
    "mfccs": [
        -214.48521423339844,
        64.09435272216797,
        -17.428003311157227,
        13.122148513793945,
        -13.188922882080078,
        4.517017364501953,
        -11.79440689086914,
        -2.882538318634033,
        -3.287447690963745,
        -4.558412075042725,
        -0.3493856191635132,
        -7.265780448913574,
        0.9044816493988037
    ],
    "date_created": "2024-06-09T03:47:46.146805"
}