{
    "id": 414,
    "name": "1692.wav",
    "original_rms": 0.2828163802623749,
    "original_duration": 5.696,
    "mfccs": [
        -196.0093231201172,
        103.94029998779297,
        -2.268829822540283,
        17.0836181640625,
        -19.110822677612305,
        5.918406963348389,
        -7.363951683044434,
        5.963188648223877,
        1.120882511138916,
        6.001623153686523,
        4.5187764167785645,
        5.3415327072143555,
        -1.352126955986023
    ],
    "date_created": "2024-06-09T03:47:46.033577"
}