{
    "id": 665,
    "name": "1754.wav",
    "original_rms": 0.08050596714019775,
    "original_duration": 16.832,
    "mfccs": [
        -288.4585266113281,
        92.4441909790039,
        -23.9378662109375,
        11.993616104125977,
        -17.631303787231445,
        -23.097980499267578,
        -24.871232986450195,
        8.510372161865234,
        -17.203323364257812,
        0.22997599840164185,
        -7.097720623016357,
        -10.181604385375977,
        -4.057645797729492
    ],
    "date_created": "2024-06-09T03:47:46.094133"
}