{
    "id": 254,
    "name": "1109.wav",
    "original_rms": 0.048409610986709595,
    "original_duration": 6.144,
    "mfccs": [
        -332.3416442871094,
        131.35935974121094,
        0.09639628231525421,
        -4.396971225738525,
        1.4480289220809937,
        -11.59559154510498,
        -21.33941650390625,
        8.765439987182617,
        -4.168159008026123,
        1.9390443563461304,
        -0.4910033345222473,
        -1.8345975875854492,
        -4.978757858276367
    ],
    "date_created": "2024-06-09T03:47:46.063773"
}