{
    "id": 718,
    "name": "466.wav",
    "original_rms": 0.05639896169304848,
    "original_duration": 5.12,
    "mfccs": [
        -301.8830871582031,
        112.85459899902344,
        -26.481977462768555,
        20.917049407958984,
        -16.75755500793457,
        -7.027750492095947,
        -20.309452056884766,
        -16.060054779052734,
        -3.6324968338012695,
        -13.603180885314941,
        -3.2775988578796387,
        1.2096291780471802,
        -9.514162063598633
    ],
    "date_created": "2024-06-09T03:47:45.969082"
}