{
    "id": 804,
    "name": "1673.wav",
    "original_rms": 0.07058844715356827,
    "original_duration": 6.784,
    "mfccs": [
        -246.23825073242188,
        101.7610855102539,
        -18.74215316772461,
        36.9132080078125,
        -4.430478096008301,
        -0.24392487108707428,
        -4.550499439239502,
        1.6242660284042358,
        -3.6595582962036133,
        1.0948258638381958,
        7.659328937530518,
        -3.508355140686035,
        0.4466875493526459
    ],
    "date_created": "2024-06-09T03:47:46.329493"
}