{
    "id": 651,
    "name": "1990.wav",
    "original_rms": 0.09073490649461746,
    "original_duration": 9.28,
    "mfccs": [
        -283.8946533203125,
        62.70418167114258,
        0.2891995310783386,
        8.127978324890137,
        -4.003552436828613,
        -11.756508827209473,
        -10.136687278747559,
        -16.38269805908203,
        -8.123259544372559,
        -18.951812744140625,
        -11.062956809997559,
        -12.389791488647461,
        -0.05013012886047363
    ],
    "date_created": "2024-06-09T03:47:46.167819"
}