{
    "id": 58,
    "name": "102.wav",
    "original_rms": 0.04973587021231651,
    "original_duration": 6.784,
    "mfccs": [
        -282.9057922363281,
        53.84713363647461,
        -5.771556377410889,
        16.48274803161621,
        -25.134262084960938,
        1.0738328695297241,
        -27.503122329711914,
        -4.81505012512207,
        -12.4547700881958,
        -16.35055160522461,
        -2.254206418991089,
        -12.439946174621582,
        0.5752259492874146
    ],
    "date_created": "2024-06-09T03:47:45.974994"
}