{
    "id": 843,
    "name": "2003.wav",
    "original_rms": 0.04018000513315201,
    "original_duration": 11.84,
    "mfccs": [
        -293.962890625,
        27.470151901245117,
        -45.20217514038086,
        -24.441314697265625,
        -29.11500358581543,
        -18.726329803466797,
        -26.63878631591797,
        -8.04194450378418,
        -17.055130004882812,
        -9.61694049835205,
        -7.497828483581543,
        -9.71460247039795,
        -12.641705513000488
    ],
    "date_created": "2024-06-09T03:47:46.012229"
}