{
    "id": 295,
    "name": "174.wav",
    "original_rms": 0.08787022531032562,
    "original_duration": 5.504,
    "mfccs": [
        -234.56300354003906,
        28.095199584960938,
        -34.213687896728516,
        -18.98381996154785,
        -22.221912384033203,
        -16.784748077392578,
        -32.52006149291992,
        -12.039974212646484,
        -24.006847381591797,
        -4.715813159942627,
        -12.649137496948242,
        -22.49372100830078,
        -6.5105109214782715
    ],
    "date_created": "2024-06-09T03:47:46.084741"
}