{
    "id": 176,
    "name": "819.wav",
    "original_rms": 0.08978193998336792,
    "original_duration": 6.72,
    "mfccs": [
        -270.00048828125,
        125.12158966064453,
        -5.901548385620117,
        32.246952056884766,
        2.374483823776245,
        -6.878382205963135,
        -9.194670677185059,
        -9.89755916595459,
        10.593850135803223,
        5.833939075469971,
        -0.8045899271965027,
        -1.8843939304351807,
        -6.101582050323486
    ],
    "date_created": "2024-06-09T03:47:46.154040"
}