{
    "id": 236,
    "name": "656.wav",
    "original_rms": 0.09158951044082642,
    "original_duration": 5.632,
    "mfccs": [
        -229.75697326660156,
        74.98443603515625,
        6.191170692443848,
        -36.32253646850586,
        -4.261558532714844,
        -14.968759536743164,
        -16.535663604736328,
        -4.553979396820068,
        -8.05972957611084,
        0.5615004897117615,
        -10.603853225708008,
        -10.440145492553711,
        -3.0572097301483154
    ],
    "date_created": "2024-06-09T03:47:46.305172"
}