{
    "id": 336,
    "name": "45.wav",
    "original_rms": 0.046670421957969666,
    "original_duration": 5.568,
    "mfccs": [
        -289.712890625,
        -10.896736145019531,
        -30.356868743896484,
        -12.988527297973633,
        -19.104984283447266,
        -41.20018768310547,
        -12.847738265991211,
        -9.000423431396484,
        -20.27941131591797,
        -13.507311820983887,
        -2.542053699493408,
        -10.844610214233398,
        -10.038424491882324
    ],
    "date_created": "2024-06-09T03:47:46.262943"
}