{
    "id": 155,
    "name": "1583.wav",
    "original_rms": 0.08014894276857376,
    "original_duration": 5.376,
    "mfccs": [
        -261.7964782714844,
        114.93138122558594,
        -2.77183198928833,
        -22.631336212158203,
        8.196741104125977,
        -26.499378204345703,
        -6.717647552490234,
        -0.07177942991256714,
        -6.586953163146973,
        1.209077000617981,
        -12.331575393676758,
        -9.097267150878906,
        -5.572902202606201
    ],
    "date_created": "2024-06-09T03:47:46.102474"
}