{
    "id": 772,
    "name": "786.wav",
    "original_rms": 0.05110042542219162,
    "original_duration": 5.888,
    "mfccs": [
        -247.41891479492188,
        79.23487091064453,
        -16.602577209472656,
        19.462554931640625,
        -23.52919578552246,
        -10.157282829284668,
        -3.2454450130462646,
        -11.050832748413086,
        6.287299633026123,
        -3.9804368019104004,
        3.4954323768615723,
        5.080963611602783,
        -1.795249581336975
    ],
    "date_created": "2024-06-09T03:47:46.241063"
}