{
    "id": 545,
    "name": "933.wav",
    "original_rms": 0.08651813864707947,
    "original_duration": 11.392,
    "mfccs": [
        -246.25808715820312,
        92.8931655883789,
        -16.879283905029297,
        33.35041046142578,
        -32.63786315917969,
        -14.031639099121094,
        -12.789710998535156,
        -7.587475299835205,
        -1.9011706113815308,
        -3.2010152339935303,
        -4.28179407119751,
        -8.600988388061523,
        -2.3458433151245117
    ],
    "date_created": "2024-06-09T03:47:46.052176"
}