{
    "id": 174,
    "name": "1989.wav",
    "original_rms": 0.0655975267291069,
    "original_duration": 7.104,
    "mfccs": [
        -328.928955078125,
        90.35964965820312,
        -28.558002471923828,
        5.907912731170654,
        -14.498152732849121,
        -25.193265914916992,
        0.18142689764499664,
        -18.70143699645996,
        -8.51374626159668,
        -5.731541633605957,
        -4.327022552490234,
        -7.1465840339660645,
        -8.687482833862305
    ],
    "date_created": "2024-06-09T03:47:46.166161"
}