{
    "id": 237,
    "name": "2186.wav",
    "original_rms": 0.056833717972040176,
    "original_duration": 13.376,
    "mfccs": [
        -211.24850463867188,
        54.6784553527832,
        -14.99034595489502,
        33.002357482910156,
        -32.54299545288086,
        -6.736464977264404,
        -28.25444793701172,
        2.020637035369873,
        -13.219779014587402,
        -4.5099897384643555,
        -0.5567047595977783,
        -9.184770584106445,
        1.4178810119628906
    ],
    "date_created": "2024-06-09T03:47:46.324603"
}