{
    "id": 102,
    "name": "2220.wav",
    "original_rms": 0.05356007441878319,
    "original_duration": 19.776,
    "mfccs": [
        -281.7078552246094,
        95.30879211425781,
        1.2425931692123413,
        9.381750106811523,
        -22.738595962524414,
        -13.555340766906738,
        -4.277191638946533,
        -4.976053714752197,
        0.9252339601516724,
        -2.4991729259490967,
        -2.9032649993896484,
        -4.659886837005615,
        -2.2866663932800293
    ],
    "date_created": "2024-06-09T03:47:46.301884"
}