{
    "id": 672,
    "name": "254.wav",
    "original_rms": 0.12957338988780975,
    "original_duration": 7.616,
    "mfccs": [
        -208.3397979736328,
        63.082218170166016,
        -37.352718353271484,
        7.624403476715088,
        -19.814743041992188,
        -11.887556076049805,
        -13.376504898071289,
        -10.610438346862793,
        -10.154473304748535,
        -7.512269020080566,
        -7.70289945602417,
        -10.008096694946289,
        -9.509780883789062
    ],
    "date_created": "2024-06-09T03:47:46.274710"
}