{
    "id": 347,
    "name": "1088.wav",
    "original_rms": 0.05975400283932686,
    "original_duration": 7.296,
    "mfccs": [
        -246.8075714111328,
        54.663516998291016,
        -10.366811752319336,
        20.197975158691406,
        -24.514944076538086,
        -17.92011833190918,
        -26.03803062438965,
        -8.253746032714844,
        -14.214871406555176,
        -6.145692825317383,
        -2.6760001182556152,
        -12.951911926269531,
        2.2767677307128906
    ],
    "date_created": "2024-06-09T03:47:46.304147"
}