{
    "id": 484,
    "name": "1656.wav",
    "original_rms": 0.05287843197584152,
    "original_duration": 5.248,
    "mfccs": [
        -295.7463684082031,
        61.869625091552734,
        21.78462791442871,
        35.44496154785156,
        -9.527556419372559,
        -0.46512266993522644,
        -18.653457641601562,
        -2.350782871246338,
        -12.711655616760254,
        -6.89268684387207,
        -5.575368881225586,
        -10.752887725830078,
        -1.8638166189193726
    ],
    "date_created": "2024-06-09T03:47:45.963556"
}