{
    "id": 6,
    "name": "61.wav",
    "original_rms": 0.05606189742684364,
    "original_duration": 15.04,
    "mfccs": [
        -262.3279724121094,
        97.8266830444336,
        1.488486886024475,
        20.82581901550293,
        -29.48229217529297,
        -7.259725093841553,
        -13.184442520141602,
        -0.11220107972621918,
        -12.941856384277344,
        9.212471008300781,
        -7.094611644744873,
        -3.7523550987243652,
        3.6037654876708984
    ],
    "date_created": "2024-06-09T03:47:46.082386"
}