{
    "id": 639,
    "name": "1194.wav",
    "original_rms": 0.057859376072883606,
    "original_duration": 13.184,
    "mfccs": [
        -288.1181640625,
        72.17092895507812,
        -15.521366119384766,
        18.04375648498535,
        -19.146581649780273,
        -3.744310140609741,
        -6.140466213226318,
        -7.882818698883057,
        -2.317253351211548,
        -14.506996154785156,
        2.4866228103637695,
        -8.935049057006836,
        -0.9188465476036072
    ],
    "date_created": "2024-06-09T03:47:46.152342"
}