{
    "id": 39,
    "name": "1691.wav",
    "original_rms": 0.07432039827108383,
    "original_duration": 5.888,
    "mfccs": [
        -334.7749328613281,
        80.99136352539062,
        -11.860114097595215,
        8.926044464111328,
        -42.41990280151367,
        -42.06476593017578,
        -26.083974838256836,
        -15.819146156311035,
        -28.473712921142578,
        -14.79430103302002,
        -13.220107078552246,
        -22.452226638793945,
        -0.9217327237129211
    ],
    "date_created": "2024-06-09T03:47:46.067183"
}