{
    "id": 813,
    "name": "1422.wav",
    "original_rms": 0.051230538636446,
    "original_duration": 5.952,
    "mfccs": [
        -297.9154968261719,
        142.65574645996094,
        -21.789043426513672,
        33.383277893066406,
        4.629128932952881,
        -3.0700955390930176,
        -8.313307762145996,
        -3.0165436267852783,
        -3.5931475162506104,
        -2.336425304412842,
        3.9089016914367676,
        0.9992533922195435,
        9.799707412719727
    ],
    "date_created": "2024-06-09T03:47:46.090402"
}