{
    "id": 750,
    "name": "1872.wav",
    "original_rms": 0.08528654277324677,
    "original_duration": 8.704,
    "mfccs": [
        -274.9728698730469,
        128.15170288085938,
        -29.06812286376953,
        13.401975631713867,
        -17.95977783203125,
        -14.244278907775879,
        -19.876314163208008,
        -14.993574142456055,
        -4.265041828155518,
        -12.084285736083984,
        0.6290057897567749,
        -9.018671035766602,
        -3.2751846313476562
    ],
    "date_created": "2024-06-09T03:47:45.999091"
}