{
    "id": 156,
    "name": "626.wav",
    "original_rms": 0.08509046584367752,
    "original_duration": 7.808,
    "mfccs": [
        -311.3446350097656,
        111.88970184326172,
        14.317217826843262,
        -1.639316439628601,
        -8.499608993530273,
        -9.091510772705078,
        -15.71972370147705,
        -3.275668144226074,
        -6.078271389007568,
        0.40388572216033936,
        -8.884916305541992,
        -4.553501605987549,
        -6.358656406402588
    ],
    "date_created": "2024-06-09T03:47:46.205612"
}