{
    "id": 140,
    "name": "1774.wav",
    "original_rms": 0.06176270544528961,
    "original_duration": 12.416,
    "mfccs": [
        -310.41845703125,
        71.91033172607422,
        -0.33344554901123047,
        15.843570709228516,
        -24.8692626953125,
        5.2910637855529785,
        -25.591114044189453,
        -30.074234008789062,
        -9.735984802246094,
        -4.061932563781738,
        -12.059908866882324,
        1.7630854845046997,
        -4.002791404724121
    ],
    "date_created": "2024-06-09T03:47:46.180012"
}