{
    "id": 614,
    "name": "641.wav",
    "original_rms": 0.0702676847577095,
    "original_duration": 13.696,
    "mfccs": [
        -295.86456298828125,
        88.76783752441406,
        -4.435673713684082,
        23.55644416809082,
        11.791985511779785,
        -10.731114387512207,
        -3.699017286300659,
        6.966454982757568,
        -6.620331764221191,
        -4.280309200286865,
        -5.4377641677856445,
        2.9020187854766846,
        -6.2882771492004395
    ],
    "date_created": "2024-06-09T03:47:46.323850"
}