{
    "id": 661,
    "name": "1390.wav",
    "original_rms": 0.0979621633887291,
    "original_duration": 8.0,
    "mfccs": [
        -272.85699462890625,
        71.94155883789062,
        -8.25757122039795,
        8.079516410827637,
        -9.103571891784668,
        -5.589259624481201,
        -11.780281066894531,
        4.272912502288818,
        -8.384739875793457,
        8.356581687927246,
        -3.996199607849121,
        -3.839555263519287,
        6.386134624481201
    ],
    "date_created": "2024-06-09T03:47:46.108315"
}