{
    "id": 2,
    "name": "2288.wav",
    "original_rms": 0.10048677027225494,
    "original_duration": 7.808,
    "mfccs": [
        -219.85629272460938,
        67.79663848876953,
        1.8966299295425415,
        43.28602600097656,
        10.515071868896484,
        0.9839924573898315,
        -9.848188400268555,
        -1.7474392652511597,
        4.389604091644287,
        -5.304349899291992,
        6.3959431648254395,
        -1.8387552499771118,
        4.926365375518799
    ],
    "date_created": "2024-06-09T03:47:46.099205"
}