{
    "id": 358,
    "name": "382.wav",
    "original_rms": 0.04517658054828644,
    "original_duration": 5.632,
    "mfccs": [
        -251.15380859375,
        83.51720428466797,
        26.112882614135742,
        19.686981201171875,
        5.421316623687744,
        -0.11201224476099014,
        8.00223159790039,
        1.8553941249847412,
        2.9101176261901855,
        -1.9112420082092285,
        -3.2722983360290527,
        -0.418852299451828,
        3.708829164505005
    ],
    "date_created": "2024-06-09T03:47:46.237944"
}