{
    "id": 676,
    "name": "606.wav",
    "original_rms": 0.06358519196510315,
    "original_duration": 6.016,
    "mfccs": [
        -304.4830627441406,
        106.89222717285156,
        -16.724754333496094,
        1.2563658952713013,
        -11.96591854095459,
        -10.975257873535156,
        1.0496041774749756,
        -1.6644184589385986,
        13.23437786102295,
        2.340639591217041,
        9.942212104797363,
        -0.6102167367935181,
        7.600202560424805
    ],
    "date_created": "2024-06-09T03:47:46.084003"
}