{
    "id": 219,
    "name": "1130.wav",
    "original_rms": 0.07437862455844879,
    "original_duration": 12.736,
    "mfccs": [
        -268.7525329589844,
        119.84073638916016,
        -24.156097412109375,
        23.942358016967773,
        -21.352628707885742,
        5.639934062957764,
        -14.396573066711426,
        9.838813781738281,
        -6.102514743804932,
        -2.7844960689544678,
        -1.659189224243164,
        -10.898202896118164,
        3.330397367477417
    ],
    "date_created": "2024-06-09T03:47:45.964689"
}