{
    "id": 740,
    "name": "1900.wav",
    "original_rms": 0.05565609410405159,
    "original_duration": 37.504,
    "mfccs": [
        -220.41619873046875,
        41.76750946044922,
        -8.836040496826172,
        21.691959381103516,
        -23.555438995361328,
        -20.61138916015625,
        -14.840243339538574,
        -10.518280982971191,
        -15.014309883117676,
        -2.949610471725464,
        0.6707857251167297,
        -7.513308048248291,
        -0.28966572880744934
    ],
    "date_created": "2024-06-09T03:47:46.051539"
}