{
    "id": 248,
    "name": "1131.wav",
    "original_rms": 0.12007758021354675,
    "original_duration": 10.496,
    "mfccs": [
        -279.1960144042969,
        97.0943832397461,
        6.721388816833496,
        21.04830551147461,
        -14.8042631149292,
        -0.3468974530696869,
        -10.36614990234375,
        -2.784134864807129,
        -2.30084490776062,
        0.7536343336105347,
        5.000025749206543,
        0.4452943801879883,
        8.75797176361084
    ],
    "date_created": "2024-06-09T03:47:45.972062"
}