{
    "id": 306,
    "name": "1480.wav",
    "original_rms": 0.13615265488624573,
    "original_duration": 7.616,
    "mfccs": [
        -270.0079040527344,
        111.45516204833984,
        30.97903823852539,
        25.419401168823242,
        -1.4152230024337769,
        1.7252578735351562,
        -15.31884765625,
        -5.639019012451172,
        -6.5526862144470215,
        -10.50633716583252,
        -2.073190450668335,
        -3.3870694637298584,
        -1.778982400894165
    ],
    "date_created": "2024-06-09T03:47:45.997411"
}