{
    "id": 335,
    "name": "1278.wav",
    "original_rms": 0.04924576357007027,
    "original_duration": 6.848,
    "mfccs": [
        -237.47940063476562,
        80.326171875,
        -6.178371906280518,
        7.192794322967529,
        -7.481998920440674,
        -1.5223134756088257,
        -5.889644622802734,
        0.5056492686271667,
        -4.780666828155518,
        2.134162187576294,
        -1.5241198539733887,
        -1.7308831214904785,
        -5.732789516448975
    ],
    "date_created": "2024-06-09T03:47:46.011345"
}