{
    "id": 54,
    "name": "161.wav",
    "original_rms": 0.13525234162807465,
    "original_duration": 6.336,
    "mfccs": [
        -195.93789672851562,
        94.06830596923828,
        -18.973352432250977,
        17.992311477661133,
        -20.036802291870117,
        -5.7687859535217285,
        -17.293550491333008,
        -4.928342342376709,
        -8.745617866516113,
        0.7922608852386475,
        -3.1848347187042236,
        -5.430675506591797,
        -3.5125892162323
    ],
    "date_created": "2024-06-09T03:47:46.088946"
}