{
    "id": 706,
    "name": "665.wav",
    "original_rms": 0.06028934195637703,
    "original_duration": 5.056,
    "mfccs": [
        -275.9230041503906,
        74.37653350830078,
        -4.616666793823242,
        34.201969146728516,
        5.705131530761719,
        -12.719995498657227,
        -6.558570384979248,
        -25.957706451416016,
        -1.2799700498580933,
        -19.09799575805664,
        -14.955398559570312,
        4.652120590209961,
        -5.339649200439453
    ],
    "date_created": "2024-06-09T03:47:45.960488"
}