{
    "id": 538,
    "name": "792.wav",
    "original_rms": 0.06282518059015274,
    "original_duration": 10.176,
    "mfccs": [
        -242.4517364501953,
        62.61152648925781,
        -22.899730682373047,
        18.985240936279297,
        -16.99454116821289,
        -16.329530715942383,
        -16.658008575439453,
        -1.7641490697860718,
        1.3168214559555054,
        -4.464441299438477,
        4.143239498138428,
        -9.511270523071289,
        -0.4220157861709595
    ],
    "date_created": "2024-06-09T03:47:46.240873"
}