{
    "id": 77,
    "name": "1854.wav",
    "original_rms": 0.11623488366603851,
    "original_duration": 6.528,
    "mfccs": [
        -249.3347930908203,
        105.0631332397461,
        5.883291244506836,
        2.906085252761841,
        -6.984986305236816,
        -11.427652359008789,
        -7.646266460418701,
        -16.529468536376953,
        -17.135211944580078,
        -8.674284934997559,
        -11.67980670928955,
        -4.148317337036133,
        -6.785593032836914
    ],
    "date_created": "2024-06-09T03:47:46.327620"
}