{
    "id": 662,
    "name": "663.wav",
    "original_rms": 0.07552880048751831,
    "original_duration": 5.312,
    "mfccs": [
        -193.81178283691406,
        41.12130355834961,
        -21.564699172973633,
        -25.559398651123047,
        -13.077658653259277,
        -19.177339553833008,
        -10.725869178771973,
        -11.123458862304688,
        -4.664804935455322,
        -9.494441032409668,
        -2.3773672580718994,
        -4.730334281921387,
        -7.075039863586426
    ],
    "date_created": "2024-06-09T03:47:46.031313"
}