{
    "id": 150,
    "name": "880.wav",
    "original_rms": 0.04612201452255249,
    "original_duration": 6.208,
    "mfccs": [
        -323.7950439453125,
        98.52410888671875,
        -0.5302252173423767,
        -14.593579292297363,
        -1.7749757766723633,
        -23.79727554321289,
        -11.109135627746582,
        0.6376882791519165,
        -14.651132583618164,
        -1.836376428604126,
        -9.111035346984863,
        -14.856950759887695,
        -1.5618476867675781
    ],
    "date_created": "2024-06-09T03:47:45.975333"
}