{
    "id": 800,
    "name": "3.wav",
    "original_rms": 0.07964985817670822,
    "original_duration": 27.136,
    "mfccs": [
        -233.04083251953125,
        73.56781005859375,
        9.448984146118164,
        30.556991577148438,
        -20.397045135498047,
        1.0652810335159302,
        -5.870798587799072,
        -4.040456295013428,
        0.951916515827179,
        -3.6842997074127197,
        3.8988900184631348,
        -10.729559898376465,
        -0.6618211269378662
    ],
    "date_created": "2024-06-09T03:47:46.263629"
}