{
    "id": 519,
    "name": "591.wav",
    "original_rms": 0.14070889353752136,
    "original_duration": 8.704,
    "mfccs": [
        -257.8357238769531,
        88.53671264648438,
        -32.507389068603516,
        -16.08800506591797,
        -25.666473388671875,
        -26.840227127075195,
        -25.06479835510254,
        -0.9355578422546387,
        -14.092874526977539,
        -3.0411224365234375,
        -16.163869857788086,
        -12.310675621032715,
        -9.64377212524414
    ],
    "date_created": "2024-06-09T03:47:46.221637"
}