{
    "id": 46,
    "name": "1461.wav",
    "original_rms": 0.11082194000482559,
    "original_duration": 6.528,
    "mfccs": [
        -254.09860229492188,
        77.86336517333984,
        2.7804853916168213,
        28.232812881469727,
        -40.03828430175781,
        -11.466947555541992,
        -11.281765937805176,
        -30.24381446838379,
        -5.080021381378174,
        0.9192125797271729,
        -6.78858757019043,
        -19.53778648376465,
        -0.1635194569826126
    ],
    "date_created": "2024-06-09T03:47:46.278468"
}