{
    "id": 555,
    "name": "283.wav",
    "original_rms": 0.08457093685865402,
    "original_duration": 6.208,
    "mfccs": [
        -226.4131622314453,
        66.12680053710938,
        -17.990493774414062,
        12.498024940490723,
        -5.547671794891357,
        -3.189645528793335,
        -8.687990188598633,
        -4.150640964508057,
        -7.677762985229492,
        -4.66296911239624,
        1.2001103162765503,
        1.9488407373428345,
        -5.080966949462891
    ],
    "date_created": "2024-06-09T03:47:46.274537"
}