{
    "id": 733,
    "name": "1938.wav",
    "original_rms": 0.10168376564979553,
    "original_duration": 6.272,
    "mfccs": [
        -312.1737060546875,
        72.62084197998047,
        2.804133892059326,
        17.429203033447266,
        2.224893808364868,
        -23.597606658935547,
        -6.321615695953369,
        5.4042558670043945,
        -9.88006591796875,
        2.6338841915130615,
        -3.9193246364593506,
        -6.164682388305664,
        2.1023590564727783
    ],
    "date_created": "2024-06-09T03:47:45.981337"
}