{
    "id": 444,
    "name": "1039.wav",
    "original_rms": 0.09196077287197113,
    "original_duration": 11.776,
    "mfccs": [
        -226.80801391601562,
        87.52487182617188,
        9.266507148742676,
        16.10134506225586,
        -19.56974983215332,
        2.214137077331543,
        -23.64171600341797,
        -6.806576251983643,
        -11.385159492492676,
        2.33797550201416,
        -13.154520988464355,
        -1.7650399208068848,
        -3.395644187927246
    ],
    "date_created": "2024-06-09T03:47:46.220966"
}