{
    "id": 537,
    "name": "1408.wav",
    "original_rms": 0.04620686173439026,
    "original_duration": 5.248,
    "mfccs": [
        -193.80911254882812,
        80.44046020507812,
        -7.418590068817139,
        12.971341133117676,
        -0.1915959268808365,
        -3.9384765625,
        -19.654300689697266,
        2.649322032928467,
        -9.784582138061523,
        4.255337715148926,
        -0.6923720836639404,
        -4.860616683959961,
        -0.35573282837867737
    ],
    "date_created": "2024-06-09T03:47:46.103472"
}