{
    "id": 801,
    "name": "374.wav",
    "original_rms": 0.1204797774553299,
    "original_duration": 5.312,
    "mfccs": [
        -245.2761688232422,
        70.66266632080078,
        -7.6314473152160645,
        17.05508804321289,
        -17.151416778564453,
        -3.781595230102539,
        -7.772257328033447,
        -8.409192085266113,
        2.669494152069092,
        -2.6483211517333984,
        -2.318654775619507,
        1.8471856117248535,
        -7.624314308166504
    ],
    "date_created": "2024-06-09T03:47:46.107570"
}