{
    "id": 385,
    "name": "121.wav",
    "original_rms": 0.0535752959549427,
    "original_duration": 11.328,
    "mfccs": [
        -211.92901611328125,
        51.37006759643555,
        -7.439566612243652,
        19.893943786621094,
        -7.223932266235352,
        -6.861167907714844,
        -6.514502048492432,
        -11.270973205566406,
        -13.143019676208496,
        -7.429200649261475,
        -5.677404880523682,
        -4.105408668518066,
        -7.561068534851074
    ],
    "date_created": "2024-06-09T03:47:46.291173"
}