{
    "id": 603,
    "name": "416.wav",
    "original_rms": 0.054248541593551636,
    "original_duration": 8.832,
    "mfccs": [
        -297.7550354003906,
        123.37799835205078,
        -9.19904613494873,
        35.87077331542969,
        -2.6906514167785645,
        0.9702502489089966,
        -5.308475494384766,
        -9.48775577545166,
        11.517449378967285,
        -9.170833587646484,
        -1.5258116722106934,
        -0.7337630987167358,
        -1.5759152173995972
    ],
    "date_created": "2024-06-09T03:47:46.134053"
}