{
    "id": 491,
    "name": "1669.wav",
    "original_rms": 0.09398603439331055,
    "original_duration": 5.824,
    "mfccs": [
        -273.9512939453125,
        88.09452819824219,
        -8.946422576904297,
        28.37612533569336,
        -2.1776998043060303,
        -4.3651323318481445,
        -2.568401336669922,
        4.040646076202393,
        -1.0240458250045776,
        9.885004997253418,
        -10.220404624938965,
        -2.388218879699707,
        4.810450553894043
    ],
    "date_created": "2024-06-09T03:47:45.998496"
}