{
    "id": 445,
    "name": "303.wav",
    "original_rms": 0.09820771962404251,
    "original_duration": 6.592,
    "mfccs": [
        -242.75611877441406,
        107.822998046875,
        -25.849876403808594,
        12.388533592224121,
        -21.352039337158203,
        -16.310195922851562,
        -12.597982406616211,
        -12.656113624572754,
        -10.913228988647461,
        -3.562882423400879,
        -8.50546932220459,
        -13.641068458557129,
        -0.3796970248222351
    ],
    "date_created": "2024-06-09T03:47:46.000020"
}