{
    "id": 255,
    "name": "258.wav",
    "original_rms": 0.07826486974954605,
    "original_duration": 5.76,
    "mfccs": [
        -284.4969787597656,
        92.29791259765625,
        -5.337860584259033,
        -1.6275230646133423,
        -9.276917457580566,
        -15.178163528442383,
        -11.077558517456055,
        11.023003578186035,
        -13.701842308044434,
        -0.06887822598218918,
        -8.431445121765137,
        -12.613073348999023,
        0.28675171732902527
    ],
    "date_created": "2024-06-09T03:47:46.051042"
}