{
    "id": 516,
    "name": "2270.wav",
    "original_rms": 0.051206182688474655,
    "original_duration": 6.336,
    "mfccs": [
        -316.4910888671875,
        113.22779083251953,
        -13.183820724487305,
        -13.824756622314453,
        -14.90066146850586,
        -12.544964790344238,
        -16.6524600982666,
        -15.460464477539062,
        0.9507650136947632,
        -0.397893488407135,
        -4.436648845672607,
        -5.872127056121826,
        1.1215256452560425
    ],
    "date_created": "2024-06-09T03:47:46.157005"
}