{
    "id": 383,
    "name": "313.wav",
    "original_rms": 0.12798649072647095,
    "original_duration": 6.656,
    "mfccs": [
        -271.2105407714844,
        99.97590637207031,
        1.995567798614502,
        35.04767608642578,
        -13.712959289550781,
        -1.7678142786026,
        -17.089244842529297,
        0.7162936925888062,
        -13.399971008300781,
        -4.6621575355529785,
        -14.008269309997559,
        -3.164358615875244,
        -4.629261016845703
    ],
    "date_created": "2024-06-09T03:47:46.032504"
}