{
    "id": 523,
    "name": "1250.wav",
    "original_rms": 0.042822252959012985,
    "original_duration": 20.736,
    "mfccs": [
        -274.59100341796875,
        50.59983825683594,
        -10.549175262451172,
        0.3900243639945984,
        -31.144590377807617,
        -26.769575119018555,
        -16.748228073120117,
        -8.915670394897461,
        -13.336071014404297,
        -5.427143096923828,
        -12.702008247375488,
        -10.28127670288086,
        -4.793146133422852
    ],
    "date_created": "2024-06-09T03:47:46.011046"
}