{
    "id": 550,
    "name": "1126.wav",
    "original_rms": 0.04575765132904053,
    "original_duration": 6.272,
    "mfccs": [
        -300.5664367675781,
        162.64295959472656,
        -0.7182163596153259,
        30.724485397338867,
        -3.0144195556640625,
        3.941256284713745,
        6.6602091789245605,
        4.360162734985352,
        8.23940372467041,
        11.73108959197998,
        6.758366107940674,
        6.150163650512695,
        9.271642684936523
    ],
    "date_created": "2024-06-09T03:47:46.001479"
}