{
    "id": 655,
    "name": "2176.wav",
    "original_rms": 0.09744589030742645,
    "original_duration": 8.768,
    "mfccs": [
        -261.08831787109375,
        84.0050048828125,
        -13.069334030151367,
        16.59446144104004,
        -5.073348045349121,
        -7.809079647064209,
        -5.231827259063721,
        -5.429931640625,
        -11.687005043029785,
        -7.826908111572266,
        -7.649177551269531,
        -6.928606033325195,
        -7.905402660369873
    ],
    "date_created": "2024-06-09T03:47:45.992588"
}